X,Y,Z
-484.1211967360073,580.8735916193068,1071.6271795406212
-501.8912406451109,609.4709980644218,1104.0959697843487
-530.5591520788907,629.4599013617571,624.885482820466
-539.8441185499473,587.6775682801675,626.8748452659182
-547.7031721372475,598.9886489624619,537.7301836438876
-492.7734343521074,524.7249817077746,754.2006551619444
-496.31415322586054,948.0120185030007,1593.465514444701
-500.4926766878957,647.2686278461815,847.8907633982417
-494.21953391894067,581.6744533226379,848.1956
-494.22895063900614,581.6741160284967,794.6298
-490.9855376347823,505.4161660562143,839.7059523699749
-525.2425256271536,563.2809257427127,582.9143555721859
-496.11183497628826,910.3587138530263,1352.4361924205896
-523.435620056021,560.1876929471035,813.3936343570248
-495.08555394834593,542.9875388583607,944.5065399064691
-510.3077835698134,667.8952069778352,1043.4360619810375
-524.408739296098,661.4933190709676,721.7994851617193
-452.40740221162787,502.6952969775981,1208.3482540334624
-494.22980190179715,581.6662144301058,655.8756
-485.29110479511746,500.06650902977026,957.2057010991505
-494.16664569107115,582.8252410318399,938.6351893065238
-258.4750892582515,507.0444521580125,1190.267113882007
-551.5445719736767,698.9080902507152,944.182206891698
-490.76017729179694,532.7669897300289,960.230121278557
-493.74216246849437,592.0302136020697,1256.1357135581557
-491.0540288071693,621.5068686247434,1006.9017990726835
-493.10861451268875,564.4522547124379,525.7463289996341
-527.770132496033,583.6570196577826,843.9568797050962
-495.001387914881,598.4657532893618,1171.7618009586872
-500.5568142298098,584.2481129765356,537.5428775128551
-490.351193692004,648.6013501242962,1199.8431418960647
-480.88401994531887,477.11959068945134,491.2531567095253
-513.049952975125,609.378331332117,843.8870346527174
-508.93412075541755,581.5494033847094,716.8379912911226
-494.5866694034721,558.2287757181964,549.0093135180555
-562.8366873034988,630.8777092183063,660.5535232272584
-494.21663545644424,581.6866930682518,642.912
-490.54439868687564,761.813543128462,1227.9130794090968
-494.225361247137,581.6754794421265,914.8220000000006
-474.8146521939193,590.502168934303,1121.7031913964918
-490.34814764563976,771.1142121595142,1330.0340426131254
-494.0335185655099,601.8598798493874,935.3085446766345
-512.9782445029721,537.7350913209789,433.38747952644974
-494.2376429382389,581.6687684953989,1066.39312
-494.2260389967437,581.6600239185443,995.2264
-528.2903103589304,573.3066003230294,1006.7633160042051
-476.99771004751346,636.4580694840438,1591.1229490265926
-555.7377207936868,527.021943669055,656.1396446098726
-542.22851093804,533.3269444700645,689.8002760746255
-494.2169858990528,581.673289847764,1087.3996000000002
1850.3378073016574,748.078597310257,-849.9276916885465
-493.070809429918,563.8812752694548,568.1535425204793
-523.2019418373466,635.1892706662402,630.7295414127683
-458.351145197435,564.2364096183662,885.6952728660094
-497.7905578723926,445.32158100460236,852.7369878179562
-490.5643125666227,760.2696179646825,1210.8925117714712
-494.4546648464011,572.3890289825888,1074.1001316736474
-490.61936274832533,530.7320291343194,1031.3077799154282
-508.5980843869793,636.8500222011053,1092.5534467980613
-472.8905356995506,508.3765827548317,790.7935748765375
-542.4197702432141,534.1154371211304,599.7014727484798
-536.2095115274496,587.1851683380033,516.7165405366939
-550.2393855270825,696.2665228297575,905.7911372024253
-494.2166336100581,581.6757777026338,1307.983
-495.81439961510887,603.3586441063065,728.9630058687491
-494.317845392,574.6902644944394,638.2443037675098
-469.1587319080513,545.677709576467,993.0091641278207
-494.21853138233155,581.6851890008434,969.7217600000009
-493.99698253365204,572.4989206698126,670.9791241401715
-495.90605060815733,581.9826086749881,1052.0313104442484
-492.666804899844,559.9760214179701,1310.3031134611558
-489.7346239541632,556.549310082034,784.5375271729595
-494.215876590119,581.6710808154147,933.4554
-497.7093364131538,448.4221224394094,816.142347100445
-494.2230057004008,581.6719464481399,878.9476
-494.99737310318915,495.5178036136549,767.0566299976995
-508.1620298159248,581.6598320091048,1024.7235561817774
-538.3852560908445,527.4084872742471,949.9944489755219
-476.28216406125875,581.2911882233459,1044.7074309675545
-517.1426889617096,726.1474417258901,839.6404313880676
-485.0245399263731,588.9542512619755,890.8470037717088
-508.52281793940983,488.4109321959828,928.3578912189669
-514.7286815171556,572.0618414709215,849.6182251831066
-492.59318409525304,637.3469999235181,1075.7260626789714
-494.2363955132662,581.68715868338,1272.386
-495.25544131040806,552.9968886842071,692.3652677090968
-495.4001036837558,548.7829673330411,925.0164669367202
-468.6377602631892,475.1356512500697,841.6691350632864
-494.0103029340007,574.6254458567421,687.1067689470289
-492.11410167039276,671.79072374711,1045.1846269409334
-494.2303233691773,581.670091982215,1167.7996
-495.0351417435945,621.0859713030966,860.8017448026287
-494.2313895523084,581.6863001635954,858.1650000000001
-552.9041196839703,585.4951351798123,866.3563596368551
-545.9969357174923,712.7076017397568,1305.3537495100513
-504.9575499246139,591.5054034366801,725.3196414649095
885.2820129324664,592.5786842591958,-760.3335805754487
-449.72410516678246,424.5352979264944,1060.4243620235743
-514.7914541549117,533.5105449748244,547.6109342278146
-492.71266047134486,567.4496587648787,896.8095866325841
-506.45321397743646,542.4547108940783,838.6430945207949
-489.7931193925642,694.4793865026825,869.1518184116901
-542.4626439317158,582.2681355489005,855.9452779451692
-494.216855943836,581.323182620728,1011.2884620794284
-449.16916166510555,422.5728567279066,1082.983111639514
-492.792654826809,525.4760807588572,734.3020544122201
-494.5301786300197,567.1507232645656,873.6324258038484
-508.7048525553698,535.2298212434948,1131.7229705047516
-494.4633919899311,557.7136403099169,824.2225465531205
-494.2326181135502,581.675798544575,1016.50626
-483.6085536192945,580.8331252878716,1165.8753215697686
-285.6602998292533,675.972124484,2168.690065128484
-495.5057854794363,590.6155448979375,1147.7296695576513
-475.6022961397066,582.2606426204067,965.2232394440597
-494.2167305389901,581.6784135872215,1067.9788000000008
-549.5007659007015,600.3191353416843,551.4241027602154
847.8552020640782,605.1735709105444,-773.4470491644843
-482.96488155624206,557.1533321876373,964.6605683127783
-505.3102521907849,733.9478275381846,1814.8187217909804
-515.4130131590478,645.6767523158164,756.0759666057716
-561.2736043636537,594.3231979043376,290.1720354843144
-491.7111974806221,584.5317917538885,1261.3706982755748
-500.52581314291297,579.7254149917194,732.7754664800239
-494.81217309341946,590.877887266746,1098.3041948983705
-484.0139079572705,591.0948969720073,1264.0408751268192
-528.1297992315856,561.5728815493592,707.7628932621121
-494.2366602262164,581.6758518261863,840.4880000000011
-476.4450737567472,638.1967946864513,1665.4178267429747
-506.96602615825805,646.7574846149881,971.1433794313685
-494.22238257477125,581.6678784093856,713.37
-495.4589007110185,546.7024618789972,1031.8097540291367
-560.6191486212215,522.6745472486049,768.1165434763569
-523.5465262824437,588.8379403111674,824.9559330967945
-494.24148676261257,581.6676545322738,1008.1068
-495.8873264518006,604.527882099129,809.2327163734986
-529.6167212749992,582.2450872405456,892.2927808640359
-492.49112377283245,617.5060543973432,1102.2988583177105
-482.5042911738269,581.086304206207,816.6223616039496
-495.48013018615984,590.5199617968783,1128.423464466438
-494.85368614638037,566.5381452673313,725.5131443388036
-526.4409603592658,583.0590998809145,1160.2409502640028
-494.22144764267523,581.669813726134,1151.0692000000001
-494.2061038287479,581.6807916645862,763.0210000000001
-496.06881220099467,582.6279163421441,1220.5398751342427
-493.0059895416782,562.7306771674178,652.9678375709793
-508.7888096747288,606.8329015915965,1334.2114996551472
-494.234537577483,581.6721151141078,1025.843
-507.6262516973087,577.2866140793053,1202.9011792773551
-528.1934528551019,671.4353634614558,905.7352128287401
-514.5624077442205,481.2466502086402,754.6238228004986
825.9565522060075,613.7049050010198,-861.4662149189626
-494.30711112126846,574.9090953444222,597.1123664990819
-479.9527403991173,539.4714112132506,503.5780873761479
-545.0504980530382,557.0326054710745,9.332812702037415
-490.23110680066793,650.5876009618469,1257.5624120505151
-506.07981075149746,581.8984361355871,1025.091204211496
-547.0113782646638,599.4733750613744,492.6749468156536
-494.3884535349848,542.1696048310039,722.2521201940285
-493.73339602272836,642.8357793609853,1115.0256139007904
-494.2446077983527,581.659394982184,912.211
-494.5116010004963,566.6718947342946,830.8622983046929
-492.54954839190395,557.4267365789508,860.169889057938
-498.89900851183666,623.8616171849906,1338.793077481759
-516.5320653840947,589.0834720315802,860.1661026291085
-495.44638140182906,590.2508066598175,1070.504725360029
-494.2169320605142,581.6698388600514,854.3726000000006
-493.9457628459977,588.2609565769717,440.3616744347216
-516.2256770026268,626.5875528248505,1299.5570974953355
-560.261202238783,583.201761679004,622.8067059394463
1205.3843198465784,620.671722848346,-803.7801714880352
-492.8609377495309,560.7295681534351,801.3930266731448
-522.2431812663758,552.7276399444393,740.601656304953
1367.6409690543423,614.3463742081235,-805.4457131355775
-493.79104540038134,636.3950307653222,918.7648491308637
-494.0053214675904,589.7051471630782,935.875598995145
-497.6127166497283,451.5315832899615,779.5484109203337
-487.42606054859607,711.3302931396679,1267.5070617388099
-539.4189533187725,595.4179543622741,688.6502066919523
-492.7016830065113,466.8650257831967,518.8866662421549
-501.7738649407006,579.3409806814007,1027.4230765372854
-495.2777290865911,516.517086242397,984.7787636537645
-494.22472116351855,581.6825572712754,809.00322
-493.9244837512447,588.4884696861293,478.0933887444064
-503.5788841285603,606.7961032910139,883.9127735929741
-498.2672371956378,690.302490503203,1245.6964714712658
-543.7374034566387,582.2901341280381,897.9476435965241
-567.6267774468611,634.2853931307795,758.7671558456432
-489.3034996617598,494.8621625720107,620.3514410754409
-489.60510811468407,555.8470173792707,827.6603679875527
-495.4661979598477,547.1109321140889,1010.4509274370159
-577.0630582298654,686.0153697749483,884.2717620951621
-493.867224214679,589.6379852233874,685.6182879003975
-599.4168955194523,594.8265063319354,694.6811018327251
-495.1856821600718,476.5183614299871,1062.8261495405427
-482.8349436508945,556.8713370490927,984.5243386591271
-494.2314882411829,581.6738710137238,1141.211
-495.3609485560519,590.7328310149269,1132.9248979684126
-493.76880432286634,640.6819865281659,1049.6056055260135
-494.23580068375577,581.6823990737894,750.298
-494.2131811501413,581.6862712354618,843.5632
-493.30074157737727,643.1448489077432,1148.04684757423
-494.2090546777313,581.6788021218068,927.5070000000001
-503.0124502390818,582.2285722787615,892.8845176476852
-262.7846730058277,508.4047491917213,1154.7443300477992
-547.2950478056928,636.8162533628891,1202.7334824053662
-494.2251950422351,581.6745269454887,970.019
-539.3073065883777,695.8029746219223,1039.898938595446
-598.9425285041882,614.1494362502322,652.7666605039814
-495.6146058296654,632.1625526319247,1065.526862906686
-509.9899185527338,581.5519862274732,823.9931497570115
-493.6430945032839,636.1475014570407,1105.3150742345892
-569.5121422512452,595.8760980973957,418.12056070820984
-496.3902931947723,508.43010908193816,874.7965463477631
-485.59203795202484,621.2992365789803,1089.6140849366468
-494.76220236317977,568.8579202018617,498.6010444147633
-507.74773279535793,650.6944736469353,1075.382342860153
-494.23283046852475,581.6721193789352,966.9585199999999
-494.2306718629188,581.6798722852452,473.0164
-494.2177766719087,581.6926324824144,778.6636
-508.22745615043345,605.8762774713741,1253.8417666022287
-513.4528830332638,606.5240886819013,919.7733861876786
-508.39612816601925,579.5957308727984,680.7678405460874
-547.5496435625732,622.6655361240371,896.6389128104545
-474.40088391448535,554.5810523273144,1381.7508762244372
-522.7896050297377,582.8901904861135,942.9419384956657
-462.0644371644139,632.0461556873914,1459.4236618595855
-511.08009212461957,581.5345829690827,931.1479627522124
-494.44458777567706,572.186505907342,1116.045385866521
-485.42344758925265,597.5515570296342,952.1134300254838
-474.20029222418225,602.1023670648369,1004.2762396248463
-556.0029244311409,609.6594843782151,839.3085406106184
-494.24377085515835,581.6672320083529,1051.65132
-494.2409628171781,581.6730587294674,904.3810000000001
-534.3499500639196,705.1109109876618,1301.847594695263
-495.70481794978787,525.8005392819332,1013.5073083956161
-496.00511081528066,521.0623716829184,594.2617563685804
-487.80027473368045,703.8762365530081,1151.268200558726
-493.96009624946737,494.52806422535286,731.3785507389902
-490.77502684725596,645.3734812071222,1225.5134491651504
-494.3292235620529,573.9805691730774,782.2063659243029
-451.92537766539317,432.3729847266927,970.1875948240956
-521.2363786032115,618.4956555110127,662.9062967268401
-495.23896824074654,472.5990151235399,1130.194774682226
-486.21975358123973,581.214261129053,903.4788777763781
-516.3706837219702,648.5580101425362,823.9448756733067
-523.4268120464849,765.7746904920887,1276.0535301857794
-456.4335508771778,563.3227160802714,972.8985010136407
-479.19634321458994,537.2410114855302,569.9290308788011
-505.46672711732435,571.0076059278484,598.732330542401
-533.9916029856809,703.909584645266,1282.0424409184427
-495.81046495813644,521.2461810014845,1157.5716820537377
-492.485801418836,556.4769255881081,923.5863604820602
-557.4063075992935,584.9232093076675,907.9414934504307
-514.7270145795089,541.1365476860533,690.1713902188656
-491.2252230331628,613.5914935765076,1011.6148719387198
-532.8219816662299,700.3368109226637,1222.626801076162
-502.46283122280556,611.466422481458,731.8722258734869
-484.0289423638005,478.0402030085314,854.930591409707
-494.22345232024736,581.6721257726074,556.4392
-507.31592862592015,532.4374517273161,858.8296531380907
-523.3980542118286,621.4534689007357,776.6652460958519
-535.1733522766644,637.4953255475405,1026.9645102954141
-494.2427472453305,581.6738359632643,927.6788
-494.80416441272973,568.1589639857851,566.674619143773
-505.7999898513317,570.6880792619626,640.2533094991406
-302.12490198285695,375.6800083363589,2068.3845541698383
-497.0327725385473,527.962821105098,838.1895275813652
-496.1722394222634,515.2332851155381,723.7394345477476
-424.756149794609,600.940002067382,1234.5542390295946
-520.0785100496128,704.9040722729026,1022.4061522799432
-494.2349303209253,581.6712180881424,1091.20676
-523.7988740117016,584.6464016687202,489.8931646887141
-509.07478607716166,614.4270223106107,1286.433948234946
-494.2314066681279,581.6793833518866,1141.7908
-505.04318587259013,425.2678566988677,864.6735373640894
-528.6171028823192,575.5294959075533,640.9207762381959
-566.2605890310956,680.3926167370498,1102.0127665903801
-504.75565148915393,726.4448408627479,1688.0721048931216
-495.24566898286093,470.00445185044356,1175.1086473666994
-571.1030364687658,644.8428574780867,953.1787998531584
-494.56401250752833,572.3238179803011,1153.1782821653028
-494.21266327029707,581.6817750157772,894.2926
-616.4939379287662,619.5843112795567,888.0098619798705
-562.1704623650121,583.2394523420876,662.7963683729223
-492.5066117361539,619.2065408354565,1290.7992779377637
-560.3646877098372,588.3831572899503,724.5028719604713
-495.46232366672166,590.3241639429725,1089.8110535823514
-573.1179679828831,600.1491456244555,619.9319869658422
-494.22069266118524,581.6752058887685,1244.9678
-512.7241244912207,605.5779881748522,856.6133329580939
-483.78929361783366,741.4384391714754,1344.5482956237986
-494.2317540064264,581.6773318610385,818.0150000000001
-498.962636295606,624.1643310925074,1354.275640899782
-494.23324046583775,581.669144380356,986.8454399999999
-494.211334147516,581.6778582571897,793.1554
-490.47145823826713,669.1347223016753,1222.0272125924605
1225.1104708872426,621.1379302485691,-804.444246915753
-492.3005501477078,621.6293243498424,1315.9629853771075
-491.11195602334465,695.2667535339065,1146.8588941331836
-425.5083057568854,600.7433812626318,1213.336885827234
-267.1047086142512,509.77458352647204,1119.2229993270305
-485.1660639841957,588.8545742984561,869.4601396321817
-496.12915824613174,517.1782438755497,680.5802958378429
-501.0107426224786,720.383120177192,1088.9169365803511
-542.1195088808229,580.5291644502897,1283.4528013745469
-491.16146586531545,548.1009887157895,769.0812435997336
-493.8526111107644,581.6331231569561,938.9792182655698
-488.1121692302154,619.7244692597321,851.1552457167435
-486.4624016770217,572.2775422915383,973.9077497994083
789.5580442243718,604.3225072917253,-777.9429094498355
-520.6972633687083,588.1517949747395,671.7048569216498
-519.4263518841913,527.0329513978893,1051.0888900442317
-492.0712525265353,654.1098175361258,1625.1701374478298
-489.5439011264225,555.5008928706911,849.2218997564889
-426.6991237549196,693.0505183769515,1391.0229543229316
-546.5652694204468,616.0182343182005,651.3951779262562
-508.384739265754,731.0887043085329,1125.733930400593
-549.059595387032,689.2558823347586,1100.719071102915
-486.5076749616726,471.0038675871342,398.54412912752093
-473.8262439297064,511.5718652434492,723.5896035828757
-545.6686328184182,621.232106846596,838.8249724269741
-493.34255824539923,638.7748814513391,1012.7164477689222
-510.8444535016815,579.2397101872943,927.9438183814949
-491.3828570766857,550.483341038906,661.405410635784
-493.2474016325764,645.3481645074219,1215.7113342078087
-545.9378363083406,530.6585097864362,697.6852551089278
-488.0992024548643,473.61103050380393,956.1495992969182
-540.8682387047693,699.6927628831678,1101.1579912127063
-494.78711043273506,567.9292025619617,589.3658794054681
-514.5719076758339,630.2321335798433,970.458503259087
-496.21936572267396,926.0400264834323,1452.8662685966624
-550.8917627112296,697.5906664099924,924.9864288304997
-548.5865290368051,698.0595269421916,1095.381159622879
-450.16492756505477,498.5026606843552,1312.6352727958488
-494.19875998319776,573.1821312025319,924.7275172712574
-491.3778852683861,554.0524645080654,763.9541783006316
-494.23841999427214,581.6726562457475,1137.54
-491.6826408561592,649.1633457659967,1156.452200253795
-542.9653700667234,632.3164986205421,1043.0824431083329
-494.2187494115649,581.6774839767352,964.518
-488.22961813367056,559.8638602863798,628.2437025503061
-507.51950997620725,569.0412095833254,847.8572959843981
-527.3740821812112,583.6342643774932,824.5804255073533
-533.2032650509555,701.5252620194942,1242.4323320884446
-500.8989293781383,454.60901470480553,855.4837148917333
-537.9452230785396,622.0633703177207,628.0206782220374
-542.8851944143125,719.3777595620247,824.7941339533166
-509.43070941664246,742.1882745148671,1265.1218963648
-490.21889281843914,570.2557080047745,831.7175521674147
-494.22708422427513,581.6808140639737,1044.451
-545.3373000397467,598.9116297871805,453.50948421971293
-485.0914683699416,721.531262698123,1083.3783959014704
-480.2028594176588,540.2397144582774,481.4621402501992
-501.94064301590447,599.4741841358136,1345.0906936872473
-470.73219079553246,483.9151869641264,710.8389518551714
-466.6633455620213,624.8082279393863,1141.3298935565736
-531.1334492253363,584.0844655982793,357.11852104714535
-494.22309852249737,581.6664769398815,752.257
-501.4528108873071,598.3437549141722,1211.2330021887858
-602.1412584707818,615.1293453085061,695.5377720209954
-510.7733173773522,854.2867386460691,1792.4079406604053
-529.9984558223186,628.7231115120292,603.3606513781928
-494.2284616358065,581.6804088316942,772.6212
-538.546146892962,582.1942037571904,632.4830892500718
-474.60210117830184,582.3047582652217,1056.7229645625148
-494.2463326352945,581.6465815189913,871.7458
-533.2962529792562,687.9046623589845,1149.5714018735582
-498.8130181218162,635.7764112257983,687.1975586762222
-527.8922074258753,610.8588323129961,645.6051511586602
-484.6780247164461,590.4875583808687,1134.3425211327765
-495.8501407555125,582.5299434404933,994.8220759605102
-494.22953444259474,581.6797771267277,494.8888
-494.24220593284963,581.6780460552967,689.18046
-494.46322863811656,556.6207902818635,896.0047126156529
-611.6521878036951,594.31632590696,202.22678571681104
-513.2032828249778,626.9239644590784,853.4122334146673
-537.3172318646148,633.350563703119,788.4883048674899
-495.56332391148453,544.181948383927,1159.9611870521444
-546.056984502783,671.3230734383546,788.1874848501543
-495.28785848449115,552.097514908467,737.8657959704087
-570.9362834655358,678.9939443423025,1243.1064398055692
-608.5204887251866,617.1254529951377,781.0804553522491
983.2710667818774,607.6421677577337,-788.6053584228121
-528.6139679771627,672.5406247832098,926.1724812711218
-453.4247156580691,601.2423468889783,1221.4644553187125
-488.0704655660188,698.8911802293308,1073.7769029201504
-470.98217901003136,501.98749199609483,1510.296426595692
1337.072263547334,613.8629003188396,-797.5046245988124
-494.24853120354237,581.6751900283975,1070.652
-484.75621916120326,589.1469038502919,933.6208403259823
-480.7555764347479,507.75646788775384,1317.198335437878
-490.30483719144513,544.2163355058929,895.0199652781571
-502.2533897557705,610.6256060609285,690.2530232604583
-471.19757967492023,565.1455652053072,907.1997351026939
-494.4587810089374,572.269606332108,1095.0726684108731
-491.73205325183335,584.5134605167866,1240.5230750579394
-527.7952563705871,584.1530707580415,1147.7926198205816
-494.83736593312005,591.269011884393,1177.710775249819
-494.2358157292779,581.6747479938592,1182.132
-504.3755337721409,434.7575034806407,766.6798629457977
-548.3013229853077,692.2852945102242,848.2053459940228
-493.9408599594435,490.4683029341836,800.620877688651
-484.66232274611275,484.6669783538074,752.3751543293486
-494.2385238405118,581.6857057065557,989.5828
-494.20820492926987,581.6774869183774,748.182
-496.27815379351796,512.3123729095485,788.4778845559757
-521.4735572218503,553.5278554217482,699.3535588192663
-492.58258130602144,615.8438759663327,1016.8334887852704
-509.8741124965509,699.6973954815014,1151.670796324509
-472.5434195526591,581.8291198550921,1188.829592739799
-541.9131738193141,679.9024730165413,934.5699453953358
-612.1047469123246,832.9371623393045,603.592049756344
-535.6822478327776,636.1980540532504,818.6025387014449
-491.22023263236724,691.1879939906562,1078.6844783439694
-514.354105268485,629.6709933048269,950.9509290659239
-509.55009384826553,697.2996219976485,1112.959852266401
-559.8040611730546,523.3968567096266,749.4537010614926
-517.9736137044551,564.211573804023,520.6537444918772
-534.5461159007637,607.9716250925807,1301.8612965509058
-523.4193841031479,551.516084230125,802.4731631978783
-552.1963239343154,700.2403930009413,963.3769108953713
-494.23033249838363,581.6628381314563,999.8142
-495.8422969627395,603.6474824514572,749.0304759144717
-495.8975494781653,517.9818794141108,1260.4744793859131
-494.21620747156567,581.6802187664463,1190.661
-555.0047496188822,585.6483712824498,924.4190911211317
-494.3229074325552,586.7903902771886,695.6681261277187
-536.4673307605706,639.2777744156874,1083.370472829792
-545.1073615318014,544.6651336771276,836.1704610137007
-494.2321187857124,581.6788270644138,634.7704
-542.2747420467963,582.2423762232185,749.2876530206713
-494.23083070087773,581.6715839658003,769.0623
-479.5724551622186,466.88893161538454,612.9002826930936
-493.7604752784073,591.8301950236449,1217.453517951875
-494.2252275428757,581.6741407724376,755.2280000000001
-541.3382685913455,580.5415736195891,1249.8784522550557
-495.1476120626685,481.71327279764597,972.9988844761609
-491.3695614236235,617.2418234047707,818.5100855366984
-498.75428715436897,634.9630442812349,666.0018171316924
-548.665103617092,665.2516323947671,1139.5907017063791
-493.69188927674804,584.8469960065647,888.0728990761321
-264.9404399920086,509.0965967882005,1136.9836181712385
-494.54142804291314,604.5666291526134,879.7983174120409
-504.64988224691433,383.3511341847891,1099.0196796792075
-473.188884198815,509.4496339373135,768.3925781276032
-516.4429804924703,627.0240083936144,1319.8737214563705
-475.21934282895245,582.276037855448,1001.8232907264651
-457.41348213457604,563.773508389668,929.2973832589788
-523.7502214792144,583.8508178622884,919.3205853407212
-550.9477841937714,668.7541938514785,1218.8003661387463
-494.22332257981407,581.6754016579865,924.2692
-495.28918246047897,544.7286765156217,834.8432054190168
-444.0364726254886,558.0674764406313,938.9239630865088
-518.289278725023,534.0831206751941,941.1803554492844
-548.5861885364625,584.2754929501525,708.0767920464801
-485.32401896206557,491.26425974369465,649.8182321321317
-554.9029613600117,610.8049883600238,902.8289286904044
-500.9922935336717,452.91125162790377,876.9277053522287
-502.79708881115357,599.5214544012858,1059.4945093317006
-495.9925547103999,522.0389953302717,572.6824031419682
-491.1129470429237,508.30746936820657,779.5071071325099
-546.4183724421755,588.534381017134,825.1587935989302
-541.2259500131372,645.7698413310818,1290.1933968758444
-500.4644702260821,516.3249273790334,922.3386669790156
-493.8716941462717,590.3719255410961,1078.0295005069395
-470.75741511375054,480.89908851869626,1065.8956410098435
-493.46983759045315,612.2392022205861,968.4225808928818
-494.2222525172183,581.6832440592073,828.6568000000001
-485.40844865360464,501.0409771778791,936.6695730447846
-494.22273958086316,581.340612808784,898.159461038267
-493.79088298290935,626.4252815969019,984.2713369428142
-491.82090927905847,626.5182448181216,957.0225293701394
-508.0276804462801,581.6411832841006,1005.5573494880317
-517.7417708610342,629.7048800410628,1441.7719157119732
-493.33585102230745,617.3781937829963,828.9288360136043
-534.0183657435516,629.373292816746,670.2517150506987
-506.27506187377685,581.9065779045203,1055.1379034975807
-495.3127112494117,590.3570146175375,1056.6615067788125
-494.22943660235387,581.6758017611095,1008.1114200000009
-494.56100921063535,572.2465760729294,1172.792439436836
-473.11570220861904,603.2108977798068,1099.347816952043
-486.6893818552087,512.8150341779217,690.2402161899912
-495.8346357025498,581.9566833274571,967.5953070901198
-478.9456398001076,536.5085468526595,592.0465034574258
-522.7491286523784,657.0486542917629,640.0512994606893
-492.0487511885967,674.6949733753602,1016.8793935379088
-525.7228332515392,583.5507536271901,747.0758719971046
-494.8421203217274,591.3729595606992,1197.562389954585
-494.2765425599059,575.2404765378516,728.7372383971092
-495.01982736120544,545.5816030187177,831.229842558101
-504.5556371180851,618.9885793014623,1106.4449538125778
-447.92963135924856,477.28160679028156,1115.2739614571924
-512.6248771380197,538.5876954375335,410.5430538499193
-507.1323315598156,647.5422298333211,991.9912069688487
-501.77089081526606,599.11856541819,1300.4712777141526
-508.77068020759793,581.653059359551,1101.387823315924
-548.1707467734645,592.1517736683013,969.2647326813093
-467.4315017298477,543.2421733023704,1111.7776367589847
-483.9022238997304,487.3053885580059,1224.170459947759
-495.68661616011445,682.1015651652867,1005.6123543701276
-446.45472062490444,559.1922114334934,857.4605119922608
-472.0407986978853,505.57467279017214,1408.3063509471183
-552.902409172234,517.4161371897799,1029.7219660442581
-489.4890359175565,568.1998131768146,1115.539057969218
-495.3354658898056,590.5463576268535,1094.7931958958463
-518.038523731123,656.6904480558802,1118.3052568350238
-481.5916601947156,568.5903900993181,672.6450566584
-509.4125466243356,663.1989382834533,945.6317987307484
-566.7633645910164,595.357572584729,375.4712376044084
-539.96905620969,738.5792089480233,1554.2840948982634
-542.4560889917407,631.8286735744317,1025.3437769814498
-517.2780518641121,579.7884040862111,873.1405544937159
-564.6415374642158,639.5369780880644,809.9477642704595
-476.5214895382526,557.5002686898174,1152.3656632218463
-490.8430283974112,643.9479814390116,1181.559785160208
-473.9996199793677,602.3106174798731,1023.2908899973866
-494.231650393519,581.6705904858394,966.188
-506.3661152159975,643.6062217387324,887.7520758380622
-507.2061034310377,492.7102487110892,682.8826209242341
-550.5954820732763,554.3503450567944,92.27734277127712
-493.757952531593,606.2555537534436,1121.5254275234897
-421.2076180159529,508.02829944193076,1228.7744408724097
-528.2867577464908,626.4806457605289,538.7882751426296
-536.3230911519736,529.9500523015142,870.3527841643953
-494.2314138015813,581.6676272829402,776.0966
-490.42854095444727,647.2792779569379,1161.363548434976
-493.96355862946984,558.8643253806064,921.088751287675
-546.5473099816218,729.658287146862,942.7744732059283
-433.0028733554677,500.8754250092684,905.2500246223267
-490.40206374728996,535.9954878723494,802.4199505865977
-490.4287913082808,536.6758129140184,779.5833577857566
-490.57939649528544,644.640001689776,1084.4041804413193
-492.7582417626063,561.3306115718992,1182.518834863954
-501.33055536826714,580.8229023503411,1157.9243163428118
-550.8548310880828,702.9129770556018,1172.4366150469905
-429.20840290193973,688.9230686946678,1311.7920901973037
-493.98242610711077,571.5045597446062,822.428192239852
-493.78041034464854,605.0679693262919,1029.9643878357906
-494.2159328058806,581.6861647141397,686.1484
-495.3829963474427,549.2074710272434,903.6579845921542
-538.87516048766,734.8663149244153,1499.4713039016663
-495.0383663464622,599.0512992163626,1239.0152126613361
1768.7942388621177,524.0253384231141,-819.2589777169142
-484.3503303939899,440.0239988440744,720.510237820696
-494.252828659176,581.671993051552,867.6616
-495.70717635881374,548.8877378002924,866.4118065030028
-495.5892418437843,630.9759790680121,1022.6154738721355
-494.2259123318563,581.6670022475076,777.8965999999999
-476.92681415254583,558.0209539452853,1110.6592844844251
-514.4243631296208,534.3626396024345,524.7667403056919
-509.73079004408055,698.4809774790945,1132.3162462927346
-469.32360242445884,563.7683254484044,1043.933938588053
-422.71400849164684,509.52372978118234,1188.4101576117548
-562.6386252482664,594.5750785201808,311.497418139807
-541.021924880024,582.2222372793391,710.3530801797488
-530.9601791669256,613.5281166727652,772.8504691324171
-547.8203026801566,555.6975464438201,50.805471908315155
-492.32675975518123,675.5481833880733,877.1191232023873
-493.31917542966175,617.8578376510172,849.9789285980139
-494.02187197537705,574.9323865253205,625.8330046474827
-555.7802378205192,611.2091804108477,926.5178394450795
-494.8281855157986,591.078675532174,1138.0074578772972
-494.23300427777076,581.6677177922537,757.6863999999999
-518.5749015659912,589.7639414962616,1007.9627296670518
-494.8022933652378,590.6650583464773,1058.6009902892933
-531.6708723963798,588.9892006842624,381.2771825700903
-494.2304231436374,581.6959462485092,1307.415
-517.9956918456114,530.1303438942809,948.3013398748318
-494.4714241496263,555.8917872693476,943.8594788643087
-528.8228215961119,579.026743126281,939.2226054431267
-502.3671021500609,611.0375291330686,711.0627690289363
-495.67910397239075,681.0179045431332,986.6303102841874
-494.2309217619463,581.6752733426943,1338.204
-475.28896269200413,600.9872769953406,909.204783915336
-492.4223978528262,663.8404553124242,1111.587114911734
-494.29680689528914,575.3167552974431,706.29291458271
-495.3010168891328,590.2795451492352,1037.5955743265931
-495.25191852694,517.2713328148361,964.6415297048287
-568.219521189189,590.2460379442573,422.8308433200503
-494.99015439766754,598.0792478981607,1126.9261419706431
-507.4770413919898,555.0019562838982,848.8331592784286
-553.6243379366997,603.0972526925932,678.2618459855908
-494.2229060967361,581.6685276324649,779.23
-490.73921852475723,662.8519314945243,1080.2197204205922
-564.5010644861513,586.2704458162457,1151.9302678216839
-483.3720013230104,819.9526320968876,1491.0351718592299
-309.65397062184,383.7427244265284,1957.9345559339613
-496.3401430825836,617.4929952447883,926.1091083245564
-507.69578083353235,568.8801650263216,868.6176931830331
-494.082322810008,543.6549920513276,773.5092119234732
-494.0178044039194,601.6358802419818,915.5313670145899
-495.29453897362123,590.1775115492087,1018.5297643453307
-467.0988319010762,562.185064423256,1203.4568542761144
-494.19612482576304,572.865353020086,986.2496921527646
-465.13719865474786,627.216186544697,1247.3613853429092
-506.3780306503427,581.9041397172651,1070.1612335846594
-579.2329753707731,688.7063493028943,926.7899271947226
-492.88071917194316,561.0273314559352,780.189624826078
-509.31200654128406,740.5713616532951,1245.21158063194
-551.2811360292017,592.7621136513351,1068.4922911306699
-482.0703373479537,581.0671407903518,874.4992549209999
-501.88079405068265,586.9488360727139,846.5560581013883
-507.82877482828303,516.136771581505,312.07667203271865
-487.47481963359496,581.2826905608213,647.1229556716405
-506.81690195538613,645.9718490283016,950.2954518791328
-494.57055897094233,572.0508920462735,1212.020541328161
-506.61375486853376,522.0095545387803,216.84588882835186
-494.21550082474914,581.6780638720544,708.332
-426.98660014210463,600.3181140149118,1170.9016091748495
-524.4725904448032,583.9128955150187,960.8611780807526
-490.33084670918515,683.776496206815,1178.3143465636074
-422.54073362280633,601.5702807847917,1298.2073056280021
-512.7092906632565,573.0020779946999,691.5020785999653
-494.59212452093584,557.8583266590515,569.7505858634541
-494.50211272085016,514.9295466498734,1006.8493839899055
-508.31980089454555,581.6529647924358,1043.8895789178619
-494.18101110178213,582.8382550846469,958.2680698855227
-498.87374725142695,636.5837803362838,708.3935467340176
-619.6853730349862,620.5689782404017,930.7814282260867
-494.238389246676,581.6630544357959,874.5224000000006
-492.52729157688304,557.1066227868498,881.3086491834399
-495.4174410063915,493.3021425290922,546.308093303881
-494.25079903755886,581.6522958302139,1114.537
-494.2190872749038,581.669817541293,1018.3406
-494.22524879882394,581.6750400786632,1245.1593
-495.7078998737388,548.4897030895052,886.1576599143831
-493.92978539647766,487.7600774502496,846.7823236631045
-494.2309805054838,581.6796576621255,945.228000000001
-508.31473959594814,642.3356940641963,1179.8141764668565
-548.0941589661529,664.3792206757803,1119.7881351688713
-502.6151356540395,582.2092888186764,816.6295081485662
-490.33982458805053,570.567089538958,784.4136649968411
-531.1127697177844,674.2414307479751,720.8644020360925
-495.41121199830786,548.3622293241067,946.3750303242989
-575.304627912931,600.6449458076379,657.7134328823311
-494.9675361808054,497.79109107817794,727.0315876140868
-493.92089198166013,588.6897519962656,515.8252247226001
-494.9227149040689,587.9983182845529,680.4579566895673
-493.9858209291706,589.6126942012363,913.9447333241659
-494.6052699550921,556.7426777550027,631.9743084754118
-433.83617197139984,541.8550038382066,1107.8037075346103
-490.73832185637684,752.5199520924123,1125.7916667109766
-475.81254392914207,582.2628428598961,946.923385678746
-524.4424047413918,471.56116840339837,1388.3836134743028
-481.77707639978826,581.0559618526371,913.0838276145195
-494.23757638242023,581.6617208479604,978.39742
-493.7783083504628,638.525804084351,984.1856742144836
768.4478711150714,603.9540508257382,-777.5331719571986
-492.34806572295975,674.3918035270176,857.0149698553199
-494.5148657847267,514.1792506017359,1026.505908863595
-494.8744351210912,587.718716604063,616.4331472159834
-494.55473636107627,572.1444417974324,1192.406470429613
-491.2222525985326,619.1385373140256,902.2396895684628
-492.20011325068936,667.8583306924345,966.5589482770914
-519.4473641224215,590.0393025629226,1071.3042757593842
-420.4903617518612,507.27326831498107,1248.957748325946
-498.6435194518831,481.03115207697624,1214.348446117074
-495.54731923108693,483.293275451673,693.3375776237594
-451.0665729346988,521.2334162566392,1076.4383130000313
-551.4625144445722,528.1213668095559,1453.9083025436894
-482.6159045299057,517.9841213971768,1031.4785809402722
-503.76046888918563,616.0581327439886,960.7777982013558
-443.4271571447398,557.7769443771481,959.2895255228668
-547.8863317891396,584.2392638501194,689.2672402813323
-498.2148559655625,689.2312926603618,1225.831244737045
-487.758834927713,621.9561879277001,944.6467971751224
-477.2130691060147,581.6274108003824,1036.1189925910594
-494.73777289604914,569.0960490531546,475.9099378626109
-474.6309734864358,601.6582442869799,966.2475828532362
-495.10306153383635,542.4684913003116,967.1618703149501
-505.8151346324371,582.8204100762148,1428.9799176842905
-645.799096265908,583.4915728609403,713.8654967837739
-493.27798943012886,619.7572698729668,934.1798165059055
-494.22934558717566,581.6734637950294,977.758
-494.32225921489226,575.3098566806991,514.8483058279792
-492.56156635574416,657.8154152587376,975.3850488286272
-528.0321017307012,581.8506776553837,853.8749735347307
-494.22657232601205,581.6760349485071,804.876
-526.2613731670649,579.2200548321093,813.4839825498626
-560.5481382620728,665.8331178106007,973.0530267254074
-485.93864444736073,462.73689551618554,484.4009750995462
-492.13653514380894,670.8159245614358,1025.5276288643327
-491.1254801765306,547.6297242199264,790.6165774718189
-494.23013615412356,581.6688148368839,688.6654
-513.2107074619294,606.2053217257512,898.7200836756225
-521.9543110077439,619.4830251840337,700.8259538546181
-490.96425992877994,504.4515396530598,859.7722249653746
-516.5570709568469,722.3633067887217,798.078136482222
-511.920597978233,494.241143177657,559.6620805953829
-507.1521975340936,540.2309696423558,928.8214539810449
-519.929981832739,562.7811422940898,625.2037070894594
-541.7215055832719,580.5390323008551,1266.6657537136846
-493.48879634171544,611.8564811125912,947.1725005373905
-468.9730516125328,476.6209810273872,819.8654573725087
-498.9938585977129,624.4794514121181,1369.7580885994005
-548.6026217204046,599.2676891874637,559.3428128690418
-490.8563502054012,534.1170328576195,912.8447792259813
-492.6212314498439,636.1196826266057,1035.0260723248184
-493.8608646336138,581.6417152723589,917.6384204012415
-493.3552913759554,616.9034856412343,807.8786161356456
-494.2255977393795,581.6610779177554,869.8553999999999
-494.2894334628468,579.2323882555443,1118.6422860534426
-474.99921352596493,582.294332770989,1020.1230439071488
-538.3973574952106,587.4827253723971,582.8112526317399
-493.7742637257111,625.3730593835057,943.4669414036761
-494.247195907378,581.6695070798829,789.03276
-494.9423225221649,588.2858499311355,744.4827347765219
-494.21212425669546,581.667815793578,761.5563999999999
-493.9739865524882,559.4096460251084,880.9847272037936
-513.280614935037,572.7571030069726,736.6783913613428
-504.64576671845725,430.96232022020104,805.8773662962042
-429.8995233340927,496.76721065392667,989.3169080305634
-501.4217469814944,596.6535945957332,768.0474500052411
-494.2305974656533,581.6999534241663,1219.8425
-510.118132713211,581.6594408706585,1273.8825972384475
-494.2270849566685,581.6681747143095,893.7914
-537.9266178474795,582.1826158909004,613.0156099862431
-494.39141647823226,542.7360197715509,700.6723138483026
-463.7428832764931,578.15653179571,955.3598690182189
-490.09955781094277,686.3514770846712,752.5075614501142
-493.5873549419557,585.4056795742174,1181.8137247754105
-492.2075457615347,681.3481925386693,977.6387417273221
-513.6773782317171,485.575775467878,689.6364396649834
-477.5667561931514,830.4609827127217,1604.843688363963
-565.5909232951867,589.9420765619348,380.9803900328319
-471.3925453946654,503.42767332300537,1469.500406582167
-508.5108644080019,613.1906086657802,1209.5418309784293
1185.6587272644665,620.2226462468886,-803.2224440828104
-601.2905700200631,593.209831411599,118.01406868355801
-495.3425987368887,542.7164198413428,921.413701812065
-530.6477572409713,575.1616134258117,722.548372543851
-530.8944927758798,681.4200005549949,1033.3080265060714
-501.7923754654771,586.8704793226814,825.7076364875837
-527.1773926111268,562.1444201693237,666.1464800299965
-494.50854165035025,567.0779441267761,787.2209820853834
-476.3878831112577,514.4342305524451,1218.3991072895565
-510.6376770204454,669.7729933863673,1082.5580565327402
-489.8223420913191,503.9624605518884,476.4373064691226
-494.2487415109631,581.6670061458474,773.4514
-505.21965497975225,591.7745028465597,763.5232260958635
-550.3403955675799,600.5914289956378,571.0068595850892
-518.2897479284816,654.3191054049394,959.6827108185475
-494.2245064328972,581.679941693383,988.9602200000008
-487.86260331046014,558.4724102229252,716.3293862427427
-496.23213974300825,932.3323137848331,1493.0351244301185
-507.16446956513846,577.4103241795501,1135.248859147588
-494.1958509493311,572.7592518195078,1006.7570812791307
-522.7832270279293,584.5464318924869,447.82392855207127
-471.8209515774456,504.8595262711726,1428.7043385586899
-536.2369972697497,687.9942672333297,917.3812963389573
-517.8101991027315,655.8966808412223,1098.7653965658435
-528.327770458191,588.345516583672,279.66654496158543
-450.38314494430915,482.82447832849834,1016.1041627195102
-473.5328200409672,675.2432350738906,1569.462120666191
-524.9316030699729,582.9744952316831,1069.699543326815
-494.0072540388419,572.3465856856849,692.6146198213623
-494.2216510483581,581.6650426137487,985.4262
-493.7676516977672,639.2541253949098,1005.9919781410505
-476.5524698390591,845.7960013261534,1750.3447920608305
-481.39651352784813,481.1971263355349,442.59264976457894
-491.1491387567139,614.3061433315415,1051.4182206385594
-549.4983885319841,599.566007238562,580.9553029623764
-485.89428395691357,581.1991758957461,967.5677986246869
-491.8742318596601,682.0637463143244,1157.2271833058155
-493.5196343839293,611.0952341750144,904.6722459832324
-483.2615486684372,822.0207660299184,1510.4240987214057
-490.1388899677884,688.5761077379034,1268.8480576093857
-509.7069251932835,836.8113341915653,1629.3588553875113
-493.9871729684496,590.0109715549975,1001.6680343482358
-506.46347977752885,581.9102693704677,1085.1846286904486
-512.961929795516,605.8978320171868,877.6666721375419
-494.22295596604226,581.6778303502225,890.5878
-495.01068050643767,598.6702957021887,1194.1794994401052
-536.7889003995149,582.2062139781906,666.93273811891
-523.5701264490745,659.2750279389256,680.9253524744039
-501.23028463911214,508.43354927881205,1124.5363115826497
-494.23528206641595,581.6724679107376,989.8996000000008
-516.2955553928955,651.2099509582964,981.5248535050024
1809.2769834724568,745.1399539179579,-848.1533057456836
-531.5488049547805,632.4174577539208,1035.2816415748098
-491.0873002762496,615.0226251797001,1091.2215580340812
-472.57625893621616,507.31721189554094,813.1952618020488
-519.126280560864,527.6532133107655,1030.5315941066249
-489.5610288338969,499.4150188307565,548.3946049968795
-494.36650833254043,545.6393586930972,592.7756799323852
-527.0859721694242,573.6026371302639,944.6957611365166
-547.1822014224517,584.2069908901046,670.4578227286947
-491.01168511125024,615.7449434235001,1131.0247396157356
-596.9493277680449,594.5285844421044,660.6119833887822
-508.55953369627696,732.6625348285909,1145.6472436495533
-543.6920149378047,580.4957764929088,1350.6013259239646
-510.7126008944538,493.9499162855618,406.5143503041496
-498.87103372653246,623.543915988678,1323.3106618866282
-495.64068611956327,550.1012354751745,807.1746848559765
-485.23152213363755,570.753174267315,1251.77238296167
-476.8354867405751,841.4303382806836,1708.7710203141487
-490.22740998985455,683.1123229345928,705.8490717299359
-523.0890513146273,582.9086076720674,961.0502513182541
-507.11770101757656,491.78721057372803,713.985717268899
-494.9001984781953,587.8120284294675,637.7747450083548
-494.448350956759,572.8101363907695,990.2097053580625
-539.4250977342622,526.1363814145984,989.8150042351213
-467.720977444867,543.6552609249765,1091.9830650634876
-484.7838579714812,485.98576603564663,731.863658883404
-492.7396441201745,468.6230268389152,499.29422907394985
836.3257779264222,605.0484350195336,-787.3259221476255
-549.3359187175793,601.5624324744865,575.3362826030931
-491.6939319846847,648.4963237885814,1137.301924964846
-501.3968120731861,580.8106980718778,1174.8370621838883
-508.3302157100875,489.6088480293091,906.4810893014048
-495.52972535286517,484.72443972235783,672.3334603851022
-490.10505396354847,689.76584420274,1291.4822158571453
-501.62540552281416,597.0899333309519,812.8855507111296
-643.7688372739756,583.4778899662701,694.339257294729
-537.3479474376963,640.4558825762085,1120.9743583691338
-494.20517470311734,581.6795459237402,1147.7934
-498.3703323546338,486.98593134567875,1098.2300413483179
-455.9707118501351,563.0857663709178,994.6996421607178
-494.2258434578607,581.6717965004289,929.635
-541.7124890967939,540.5616400043662,844.4275455494898
-541.7172305166682,584.7808492325445,675.4638573301937
-494.22855169599734,581.683622213452,886.8296
-473.8985431082133,673.5566943046575,1527.7282553285734
-520.7042489322641,562.2112638283437,667.0239025039186
-520.6390531897005,485.42149276650935,1118.9055233540355
-529.1186848626712,575.4336690375006,661.3278124946929
-494.3293722739934,587.1729368639576,801.3720904015632
-531.294109335819,682.5110596534571,1052.684706411347
-550.3760520823421,582.3319875484304,1002.3635762171965
-552.5646591879085,578.863969651859,684.5231937998316
1260.3879586407838,612.4733572700541,-802.4064250012907
-497.0078858213601,528.6345807618751,818.4939174855979
-500.82194404594657,456.30069864479697,834.0391787877415
-494.1840960422778,571.7299357145288,1211.8311288245272
-492.65460202513236,520.2166164917322,873.5921812260518
-484.3184944990767,580.9016397578777,1033.9278923729723
-537.6434810471535,687.5576883428212,1398.0257362932073
-568.9016898662662,583.3966993805814,802.7581026404215
-540.3723493356508,541.7250363881205,799.23096329152
-508.7999539893601,579.538103858612,721.9638811770875
-514.4361326459939,572.2116037611831,827.0303870895782
-451.9776732710875,501.853836808188,1229.2059644343735
-474.6533550340512,489.64937727012455,1150.7330502867167
-427.555065612544,493.69979752319705,1052.3669145376443
-515.6058317364561,539.3840212769169,752.924110867548
-495.1866744339263,627.5312335292199,1124.9359969552656
-494.2267566667233,581.6588424795923,932.4436000000001
-470.2286690709602,478.64773205706916,1106.58751674473
-476.2014271800233,513.6966950259302,1239.894430712602
-501.1661109707238,723.3818421080362,1128.7877005626297
-541.1781063936605,637.9760821132368,926.4311813721856
-494.2438613347126,581.667020368694,862.715
-564.0831783146118,677.4066235537689,1045.9109391654601
-496.337114581263,510.3747155514108,831.6374039626378
-471.51606603288883,565.3656347525128,884.4106880753704
-505.7291386045449,582.8065919858686,1410.6587374408637
-474.20572814465913,590.777065020372,1180.0947981322709
-485.78906745695645,460.66915772925927,505.86496422445043
-510.4423016278042,581.5269928420889,866.8549102728473
-516.8080827365889,589.1887036701237,881.28012127018
-521.6015419824764,618.9868536758463,681.8660828924469
-493.419258196104,548.8087226512396,1038.6520079785348
-494.2325163799769,581.6649126115128,1111.77836
-633.6765939739116,583.3443137828715,596.7031791747992
-524.3043414336007,582.9634717752291,1033.4832804652378
-549.8203110901791,666.9939570286729,1179.1956003775067
-537.6782733375983,544.0515268763695,708.8382873803183
-492.2487052880265,679.0322004927414,937.4306356246968
-493.7529596529489,591.7324403924864,1198.112405532337
-489.5550224369224,568.3652549234353,1091.887223370877
-500.65099553578557,648.9418558317439,888.518405921526
-503.4422108896629,406.4528581129814,883.3194539485539
-523.6238454058821,474.5285404955889,1330.6382299406744
-492.233455743426,552.9911006340865,1156.1133423725835
-506.17734041243466,581.8999123553243,1040.1145543960238
-501.77406922593264,437.98364116175037,589.186134713191
-494.2415817569208,581.6708350525375,1092.9479999999999
-501.3597669271305,598.1833822418785,1188.923150412067
-481.1536097527478,509.9489961869558,1255.9727003880682
-494.52107529483624,566.0505224401242,896.3240885766368
-473.3567241101473,676.082861548762,1590.3292190398658
-494.33846415215044,587.4704938452508,885.9353005244544
-477.35238331950677,635.305394314938,1541.5926399563023
-540.0638799951398,629.3090725035155,936.6489233935583
-483.59860957170895,590.0875813063722,1147.4910903028233
-489.9081216482323,505.4819271749402,452.45185847645485
-495.44408491763716,555.9164834580797,1024.1639215055302
-506.7438649624462,494.3526142551363,672.3169872302502
-635.687298231119,583.3702772274087,616.2310442714684
-530.4389234977509,581.866776873835,968.4740083743445
-508.5080596627108,654.6384952612685,1179.6211732211418
-494.49728094741454,515.6793763901355,987.1928429951029
-532.5401752753755,584.1680300525403,399.56475122181814
-433.1352201818545,541.4271710307414,1128.7596783260674
-509.22208519993046,614.7273858034816,1305.6570587751817
-570.9603075734412,599.6321488326389,582.1492560829315
-494.20648751063027,581.6744017036551,960.0604000000001
-494.2246072497046,581.6704798995831,560.506
-519.4621462716796,583.1618158468358,933.6109096730552
-494.2093749704886,581.665440436476,842.1798
-494.3021593174549,574.3487572325731,930.7349608646493
-494.65558069461144,589.3741316633862,871.4124815491318
-492.584492553573,617.3771694442207,1191.2090670200098
-291.50060973467725,673.3237295939327,2087.1641310848154
-492.66719796483403,567.0575665846854,941.2986899445399
-494.557024250998,605.4843893553705,945.6730080800439
-494.54916166879684,605.1788251128905,923.7147727240583
-519.9845878055162,525.790005405536,1092.2039976807569
-496.48166048125563,619.9922124726477,1042.844927028483
-494.2229947528094,581.6747910770855,988.627
-495.7912723942218,603.04576702223,708.8959059439089
-492.53603425217443,658.6817128864241,994.8422779804282
-492.5661188499778,557.746888318128,839.0311224655768
-287.9904569470564,674.9075477419608,2136.079481448898
-523.2780113056938,584.5983570090124,468.85888058105564
-526.675745453216,562.4434679825943,645.3391353600075
-502.4182344269657,582.1833455553488,778.5020001362932
-494.6558067037515,589.4699397529009,892.4813097939636
-495.0006343760447,494.3870127800385,787.0694696919509
-454.10432770943316,579.9676611872283,1205.474228433367
-465.4402162591805,626.7433820073237,1226.1548130709812
-495.88783746466197,582.541255274668,1035.8616809138427
-475.2361370941626,510.0167763960185,1347.3710446273253
-499.0811142778175,638.965749865989,771.9831183527575
-539.9571288457303,582.2346720681776,771.9392223241678
-531.8360848664556,584.1289855880665,378.3416562539132
-493.89282804823597,581.6216864695966,810.9344265229375
-495.2239039171857,520.2950114128753,884.0927732725681
-496.30114117319704,616.9950943004756,902.7619042219626
-494.2344612984075,581.6769916595606,906.0242000000001
-513.5620549846449,572.6144675059536,759.2664610743233
-493.5931629308998,585.3421606366649,1142.648277818768
-534.5623357493312,630.0466625620188,689.9576045269878
-514.0272366387053,476.26233209682823,640.0000762379752
-481.85504054624835,639.8126466246966,1148.395631544079
-495.5085291878363,486.15443650516545,651.3292623558775
-639.7412899126971,583.4233023613342,655.2840440119942
-486.942709538886,581.2530586518878,753.9378756520589
-506.6276880094631,541.8995052189316,861.1877091078184
-518.3514104811611,733.6945576796395,922.7666658300178
-494.6264147464228,555.9895112310783,673.4565773579876
-508.74953112408525,511.74027331183834,383.500255786735
-556.9638094866168,692.0398221720156,1169.4394483534688
-495.16247732587135,479.11507807138224,1017.9124654868131
-495.52653829178143,629.1911571479238,958.2485715115419
-631.6548982384481,583.3172928444894,577.1762358523027
-558.1668936804151,524.8453804508251,712.128441561418
-494.2099475908376,581.38363253949,739.7788643034426
-516.0652981823055,647.5951473529756,801.3218246809292
-518.5826341573297,533.4918248687391,962.0977177282159
-481.20195064021436,581.0217939981566,990.2530366663327
-490.38008195859675,647.9385469153806,1180.6033887427575
-503.04736686051547,613.5519754101674,835.9202780944036
946.9067739536804,606.9095044030698,-775.0727554525547
-538.3511169234778,543.4695463223004,731.4364699037274
-539.0445550734335,574.920028251931,810.2646815545743
-434.8272361575532,679.6617572431385,1133.5199478203856
-494.7938234259077,567.698208960392,612.057105937324
-425.67607302039914,512.5314023405383,1107.6802365946119
-487.8647695825275,702.6341345169608,1131.8950467401703
-494.3072014036693,574.7457363086363,840.9581981496372
-491.56547728690884,651.8800005153042,1233.0515270871228
-491.0492820317527,615.384669331954,1111.123129001327
-518.7470115699032,563.6462431702763,562.4740381040881
-494.2130662692557,581.6622871955885,973.3626
-494.2415717484191,581.6731593368484,1048.356
-542.2799789912674,558.3795962881925,-32.1393649497368
-514.1204128812788,629.1221166745081,931.4432173215242
-491.8354898210032,626.0730718295018,940.0491121500975
-491.200705976235,552.3787108540168,856.5640342567933
-494.23453149847364,581.6750039470942,882.384000000001
-493.79860832583336,635.680880774652,896.958045387278
-494.8521661147229,669.5483808906797,1155.3209565927023
-483.00450960527655,520.1873329521868,970.2532529550986
-505.7823790550319,581.8951406109587,980.021171716908
-519.5405837395483,563.0685913513292,604.2937001835464
-570.8073251270439,583.4517084137353,842.7479010788393
-495.4522695821065,490.4537907929789,588.3173371841779
-523.3956107916615,582.9169709139991,979.1584753059915
-492.4772124076053,617.9075682656398,1123.665499593452
-494.2261716811961,581.6807070065818,776.2982000000001
-489.0458140734927,490.30175962432236,692.307605139951
-565.5601648968332,640.2870936521228,830.4098010590582
-494.467058166093,556.2619912164826,919.9322200383754
-511.25290149761076,579.1616692263569,969.1397835410896
-532.8874408167806,686.8296367668427,1130.1940156178575
-487.68224899242205,622.4962660767276,968.0204302381853
-494.2795488055217,579.391782334568,989.1586680035988
-448.5941210060796,420.6322849561602,1105.54349490686
-531.7041393902778,683.576382735698,1072.0626003327834
-485.48615949879513,621.80106370461,1112.5185912795223
-494.3134645305381,575.1083442735508,555.9803305999385
-493.9063946832857,588.9061358071856,767.3644283370658
-496.2518568854025,582.7485027571524,1425.7378737567115
-476.0289359879321,581.6342859495664,1160.334581335485
-494.5784567958524,558.6091660381958,528.2682628071817
-566.4900059847257,641.0513090110978,850.8708664939282
-500.7871918259243,512.8369307457785,1012.2051479038018
-448.93999873133043,479.4954033066557,1075.6065960861415
-545.2302662718403,531.3528569886388,678.0887444534462
-494.21780679832773,581.686305392408,690.5638
-487.66558954336324,557.7879924065167,760.3724542803034
-500.6175225258628,579.7130457650146,755.4407193785618
-556.9077655033884,578.6671771296262,791.363121965737
-493.9772646403526,590.1302137182995,1023.5987546351342
-513.3491154487756,536.8913669114283,456.23208197255235
-537.268282374938,686.6896487291897,1380.2734375608475
-493.77838547248575,605.6604346725583,1075.7449333631075
-495.6596729946941,549.6895869937014,826.9202539195035
-494.45365808210727,556.9992754926488,872.0776352388054
-532.3475771244309,589.1204978487106,401.5989968889769
-505.36601553974197,591.8855349783596,782.625050028851
-494.183707022371,582.7663174308672,860.1036732085149
-510.02575480025234,497.4877115633724,359.8175994032021
-494.21776198775297,581.6740066706179,813.2826
-490.34964988464094,544.6807066033239,874.7170232800877
-493.9444065763796,588.700629796125,725.9424788704454
-492.0653059978936,673.7716016600916,1084.4964312458594
-489.8911157565726,529.9603121959404,1007.9512737959087
-495.71266648764936,683.1820814152125,1024.594550934683
-532.4424911395372,699.1557990035906,1202.8207681837064
-491.4160997363233,616.7601392207353,797.5779113071012
-494.2276278037298,589.8323888771926,900.1700996328321
-525.5020098407738,579.8271542167608,487.37971173493395
-486.26667314438555,572.036888547013,1016.6560920756343
-504.39273448089943,688.0961924585031,1843.2763725731124
-527.618257667054,581.8567868144286,834.7753752297639
-529.1971983539029,646.2775836580995,916.9685967568071
-539.1172992496713,587.5814494896912,604.843167186694
-494.22998068819606,581.6600976027072,997.7568
-550.206638949066,601.8601125654106,595.9210359128908
-495.0507402878329,544.54743957543,876.5406135942433
-475.5149871761032,600.7711552501346,890.1905013700755
-432.3393554997615,683.7678251872824,1212.753032440182
-540.6271217838296,595.7956015556348,727.4140087375047
-481.49998545572316,581.0373718432148,951.6684933932323
-525.5813896908703,584.0009904038162,1023.1716259839286
-544.2363973427302,526.9097871947529,766.8859712926899
-514.1661811246017,641.8284702774622,665.5839773032283
-543.1477680635171,626.8826404127128,792.2670433100049
-532.7162465813894,534.3827992142856,730.979267544152
-483.16035208459834,824.0830487371597,1529.8137394390856
-495.9335440537725,582.571905021583,1076.9012689282654
-494.6935654497952,589.9614111736762,997.8253572394193
-548.0442441088803,606.0595402605006,634.3556258460023
-473.601815523823,591.0619618963583,1238.4864086221378
-494.2162098555996,581.6698593789506,934.0457999999999
-470.3862643056809,482.45291956241135,732.6441081826011
-492.56808668042777,637.9664901881449,1096.0758814690723
-485.2719141593516,588.7491691612229,848.073115778438
-551.9008535100179,626.0294158306542,1031.5387024208726
-475.6161303378756,511.4767166358911,1304.3798396852749
-424.9376038023397,511.77545368650016,1127.862621325614
-482.0680451357789,605.8861716291974,1586.1231400400584
-494.21478411368525,581.6781681707935,1029.0662
-544.5301876109033,532.0365233369192,658.4915933908259
-517.1065649704167,628.3730738332076,1380.8224423337751
-542.7972324701257,613.549873529937,550.4903016993751
-492.60343851869834,566.4766812650282,1008.0324352540997
-494.2360967008617,581.6731781311639,924.2800000000011
-539.5846673884471,584.6456774161292,611.7953601315123
-501.21860529511514,580.8339364205865,1124.0987420845797
-543.1279298786153,533.4288261270307,619.2982288567055
-474.4338348881395,513.6997641933561,678.7865130212224
-558.6420432775171,588.2016208632398,686.1469380287099
-494.2941441912353,574.9416062841589,796.0698026480952
-426.24508172763626,600.5335447305204,1192.119134937563
-448.4297458783976,478.3873821181429,1095.4400661895922
-494.5141714686706,516.4085725762507,967.5356326868872
-494.17830525118916,582.7862522496231,879.7365488839058
-536.8540911188816,688.6895816365056,950.5963591193891
-480.45077560743005,540.9884361113918,459.34532339045586
-491.8582948805538,584.364559589487,1136.2850692218346
-508.37582616940153,612.8811367588578,1190.3187634342817
-509.0895849830131,693.6945306572093,1054.8937372016655
-507.24801674781065,637.6699930755626,1031.3119177015988
-511.9974599168577,604.6435024742575,793.4530554814719
-494.215691849073,581.6756461667962,826.3996000000008
-507.66827920300034,487.9541042861727,776.4901076201536
-501.05494629746636,653.0979774957623,990.0888445966027
808.2347537771166,604.4834484149058,-772.7995181686165
-610.1177860018036,617.601168456498,802.4665719017066
-494.21916046392334,581.6794504035264,992.31816
-554.7388432566772,552.3425418060472,154.48686932957696
-481.98726092824154,639.1824710221446,1127.815639316019
-494.23829801033753,581.6645989407039,1081.667
-494.2450105947278,581.6706761733519,879.3434
-494.2233737027557,581.6778397903895,864.028
-499.1518864971217,639.7528165563367,793.1799291182107
-510.1968899036101,702.0948434675581,1190.3817711793624
-501.5998528935752,586.7221716668096,784.010840824243
-527.8916688882027,573.3985167619851,986.074033695038
-493.87715784336115,581.6493205591942,832.2752190242035
-494.22465747965043,581.680415087317,987.1474
-476.0697700693995,581.2918555643239,1065.9258295836325
-494.22121828964555,581.6835848018002,626.1232
-447.071612105992,559.4838499435323,837.0951958824055
-494.2249468280156,581.6805002419746,903.3098
-493.39718244222854,548.0189345671865,1081.5151459641213
-536.8182417141011,609.4571602220552,1417.8725989699615
-493.4500492265165,549.5833526234385,995.788572538494
-534.1469569402084,607.7348453264075,1282.5263465209784
-456.7560056810371,529.1564922530822,836.49662161148
-471.93948869936,581.8461776503748,1242.5017135222354
-494.8127982543547,590.7875343478001,1078.4525105188968
-478.5893057463072,581.6381668946565,891.2007510568286
-489.9930276698833,689.581367578164,799.166725768108
-533.5126872202452,680.2563903534437,816.586175202635
-527.7143836099876,625.738718023046,517.2639843600532
-494.4834281824553,567.498017276098,743.5798803478996
-493.2981477733815,619.277546170551,913.129728303047
-490.5086111397263,668.2295181237741,1201.7693889615755
-557.7881210088372,588.116976270365,666.9686112798321
-492.61053552067915,617.0008001813478,1171.2912631574518
-508.0373262102007,568.5541025249355,910.1385414252662
-490.5068933522175,645.9557583944386,1122.8840085407815
-504.12925107828005,438.53404773986495,727.4808346864672
-493.8636429996327,589.8429231655357,723.3501074148835
-530.9895826114046,588.8644246136396,360.9554875341373
-513.2744120571274,609.6966671595652,862.1302188298403
-513.0868903631385,578.8996550828606,1154.5217965156603
-494.22621390494305,581.6850919847229,1162.4261999999999
-528.3022283144437,565.9021128578997,857.8464554277843
-503.1276289986149,582.2383030000599,911.9481946954343
-482.71711194395357,556.5698808847078,1004.3878944232131
-498.11744505406705,492.9297318122939,982.1110571631749
-453.8870993071457,601.0201062683118,1199.2091237279644
-491.18004160637474,619.6203583187744,923.1718693473256
-451.1565866763999,481.7734930200701,982.259959761165
-549.1963695795935,555.0235509765662,71.54213245623777
-491.59903218404315,584.6488370071374,1323.9134145616051
-506.1150213058372,500.17051141856973,562.553767735114
-541.6636491739046,582.2155802938645,729.8199431825249
-472.64709545316555,588.7641875251055,976.7883240045212
-483.4670910803093,817.8855625968056,1471.6460454792784
-551.1609261966184,600.8726595911581,590.5903564555656
-615.7203450837446,840.660980693292,645.2123854571082
-573.0024973761774,707.514471029805,555.2906477663946
-555.0002789492501,688.613059290313,1109.6474837662035
-530.8487972422647,631.4502823640515,1001.0927529167793
-485.0752308932015,623.7590701418542,1204.1383394889817
-494.218484856603,581.679723349011,691.7404
-622.9696383863939,856.0795276280082,728.4562955757866
-498.5154962541942,484.0116763817698,1156.2893784851349
-493.99182879676937,561.3316699444714,740.6208916994761
-492.52215588209583,617.0858495650291,1080.9326204784375
-494.2188621632163,581.6728558366927,1190.09536
-624.781255199839,859.94984378246,749.264961383139
-508.13135620993035,490.83856619838923,884.6063947092823
-500.55374092036664,461.3725561785386,769.7054755620167
-494.238762571385,581.6828262020153,1149.7845
-296.1505835663811,671.2333962009832,2021.9416587147864
-490.8081559149905,644.6551824719623,1203.536825938819
-546.5221566357504,713.9931645574785,1325.7739800581949
-485.6593473791411,458.6047328847858,527.3296482340448
-517.6899664024886,589.4781498878847,944.6214406721557
-494.5306748590374,603.6292833411769,813.9239400409564
-538.9608630290259,673.8049469150099,830.1337875283938
-484.78918141169834,590.3640705449368,1112.7262397978325
-488.6944575582486,484.2375401711354,788.2505692579001
-476.4914492802077,581.296853982373,1023.4890026285726
-489.66349545868115,556.2028517529775,806.0990158759794
-492.6339903591097,616.6355430584606,1151.3732152545426
-500.84003783398066,584.3465439064446,591.0185124400685
-507.8176969517067,633.862503967011,992.7435098969379
963.7675334707819,593.1883050875392,-760.8049363535465
-521.0330676739818,709.3910827779785,1087.11465366756
-490.7017837290646,646.7861172641038,1269.467590668714
-494.2098687037251,581.6794555349844,1110.98448
-500.7039723378689,714.3745243645317,1009.1761452947089
-529.4897959734556,573.0117053636595,1068.830977068598
-496.4361747111766,618.9801335033526,996.1509607440745
-451.38760374137837,485.04679673597,976.4372142548405
-493.974523059645,571.6450093265969,800.7925951616614
-494.4380644944049,572.4987114816638,1053.127548518782
-476.59121160695577,515.1595785439745,1196.9034443457656
-531.2985520526267,564.5174981139974,998.581075778108
-493.7999188495446,626.9409151970149,1004.6737895566894
-476.26679244424395,638.7756501244091,1690.18288118233
-494.22355556594766,581.6887401985,1039.1158
-451.55700067370617,521.8893729781216,1056.4433967757031
-521.3452448067248,580.0840222721197,322.81265641908425
-494.0301795594564,602.0957137731837,955.08559554095
-476.6968271836213,843.6100589862165,1729.558319767562
-490.18640215766686,687.3713383808758,1246.214962537167
-563.8381880100342,586.2321816141969,1133.8979284262364
-514.0753701292886,535.2014383780704,501.9214390768623
-520.2784482974907,584.289405015736,342.649963928983
-492.67548132148613,633.6432619993102,953.6267363931743
-501.7033388261261,608.8476239940255,1062.5080452920247
-494.2351569359935,581.6760565149459,1204.4279999999999
-563.180357621603,586.1791079967068,1115.8654696651029
-486.3622014077298,468.9379884068828,420.0084369643687
-468.01034499178195,544.0535110513359,1072.1881748012352
-540.6901994840086,741.0733994026241,1590.8250572309378
-524.6098030102453,582.9794130875501,1051.5915145833696
-494.22772062599915,581.6718548661793,754.8646
-543.1047807385753,682.3216206833431,976.3453744911444
-494.20312966065285,581.68012313153,1212.0948
-484.4951673108917,730.7134591711912,1203.9187950748897
-457.69314962112685,530.4790155332898,796.5061534270542
-494.3835501977792,545.0560074333548,614.3549153872956
-509.2498197150135,694.8904850756335,1074.249405649253
-552.4034906688439,684.0151037070912,1029.9258141481096
-529.6585898860656,579.5858852993572,651.9468063193431
-494.1695080296404,582.8717664777363,997.5338252768896
-535.0376042039816,589.6476699856873,482.8868512768987
-552.5272696455982,593.0014415576852,1108.1832904639175
-492.3916336748953,443.8534614636829,773.574292795226
-495.4859057727558,487.5815408106532,630.3248568896643
-289.16020018457357,674.3893305626132,2119.7741574056745
-495.59318513568974,631.5645592279577,1044.0713275416579
-532.4985913239464,685.7505910154032,1110.816480583597
-477.337803980261,581.3172551372413,938.6153809076875
-507.5453410762361,638.9975874598047,1073.7414133436282
-517.2895520134657,654.3459178879722,1059.6849290364798
-495.8388347962141,582.5128210623907,974.3022720125836
-494.9714624538831,597.8864536519684,1104.508314125388
-494.23262276176433,581.6607332779381,834.2228000000006
-506.6907133588902,581.8968221926681,1115.2312097015058
-544.3002569013374,531.2411684097299,752.337681288889
-475.43237304019067,510.749543893774,1325.8756196910351
-489.812691085742,539.5942422008407,1098.049848656973
-543.1855915570118,619.312569016683,761.7392100008245
-493.77991478278955,639.9511947792816,1027.7993887075042
-494.2223102539415,581.6771536799213,1224.3324
-495.413403242585,491.8865165474251,567.3133533223022
-530.3371611499258,588.7293499649713,340.63281636297734
-483.89233418767344,580.8707961082821,1109.3263346085764
-484.45840226122573,590.6781036801508,1177.5753731869338
-492.1888476337922,668.8412227261792,986.2153985933089
-494.2051457869161,573.2787824146891,904.2200815971486
-474.62148745726336,590.58348624779,1141.1672001977636
-485.32093622164393,570.8731429428599,1230.3981677813667
-499.2217471469621,640.5561823249677,814.376053824099
-492.09609799103555,672.7883091650376,1064.8400398876
-488.029753781595,620.2934162667386,874.5277461412517
-495.7411973791077,548.0827992663922,905.9033099852732
-515.1530375075147,532.6492891253831,570.4547070845193
-494.22250309990704,581.6805924889127,719.1912
-456.65286082315856,599.6983919967738,1065.6767976730337
-493.95284564797385,495.90086689743634,708.2989742742839
-506.2104061146815,642.8120588880876,866.9045721007327
-599.3620473706476,582.4989057718894,777.1490993924458
-493.75327609289434,606.849246850518,1167.3059511584331
-479.4485062973331,538.0090554504327,547.8131020372937
-507.01833435503727,493.9529257362092,662.827824980854
-495.31564731299204,551.1978386414698,783.3663196604299
-535.1593814729131,707.4714531106388,1341.4588016576324
-482.34129259073825,516.5302927444727,1072.2958822792061
-541.532773140183,534.0311138463971,668.9548910636677
-494.21124602560894,581.6824743610641,885.9074
-494.2323096650298,581.6805448126594,908.302
-494.24597606684847,581.6881254506308,847.3414
-495.55753455790773,536.1594356405855,1202.7673231619385
-555.3219904649084,602.2690960410929,688.505276439699
-525.9534153318009,584.0213122552456,1043.9417441914622
-501.6981514753654,598.9260489515868,1278.1616708031047
-525.3310612211526,583.5019575081905,727.699366207738
-512.02394117413,486.87934996990816,499.90934672827757
-493.9824066695753,571.9300485230319,757.5214416891805
-491.311549622204,618.1877605448917,860.3749875622799
-524.1896192506863,550.7164232453094,843.7212604307301
-508.70978623679366,487.18996563146436,950.2332616460819
-490.2197681752675,686.1752387826734,1223.5812396554102
-547.5863015104715,584.427304991988,650.0814640088349
-494.232416720386,581.6671797340738,1227.8782
-537.7036660537221,575.1408777493998,763.6561094850582
-469.4359332114873,546.097984103356,973.2145885830554
-553.4203092578173,578.8417888878796,705.8917461546336
-498.74132128837846,622.292247329086,1261.3807470602458
-506.8773905544035,534.0549340856844,805.4812384345533
-494.23092524251933,581.6770913024786,1046.675600000001
-495.4372444144201,548.0365027268149,942.6177344199521
-505.8434991960635,741.4931761385142,1941.5614123966402
-565.5316216552399,679.4044143792851,1083.3118697434043
-547.8576617855479,674.4647838029996,841.8983764617404
-487.7151347958152,733.208961032065,1234.130047155777
-548.2139064294133,531.1547762584848,1328.1810646904823
-485.19682158295404,499.07268016491435,977.7407717352501
-494.23915075441664,581.675322670884,866.6628000000007
-550.2772369089112,701.6998444509208,1153.1730158368478
-556.0484107196758,578.7048185542883,769.9947616486584
-568.7864390094785,599.1133631848004,544.3673864728346
-495.3055563083144,559.012699864647,810.3233887705949
-493.7797904682043,591.3358653988438,1120.7479953943819
-551.2344732256583,693.5034583707879,1173.8898501282472
-514.8102715097957,646.5005891071072,864.2848970127276
-495.74603700559305,685.3381075561651,1062.5592239670107
-514.7919494043272,643.7499144673855,710.8300744088335
-507.95676594054567,492.0561662592321,862.7306906946388
-545.933924091129,727.9481649577253,923.1108901898542
-487.77260534757943,731.9442898602363,1217.6006832002097
-521.9937727690015,480.47486518032656,1215.147891226872
-533.0074485227242,589.2590778222025,421.92137104920437
-492.73447541265887,567.6335853496798,874.5648921682513
-541.4071011152969,743.568517378128,1627.3660486065176
-434.50836107737086,542.306902275398,1086.8473001705386
-494.23173210590085,581.6793933306649,798.592000000001
-494.22176216794105,581.6785860078021,1007.5840000000007
-494.20866613308453,581.6929275796615,582.3784
-544.2816884213025,684.7489800908593,1018.1206939619617
-514.3397644924221,611.2786963623909,953.3469689982228
-453.73748348333083,579.97042408231,1222.6217864319394
-549.656003609859,677.5787795893066,895.6104401545678
-494.49743986915405,567.2855677198892,765.4003949650156
-493.45953499512007,549.981667354763,974.3570708770216
-487.3996105037231,740.7687149437779,1333.3078675823954
-477.11952746898805,558.2798672239287,1089.8059668575365
-494.22130220830786,581.6923384107299,757.0304
904.9017689225748,592.7201362605365,-760.411529236977
-496.11520797741514,913.5041190937097,1372.5207471829876
-424.19237560927695,511.0267329646403,1148.0450490114526
-493.4621604769909,612.623436376361,989.6726343928806
-549.1529035411768,699.2657739921834,1114.645463672839
-490.0482036626099,541.9095678383569,996.5349934724629
-493.9098537526502,589.2973601644392,850.2084485648868
-553.7041382209477,686.3176691853323,1069.786380222999
-494.24106096957667,581.6692393669898,856.139
-487.7437577719338,705.1140176110653,1170.6417146686263
-494.21839020862944,581.6794286168447,739.8966
-523.6710852500919,636.0441261178958,652.7476831956517
-534.7788163837508,531.8432380131735,810.6209956487683
-534.4618461657822,682.6592241792334,854.875312198968
963.7866167536067,607.2988717816922,-788.1327311261302
-554.4829260731065,601.9918286267131,668.922578197056
-481.9833758281493,568.999943318593,627.9770001288985
-509.8952221437826,746.9234149421566,1324.8612066191563
-484.4284360871188,589.4174748092146,997.7820715677411
-486.23232120289435,466.8709147528325,441.4727242542864
-561.3251281371122,586.0478867639962,1098.6067860955914
-485.80556471745194,571.4389567101973,1123.5271074876525
-513.0900630490653,488.4662038613915,646.3118467911348
-543.1052042503538,582.2741224400293,876.9463071784731
-494.44421574918306,572.6977715856935,1011.1822777625349
-494.2269384668582,581.672286932067,955.1216000000006
-529.3909094051651,583.75928956979,921.4619899341042
-545.5839341302142,525.4160681267399,807.3207989897189
-496.0400032603907,606.5889405156348,949.7044460664075
-548.5193752661025,688.185312095357,1082.4266647683307
-525.7315255528817,562.9903567182075,603.7221553659169
-471.8062632901033,485.4056035720876,984.5120341866462
-494.22539194783394,581.6773054319162,927.0576000000008
-494.21220835652593,581.6706332237657,1002.5068000000001
-532.4822490652155,614.8564250920426,836.4735500765548
-487.35911084701183,581.2703053214664,668.4858898556839
-509.53184106735307,640.4373477632462,1212.3253195310572
-523.7537186320244,621.9409906084395,795.6253077326829
-494.6899048367743,589.7613536256981,955.6877569782467
-509.0766618021912,581.6536609710208,1139.7199438882901
-490.17456653299814,684.7185481075469,729.1792365970188
-494.22486601997616,581.6840899619301,819.4058
-475.4258690819711,590.2151134392138,1063.3116605824378
-495.3580276836951,542.2112734592844,943.0562684468229
-500.9975493967563,584.4238334195752,626.6690660955888
-471.1838536311043,502.701288583635,1489.8981596863644
-548.0197215792464,696.8423135844517,1076.117516867793
-517.6348127344609,583.0614489845076,812.0630103450911
-509.11166874436594,645.6627039691757,1285.8871736025153
-554.4685486394819,603.4237582226117,698.8471916263604
-494.2508888011025,581.6624299866415,899.1578
-492.58920855042834,615.4304096020253,995.4670870052616
-494.4518567695377,558.0677029825906,800.2949374355976
-474.64542771823153,670.1928541137096,1444.260240972645
-494.2306810034702,581.6759278633087,1033.5610000000001
-472.7937918369148,678.5997499888202,1652.9304440691446
-491.9446825458567,678.9042549843307,1097.0781945146878
-506.5851079380259,535.1599800222571,769.9163269935974
-523.8891418291516,473.5476455923449,1349.8871350916227
-478.693876300057,535.7667867913378,614.163562964392
-494.2253175975238,590.2322355156247,979.8042273667381
-506.7631055917773,593.1656502445737,973.6427404389639
-568.1496318558616,699.7519012600524,474.7172690911092
-447.65911878356974,559.7753418368375,816.7289941766282
-485.9508399299825,505.937654488097,833.9901575751753
-494.2246880863131,581.6603513573787,972.9088
-501.65601479995075,580.7808375230977,1242.4880756952098
-547.3013363959085,616.5318168422759,671.5762249929012
-545.0779876826623,584.1138651245444,614.0292956489538
-502.94927500715676,613.1357787972518,815.1105450999474
-490.1016436957109,569.8839086655421,879.0208679779254
-493.9729581291044,497.23740256750625,685.2171733059777
-501.02834833770476,580.8535345729606,1073.3604652605534
-537.9996663792217,688.4356841663798,1415.7779186122552
-494.9050854117909,678.9589599600204,1359.1719060052671
-495.77926257836225,522.5461954591863,1116.4103981997814
-539.0668851197238,691.0640947606321,1469.034725167319
-508.12270931288185,635.0644368400779,1032.6673219853956
-536.9076429940167,639.866413707517,1102.1724286842089
-494.60111084830396,556.3739190011693,652.7156215726231
-494.2314847416678,581.6653787796185,735.3972
-546.2910029432187,621.7130384368932,858.0963386487556
-497.58643551212344,453.09327095659324,761.2519250535483
-539.7905815743006,692.7994111096591,1504.539788163987
-500.85577916054353,717.3840794592941,1049.0461924163608
-517.9864318298592,589.563433951894,965.7352317767038
-513.9279449869623,610.6426195096407,916.8601490602007
-505.5173360234571,592.0069695788977,801.7267745002109
-491.1801212715204,509.2584130950501,759.4401915409477
-551.9029487108724,654.8402788115586,748.0092783987066
-507.3937184579786,638.335068062537,1052.5266369421556
-529.6203028214709,575.3504176254634,681.734906187294
-459.3090588805385,564.7183480658823,842.0939977748573
-507.8536902897663,568.7231814822802,889.3782814900004
-526.6899382459785,579.7628779348383,534.3988794970345
-504.20528539428506,608.4204119387402,990.5889135865604
-603.325483731958,582.5325037580787,834.8273762641043
-580.7285769892967,601.9269210519205,752.1688215440388
-475.8187934881696,512.215472096063,1282.884726526753
-495.33569550887205,543.2217965588678,899.7711348047137
-493.9035005909882,589.00207506728,788.075442355356
-598.0397967893475,582.4886673798321,757.9230682807263
-545.9146219870083,598.4067636149837,494.5048129120621
-450.90335542635967,483.9294450472112,996.270754536162
-541.0473940822619,535.4827369852834,560.5061608957826
-512.5044027973884,491.3657343977982,602.9880034602319
-464.0871252529155,578.1812168612196,936.9402648652405
-494.2268930473399,581.6845298771459,969.2006
-494.2390278305422,581.6705014406361,761.4015999999999
-449.4119022707541,480.60929272392116,1055.7724889128378
-494.2353537421359,581.680234432969,886.774
-494.21204827271777,581.6641250694345,951.4988000000001
-564.7604442793331,632.2331479246216,699.8388661108456
-490.9932316061204,616.0979550999868,1150.9265481658608
-535.6055008399319,638.0966458876396,1045.766251139037
-421.98044823781674,508.77440892292026,1208.5930433277085
-529.435399996818,612.1943084108416,709.2275707046024
-493.3014711863734,618.7991120549925,892.0795952811326
-494.4384539463181,558.4562625510791,776.3680803085441
-493.32838485826915,640.2384303084618,1057.8263198619632
-489.7727710908025,528.6198824213908,1053.6249102866639
-493.68748028012305,584.8817988995972,907.6556199316265
-500.3848177896534,464.76476512884005,726.8171598077729
-516.9780191920636,579.8075138008387,851.9561420706724
-493.7927792366022,590.8336868654868,1024.0425093896456
-551.7817796995578,694.5591670686351,1192.1827240546756
-503.32248870067406,408.5649002269108,863.711749798942
-552.1810695495019,585.4589986131781,847.002866162624
-566.977035925642,681.4035783447991,1120.7128304741595
-507.6561343403969,633.2638154092556,972.7816020462998
-491.7337800640553,688.3931686115104,1277.524664580607
-494.6048223001769,557.1109561753574,611.2329862592961
-482.47856991972185,517.2539693065155,1051.8871205028333
-498.1769232207116,688.1496599237439,1205.9665874557888
-513.6597020573831,628.0155308858057,892.4279488235435
-495.4727587057755,546.2773069809639,1053.1682254319344
-505.9994674572124,524.9443142921095,169.23047975382025
-494.3068980984922,579.4158799616075,967.5780598910342
-494.2255953229337,581.6771584858773,1203.697
-549.2361925929572,666.1273007994675,1159.3931052324301
-476.910804643408,581.305040848508,981.0521531236429
-547.5687621942857,649.3590156866258,635.4871312361644
-485.83412422866013,596.8113298043717,872.087754501368
1244.8360711972455,621.5875165635427,-804.9959610630722
-521.490042690119,579.4362114997712,1169.7220660960088
-494.2278416351455,581.671833855052,667.4681999999999
-566.6611493336231,633.6181079978826,739.124326836585
-534.9083068285054,608.2218060554907,1321.1968005515832
-500.71877020633656,457.9915048882963,812.5946833367616
-494.32665709828893,586.954326824346,737.9496614871337
-547.9848813981926,687.1216263858296,1064.133823705131
-494.21957671135397,581.6846778357769,970.988
-500.71538779401135,513.6874785773464,989.7376088990407
-500.9722134520857,511.057811641821,1057.1368508464966
-474.1542513701879,581.2419801085275,1256.8913654188038
-494.2252409783714,581.6692590784392,854.8355800000008
-510.2925642000682,846.5207487901532,1719.9416494631823
-481.9180622810793,485.2909900512318,393.9339220532073
-547.1598446943804,731.3861543149008,962.436575793658
-494.2181552507709,581.6851536913127,821.9300000000001
-494.21137431050965,581.6743698778289,853.5369999999999
-558.1502617717924,584.9615788342435,927.7773595461458
-491.19076059940016,613.9482873388764,1031.5165651782072
-534.0309403573128,616.1750714736329,900.096196145874
-521.2764429066422,584.3946497140129,384.71964526468776
-481.28471923226334,553.447450540496,1222.8890440478494
-492.5456029707939,618.4675872411322,1250.963357821171
-526.4254042323328,641.1678944311084,784.858034793949
-508.03054569576034,640.9954395056182,1137.385090201285
-513.4228509044731,627.4701239601527,872.9201824892992
-517.585752790922,579.7473865167174,894.3248326069486
-493.6939778112476,631.2961847479397,939.8923180115031
-565.5118766426419,518.3270019335162,880.0929895973278
-494.54282334512163,566.7659092455269,916.7804316176704
-492.6862426801458,465.0879367837744,538.4774006757197
-553.0542630496907,685.1656928165858,1049.856121830048
-534.2690454346107,582.1720869121236,582.9271130358566
-494.2437161835164,581.6698239360921,976.7902
-466.3722204618016,625.2876887298431,1162.5364739326149
-494.22194977243157,581.666341095306,975.2714000000005
-500.89739425410994,579.6256090084512,823.4363683906457
-491.41178629660726,655.9394860826668,1347.9510822921893
-494.2177621403216,581.6838991502481,1071.42904
-492.78434146841755,561.5358230882784,1161.2211975734838
-493.76828210290614,627.4726705374949,1025.0758385639008
-509.3725932151665,615.040870832649,1324.8799541959554
-502.8117747441206,582.2148576288628,854.7570235298657
-495.38575291398774,541.710014947674,964.6989299478419
-482.51656056401,636.664169884266,1045.4955783881458
-533.4249783060177,563.5297866454771,1099.1060810561544
-491.89639023329437,681.0230692403875,1137.1769246746821
-551.9815065828866,705.3381391603756,1210.9646331411282
-529.2579390060091,579.0017940170146,960.178885988732
-494.23824899880674,581.6767455698593,916.5662
-487.58170437400213,623.0522261172516,991.3933259879581
-486.6503439314329,572.5082392952636,931.1593182576189
-472.16540859083216,588.9286630731295,1014.4272216871816
-481.71075442729307,640.4443350000121,1168.9754839675543
-499.55095537615057,644.5434872781366,920.3579978515024
-506.6642135722375,496.4393940544094,622.718103449654
-494.23326283615734,581.6645296447837,1073.66952
-506.3032968234377,498.9218365629695,582.608208279314
-492.6818632058105,560.202943826137,1289.0057485989846
-252.00197071109642,504.99727528007134,1243.5501369024803
-516.7511467631202,680.3549078999484,877.4427665413411
-505.93544202743783,501.4101699271291,542.498720753974
-546.8620272411881,630.317920560419,909.5862015148077
-551.7014467678127,578.9179487438421,663.1550341301878
-561.1724043625586,586.0579701192607,1061.7690566247115
-492.81561607817093,568.4079907571922,785.5865589623813
-495.7471261941241,547.699832071512,925.6494558645711
-501.3460628878852,607.6065958007966,979.3320165688222
-557.3622367018093,583.1276249139426,562.8237092499612
-529.4206074522685,627.9758412719473,581.8367290137315
-541.735497760083,534.7995132758555,580.1037619787985
-492.6719446710674,520.9660522927846,853.6935082154682
-493.48051677608305,551.5561241098549,888.6306814975264
-473.95203837700365,581.8202602570918,1063.594637365073
-545.317757053599,726.2380837800924,903.4473831094598
-491.6096084470496,693.667841097179,1377.7725503811282
-506.8814668921964,398.7082284726439,1139.0568456243836
-494.2290300042714,581.6702075078651,903.332000000001
-491.06308177971914,696.6257988536718,1169.5837151700784
-530.0437283284255,581.8655477722779,949.3740562200699
-494.24956931935276,581.6578737891235,858.7374
-513.8673603102804,572.4697498257783,781.8541343029194
-505.6338116251941,570.8447453227267,619.4927869471729
-480.62795498164223,475.04870321792896,515.5801447267004
-493.6806835403845,633.4495708944279,1013.4136309948302
-470.2702885931444,564.4523786370481,975.5669333882237
-487.47205496240986,739.4962633161315,1316.7789704593247
-472.7392717202142,581.8371301586426,1170.9388361024885
-431.0710753247249,685.8519879574719,1252.3665803473555
-527.3801665256842,610.4167876703757,624.3975548295541
-494.17333211821324,582.8538059445108,977.900948302663
-535.0283437123067,575.5413954144565,670.438531127852
-498.8030389877895,622.9268366578899,1292.3455774559118
-534.7448558056412,706.295206696529,1321.6531300830886
-495.90331737337965,604.8257572898225,829.3000597012166
-547.327393525861,597.8264832174387,940.6137390526492
-474.4060925968006,582.3042017480874,1075.0229510131173
-494.2409046560906,581.6836596421558,1237.357
-490.87692614232174,502.53131995740824,899.9051699855204
-568.5609642237118,634.9940684107696,778.4101102853884
-548.3459813818572,584.4508941458157,669.916702533526
-544.3865368181246,584.0620263474791,595.2194921396831
-507.1634960119686,532.9781439380474,841.0469312355432
-502.17604455457376,600.0606319828421,1412.0193588254588
662.8950797192938,602.0987597542439,-775.3680588629104
-492.46254525146514,447.39575755526863,734.3917893488674
-544.3074359997399,614.5364759584033,590.8521616030323
-494.2354549493907,581.6701845208734,1015.431000000001
-508.4429335331206,636.2579420584916,1072.59128177163
-477.1505459256573,581.301975463474,959.8340274128111
-493.7723051550888,591.4294683546633,1140.0891245537798
-561.2189181029148,588.4638202887775,743.6812033182935
-569.3594940432329,701.6850838766968,494.8615211751765
-494.24620303750316,581.6830087972427,948.9424
-613.9186347309533,836.7906116959898,624.4031078178352
-494.25804020822034,581.6840455267369,969.2626
-494.22456836705305,581.67115498318,1100.275
-542.9155053134236,532.6357805335786,710.6463021548499
-670.5302691156562,677.0171689636081,734.9458666446192
-504.907780776291,427.16239978962085,845.0745588466427
-473.7131920292454,674.3928095811315,1548.5954472852595
-552.7543112969447,655.937121284988,770.5142750806713
-543.3028560278426,535.7525477848044,1139.5923311133472
-528.7341965942273,582.2375638395152,851.1379041296564
-525.4810916228109,573.995088457593,861.9389894400758
-483.79941378081503,580.8658136832112,1128.1760072695172
-502.29355045765806,587.2268305946614,929.9495805548265
-544.0839008967052,580.4863671095084,1367.388477741642
-484.9240014890602,487.306050403875,711.352374246771
-494.22727558351835,581.6626061417103,873.6641999999999
-524.3174444410349,579.9064413801059,440.3604558488912
-504.7979109773337,591.3903956063677,706.2179384833053
-495.50757444743317,628.5895961903627,936.7931488930928
-561.8775470616729,637.24841184621,748.5632824434808
-505.0487542500405,610.7196664814596,1139.935277730093
-466.87709294237766,467.87877303381083,950.6983056832088
-474.427808805332,601.8671469311937,985.2621984981357
-491.07007028572616,547.1719271590157,812.1522404764454
-490.0987044475605,532.6422896573696,916.6039544725796
-494.2162260258501,581.7019002449574,865.1964
-490.884564340269,549.437870773841,1018.6310422943055
-518.8657148821135,583.1237746522698,893.0947574324103
684.0056208161986,602.4679623957759,-775.8041072588512
-551.5148011668125,585.4053397191216,827.6474632385496
-495.541986421327,629.7839642747456,979.7042790714647
-494.48495005507584,517.9223065036381,928.2230078804946
-561.8459875512926,586.0984455889554,1079.8010637906832
-493.75762836822764,606.5593323936698,1144.4155711558997
-504.242973500724,436.65123443973835,747.0808083205102
-501.66967761548904,733.8997121168477,1268.334035865217
-529.0326045997388,673.657323975407,946.6091166561342
-531.4389434777895,583.877540318162,1018.34297009819
-494.21384376953574,581.6794570895197,997.45184
-491.89015767556475,625.1758783968966,906.1024712393903
-463.4236072359872,578.1086830868271,973.7798552915476
-509.2080002821599,607.5800689214252,1394.488516657534
-494.2477790898256,590.1115817642213,959.8957972356975
-458.49215342327943,598.8111348915495,976.6552092281772
-543.6899212769499,584.0378923584149,576.4098149788094
-507.7490501686218,577.2301901976916,1219.8141514192505
-538.8030995565346,694.4997230554769,1019.4792503870204
-593.2423940050999,594.0498831862249,609.508850816443
805.6778596345557,613.2238614325622,-859.8646049296804
-568.3399625996935,642.5467226235608,891.7945268587141
-581.3948624942004,691.412611116773,969.3074326909141
-495.7610878591827,687.5197028086416,1100.5225551664741
-540.5555985263786,629.812674209864,954.387609702906
-556.6423133993935,611.6353966954352,950.2069440010688
-494.2264345811145,581.6700028706911,847.807
-494.0583405154007,541.262910178101,869.3927622248493
-474.39879523845866,590.684774641617,1160.6308370492075
-512.2422632331586,604.9561951880407,814.5064284042195
-498.596090724061,482.0361567411221,1194.995995069197
-494.24103594152393,581.6752723885772,884.3696
-493.0841652793249,564.170130879098,546.949985743479
-494.2159907542373,581.6861783441962,1286.2386
-492.7002925405868,521.7223107568128,833.795134891051
-567.7099618569184,682.3993584465925,1139.41316256326
-520.9115686399573,484.4367556394154,1138.15418020641
-497.5376409101482,454.65137462178956,742.9552128539322
-506.84030649423767,495.1953486685693,642.772925569564
-535.7057793645372,686.6925141925184,896.962202596195
-488.32949352504147,560.2191281313385,606.2225094383458
-558.3259503503573,583.1546205854752,582.818149283685
-502.34204712244036,427.47599407094685,687.2308015717487
-493.7701299375203,591.5300093102311,1159.4302213397618
-494.0562315214272,541.743080809036,850.2161011510594
-487.48896149025313,623.6157642188789,1014.765975778192
-494.93441529106576,502.3318190445211,646.981177279331
-539.4251407390802,691.9318720875442,1486.7873098410146
-494.2053390028377,581.6842292876468,912.7201600000008
-668.2062120062692,675.7635942286299,715.3735056091718
-528.4400525754497,581.8597404221977,872.9746827335481
-511.85873006926954,579.0898320897368,1030.9338648747255
-501.0944247258635,584.4526396287681,644.4942736197385
-491.82167856623755,684.1795406810224,1197.326052433524
-517.3320306685355,583.0482459410558,791.804997430655
-505.7222757786717,739.9813804099604,1916.2131317071855
-548.4295940954216,650.4439074037246,657.9923305123185
-494.74159859592874,569.3155919963943,453.21853002929004
-527.4925871389921,573.4970158086728,965.3847992163211
-532.6378495364224,606.7368718543615,1205.1854589930153
-619.3536385269936,848.3718185030202,686.833564501007
-490.9743108768514,550.2800534711491,972.3262192652815
-615.8069240770949,594.7735486766958,235.91083185187037
-507.3975466994036,577.3394150196614,1169.0749838144993
-555.0013545157558,700.9463131727136,1301.939248681361
-526.8946288681311,547.925108142548,988.0895799116641
-532.2701069917184,606.4926638962776,1185.8499917513238
-452.21106104139426,484.19029883668065,940.3231513348917
-546.4744487826542,584.1817360990781,651.648513201896
-494.22874334096105,581.6757605489452,925.9110000000001
-472.94545466324007,581.837663178298,1153.048172401588
-453.3070672928611,504.3730669909197,1166.6335419076927
-494.2228664208171,581.6675562280016,934.9718000000006
-490.5112967267928,763.3627631379234,1244.9332956498965
-490.5613429284899,530.0672703454234,1055.0008009151256
-511.0543755316928,579.1850638912106,948.5417218216772
-494.01979729445725,574.7155805997375,666.682119576561
-471.08560702855675,485.35214872253573,689.0321006222714
-490.4166332937971,681.3761368423675,1133.0475051486962
-521.5244794251594,588.3296344153532,715.4907196148642
-491.01230909117385,699.3371285360713,1215.034004515233
-507.48150192518756,539.1297869048076,973.9111062076347
-495.93168279029305,605.1187942031314,849.3674635040712
-494.22903673426936,581.370932520028,762.4046622626636
-641.7403270826383,583.4595452824183,674.8128760250736
-492.6028695677744,517.9495781190095,933.2874077234369
-501.8999206794101,435.8824312764689,608.7950328272622
-548.4576928077522,675.4907276919093,859.80286494265
-454.3927897581252,525.8426264482032,936.4720395003811
-541.246294174962,595.9706091495262,746.795597920848
-494.2274603748665,581.6774888732718,1054.6151
-486.0215599447188,619.3395973083952,997.9944953373491
-491.02910945968233,697.9816681811949,1192.308824656074
-562.9466471829346,588.6367288985463,782.036949387204
-521.3338070177638,710.9007510851454,1108.683557523566
-514.4783055958469,642.7861777153921,688.2071907976676
-494.20779676246184,581.6756446321306,850.5354000000001
-477.17659872041395,635.8741812643591,1566.3580795943924
-466.05428352881245,625.7768077100783,1183.7423658333576
-494.3082363522899,574.6080848559916,658.8104090391332
-510.4227086852907,848.4576413751968,1738.0585181675476
-496.5032182994489,620.4976889480199,1066.1919296495803
-583.5390775557694,694.1367137989853,1011.8245869134801
-478.01548348782944,454.6029213706379,758.8761162666029
-477.317256527838,558.5419093759106,1068.9527569694187
-495.2297349566479,553.9018088684036,646.8649067240533
-532.0913962365646,684.6730590249185,1091.4392014317002
-508.6263828214794,581.6525165612627,1082.2216947741085
-301.98505181475275,668.5718928644217,1940.415676274427
-507.45872281355014,531.8980140175029,876.6124740477658
-494.2266891397362,590.0302968570885,939.9871734396436
-511.1027594579232,663.5602777850672,810.5615932332605
-449.1739697786138,579.7720373564923,1445.5425094547163
-546.4020251254155,529.1378469135575,814.8737303191531
-500.423573823334,579.7584863491265,710.1103056628457
-495.08065426583516,623.0649104391784,942.0739351031597
-531.5975216125887,675.4436114307764,740.0086965052564
-494.2324628414108,581.6692191156931,914.4646
-518.2697064744129,529.5264013056023,968.8594336875279
-507.09942305473555,555.7650945240368,802.2892056114232
-494.50897549356137,513.4467355859445,1046.1630105101299
-498.7714004627637,622.6143468805485,1276.863090381344
-433.58113856500904,681.7139004085379,1173.136475997662
-525.9640248884339,640.3064776193319,762.8399990819723
-519.4548192337807,701.907171925139,979.2673043722674
-492.18208161376606,682.5037582206664,997.7429411657504
-493.99548963624557,562.1552764039665,680.4649591479167
-565.3891588210579,595.0958118620229,354.1465955915503
-494.2164530958778,581.3573175186398,852.9078631118286
-562.6135729349489,675.4261252492283,1008.5097876653232
-490.91677730714264,642.5462931842604,1137.6052292941663
-445.25188180400323,558.622139209534,898.1922966432849
744.8567878457161,611.7601661932588,-854.8135392267268
-502.91488124747275,582.2206887044924,873.820757998823
-506.5461621985414,495.63231983540953,651.4824725824933
-508.6540401151892,613.500943425151,1228.7648262040314
-487.5103431383918,738.2455897548703,1300.2487850807872
-476.3361589676308,557.2202015892144,1173.2186786627462
-535.4785923491118,587.0913567122067,494.6849991462344
-494.2302012482587,581.6542993340229,851.5132
-494.38415921609203,543.3313417298186,679.0934795522068
-494.2111913437129,581.6937937787934,578.0574
-486.85617628186037,581.2440409780488,775.300961172381
-533.2267646578628,533.7545089646651,750.8900764159101
-520.7729880603076,584.35170364722,363.6848952326726
-495.0483755588857,622.0815829899436,901.4376819623432
-494.23102385287393,581.671817061714,838.5272
-492.427923309624,662.9858601446558,1092.1294446828424
-494.2127296661338,581.678104611933,975.7471400000009
-552.2967688672338,609.5541452830798,831.7618941044869
-495.21331759196937,473.908874965208,1107.7388405699273
-531.3919892919528,578.8446842505518,1064.9610879674212
-511.7575294133844,604.3271869763,772.3996829407998
-613.7228188994786,594.5445912845805,219.06941299137233
-518.3553768650138,563.9240117019068,541.5639059996097
-658.9251167473794,670.7347958606554,637.0833502392875
-492.60375590145077,559.0674747766029,1395.4925591138988
-495.85327570798336,519.9341867435382,1198.7326167124445
-482.46166804453946,555.997056453502,1044.1153310970496
-494.2318598785773,581.6705527506291,807.957
-549.562585193119,618.0138059360881,732.1191059191513
-569.5502537279854,590.3955825091084,443.75515387902936
-501.7970235237776,609.161566133273,1083.301970115316
-472.15889140164427,581.8354337285327,1224.6111688538874
-429.1197692086266,495.74491504142134,1010.3336911476483
-494.53603141918256,564.8059449825263,1027.2476430068232
-492.5144094123791,565.7180422254896,1097.0109428428932
-494.2256454760227,581.6664163334059,1107.721
-493.4535203496648,612.9963373139299,1010.9229312544612
-494.2133510240301,581.6875117579775,1265.6032
-494.23407152166465,581.6705158272489,819.540000000001
-554.9106838415396,527.749294084422,637.47746689651
-509.07289791230346,607.3313845665712,1374.3961395690274
-551.4118770425316,704.1347348089388,1191.7002467504099
-556.4140902474514,585.7252912295886,963.1273292446392
-494.2299516863334,581.6802264437415,1184.8135
-506.28216433843386,543.0211576831002,816.0988089649961
-522.2682547229997,583.7541667483771,836.2400239516594
-494.52193130868545,566.2486763665596,874.5033574444019
-492.6057844460024,636.735032442815,1055.3760169363447
-506.22414866667486,582.8546977876124,1502.2641789029935
-494.228684193537,581.6820222422947,947.0716
-507.4644528765127,489.2410859460113,755.6562314226283
-509.14251609964185,738.9974808185818,1225.2982310482055
-450.11426111953824,479.3530191413071,1024.1968168058647
-494.2447191206302,581.655057087683,993.1414
-487.68554703335576,706.3556665137289,1190.014927006326
-483.1433041126402,520.8924245885523,949.8438639337594
-552.1892890613867,600.4324668472264,645.7930691619301
-468.8676612752274,545.2854419884137,1012.8041604270384
-582.458959009019,692.7776963849228,990.5662026963586
-256.3204442093779,506.36369679250924,1208.0284888961344
-527.1570241344066,624.9858370110139,495.73968651419716
-500.9638360647832,652.2703814659003,969.7746199761201
-500.81165748859917,579.6569643859116,800.771114375278
-494.2435454385086,581.6691449069131,893.6894
-523.1205774517177,579.9742139541486,393.3416132523803
-495.0239913557475,545.0627961367238,853.885187602641
-548.0709050593064,617.0044839939219,691.75722022164
-494.33642515235306,587.2470007074594,822.5128940290044
-498.1429948299908,431.3239294805625,1017.4094797587288
-494.23758663595163,581.6720564573454,815.8542
-541.0199150352194,630.3216401470485,972.1267738711963
-494.22658316108937,581.6676425620544,794.6514
-492.71223804363945,615.1649615959709,1071.7012160619408
-494.3272012383047,587.3131647530988,843.6537353828854
-524.1160595044516,583.8819015976966,940.0907991019552
-538.1976949553004,595.0577838047085,649.88662996508
-490.0429526092189,531.9747575960984,939.4408661472446
-494.2275386314359,581.6769966861098,841.282
-494.2271701892564,581.669082324149,740.2964
-539.515412844484,636.0026623307158,867.3127051618465
-535.7050480277524,575.4106731186916,693.7424961980095
-491.9707052947874,623.8350224852139,855.1823919171113
-535.5388732661822,582.1805694146944,624.9296316831916
-544.125701854394,597.816397966023,451.27960083299666
-495.3446470774293,557.8867524212651,888.0835898911866
-494.020649486039,575.2447789367006,564.5592662136269
-517.532540481759,629.2567194453018,1421.455506549655
-654.292386546962,668.2137740271801,597.9378552183957
-494.22597966499234,581.6723560646768,882.3503999999999
-496.4538205260196,619.4897266326902,1019.49784377023
-494.23274276708776,581.6819281083008,669.1302000000001
-449.5958199129177,478.15412421546796,1045.1661739119872
-494.30455308119144,575.2203925244928,535.4143753040399
-560.9960853697096,613.7081580602867,1068.6518140097542
-509.0708916291128,484.7644142748412,993.9851786404348
-570.5735967172598,703.6369506356323,515.0037257958105
-494.22042061486127,581.6755527872305,668.482
-495.3928120800465,541.2128005645005,986.3417158424368
-517.9311366111065,583.0776620879561,832.3211172919841
-519.7638129068623,703.4112104299081,1000.8364301065086
-493.97354014241137,590.3329117599678,1067.460385752654
-494.22354801063966,581.6785913585724,1006.73236
-501.4279431405057,657.2875472981791,1091.6577255604846
-493.66599789632596,633.9973675137309,1031.7936649944927
-541.8463734612562,596.1577623683664,766.1776256800052
-474.46548461110615,671.0252068501105,1465.1275974182522
-510.469026859098,668.8384303964897,1062.996903573649
-494.2250829809525,581.3614065615438,785.030460852682
-494.39841389281537,541.587188526513,743.8313877517201
-539.6969122790906,542.3157120189969,776.6331372208656
-435.1924269741867,542.7531132144575,1065.8911610354917
-507.04818479348717,577.4629356390737,1118.3358337373938
-492.7191847852728,560.6370217912322,1246.4107681758187
-537.858731046095,634.0198744942118,808.1943952138499
-538.7061145364069,690.1765884215424,1451.2830229276276
-489.78419114247663,556.9137368456604,762.9763107529667
-451.3774129352032,430.4084602321377,992.746337065506
-495.51199397378855,590.6869180665017,1167.0360153508348
-491.9269213982607,624.29466155167,872.1554316360325
-494.22087120761375,581.676130503675,1069.163
-496.30140254736807,941.734079971143,1553.294309971986
-446.4028815110987,412.7973224160912,1195.7808325920514
-495.8154504018546,582.5191955912778,953.782467915602
-546.6401963240137,672.3811738779036,806.0911329700268
-494.2362296476381,581.6642353350921,1260.5546
-456.9332066548236,563.538493633207,951.0980706032135
-458.84062552167916,564.4693497261019,863.8948098351694
-471.4591657783071,589.1612320104767,1070.8858268411263
-517.0369767707043,653.5637590680029,1040.1448841225124
-507.5115830507832,577.3198203297256,1185.988099051569
-491.45211356256686,584.8228563185676,1448.999034196515
-523.0513793014538,620.9553746190516,757.7053187520796
-490.2766159238911,570.4118866615408,808.0656057539971
-489.927773915344,691.2137279051674,822.4951145143846
-522.6788331472126,620.4637126572743,738.7456794047484
-492.81126732416874,568.1837710824893,807.8308043863134
-494.22615099029554,581.6800509093221,947.1892000000007
-481.78453475658307,568.7918919778141,650.3109590017575
-495.0960171226152,541.963383517646,989.8175975364755
-494.2097470230192,581.666462666411,864.0436000000001
-494.0275491881812,575.3371188492276,544.1346276978328
-429.2204675232624,599.7145695784818,1107.2489043489095
-508.7499367386731,480.2855793895249,901.4988679938016
-494.94781546585864,500.0513815945046,687.0058457792521
-487.5726366595891,736.9702657561124,1283.720023022749
-533.9845331146278,681.4540280860795,835.7310260693538
-524.0259364034459,583.4364582231802,1237.480704931814
-492.30210240869746,676.7105492411408,897.2228980060486
-565.1746702602845,586.321115831382,1169.962250364223
-492.4844272798573,661.263803856405,1053.214597402907
-537.0099884444974,544.6353438349063,686.2399959119466
-511.4716342448387,865.9400580649083,1901.1071640054838
-494.3005563571128,579.0228424426393,1269.706468062703
-516.2978427508313,472.59094606790677,884.599322470691
-494.30158429222047,579.1383957719625,1183.3840711495004
-476.0862555284489,639.3482157239209,1714.9481313749652
-481.6455342829895,581.0471333680715,932.3762019019505
-517.7318961016535,729.9235173495647,881.2035038068974
-494.24249264689524,581.6715387516766,972.54044
-498.4720836847496,695.7132559099891,1345.0195752761272
-494.3830642137209,543.9019672736156,657.5138150478881
-494.51420559869393,567.5430608321365,830.4845049119214
-557.7671300586444,578.6312784822403,812.7314868755726
-494.95160602981787,588.1779326428777,723.1412034772025
-530.1148431788788,578.9334724129767,1002.0916910611367
-523.7203872635175,579.9415405988109,416.8509881534115
-495.0985551360209,624.0597721275283,982.7098896290049
-509.69587179196697,499.2582443124311,336.4691954422294
-656.610883230805,669.481299575978,617.509981174063
-491.20861198963985,549.7837767852318,1133.283992391838
-490.37702661309777,769.5551566257611,1313.0144411195265
-519.70932818238,526.3950102482404,1071.64594955359
-545.8336898811613,635.3241947344878,1149.5166855719176
-511.0290317818667,492.1880484496817,429.863899999507
-494.29256471582676,574.8449806603029,818.5140084017207
-577.142679111646,641.1451665251639,955.1959393394143
-546.8336276327452,584.3862180446031,630.2459697905686
-485.57917447369164,493.926640919478,608.7967328718074
-663.5721294936288,673.2503294649043,676.2277021860396
-491.80471232528316,584.4194660106018,1177.980274124696
-490.37723272770904,682.5825505108371,1155.6805064267733
-475.631533586396,590.1349499203061,1043.8477666344802
-494.22888735300853,581.6808906184397,904.8998
1304.013499710045,622.9521382746068,-806.8636321882241
-494.6758602675525,589.660580650672,934.6189659093607
-563.8025150480421,631.5603592637653,680.1958610570777
-494.23185649756215,581.6764000396481,806.7782000000001
-573.4985896816702,590.8585345897193,506.53047325725
-513.4692422253752,610.0087051184754,880.3738543994596
-510.0302892964787,700.8975657451263,1171.026239300593
-542.9080828238241,580.5137250143937,1317.0270246786863
-494.2165635111894,581.6857702577013,718.2368
-559.8975229173645,594.070820597216,268.84739960774266
-493.95370414074705,491.81602160404304,777.539762775914
-493.6856122227132,632.3723384906874,976.6529904196863
-470.79102673298985,501.25927217456706,1530.6943436997437
-495.7474138313114,523.8445802445169,1075.2490684922661
-530.4472080437495,613.0786423752363,751.6430536428883
-502.0835239509729,587.0846362584662,888.252851105399
-494.23433614998,581.6789032188611,828.9736800000001
-545.6852614077602,529.8543786581433,794.0292974267884
-555.1592531824335,578.7564356930691,748.6276305542767
-476.6327834736212,637.6178020012612,1640.6528880675032
-494.3270635652243,587.091606506878,780.2313198220833
-495.531027351926,590.7910740324232,1186.3421806414367
-500.8845738124737,511.9474000335083,1034.670982810073
-492.62734200358045,635.4988384751352,1014.6762874123804
-504.6651610126801,591.2601636504621,687.1161322528044
-527.6525001989164,561.8579871572199,686.9547062166537
-518.5508250532216,583.1076338496983,872.8369284415335
-501.21323270259745,724.891011542662,1148.7225498125674
-506.38887715227133,496.8973769847947,630.646433448697
-493.51196599155037,610.7289246388489,883.4217990603414
-549.0664859573708,676.5477231419495,877.7058767148599
-525.0545571745774,638.5947502235181,718.8031892649853
-496.3651432599945,617.9962388465101,949.4561734167617
-468.29550678238274,544.4594184707017,1052.3933942672713
-476.1428685779165,556.9588986453591,1194.0719475881476
-483.7021446566823,602.6126487813201,1270.6499679106348
-514.1413435198415,610.9505789640899,935.1036267985518
-492.5552849776618,516.4497584851978,973.084700837928
-520.3653440112664,486.4184134241141,1099.6574127825045
-543.2968772800714,580.5043622142382,1333.8142290629942
-489.91336068894225,569.3901567691205,949.9764230821264
-478.26572654622396,456.65467144936065,734.5471053418161
-489.85395066496494,692.85078548975,845.8231671654299
-548.4934956904876,601.2524093153868,554.7506405495839
-494.8267910011457,591.1733960421823,1157.8591206378624
-495.7565848367451,686.4353236569816,1081.5405468682404
-491.5621038988156,614.8657630111652,713.8482403411847
-494.0740262490922,542.218549703259,831.0393088716087
-494.238881140275,581.6701072946374,709.15092
-545.5032988586654,533.699163596212,1223.4088493219929
-491.4637232596392,554.9068775098444,717.6495839751526
-492.55195574483787,616.2593939896176,1038.1998238450906
-526.9639946835428,583.61479875102,805.2042338421516
-501.403167590237,586.5938430369424,742.313986428116
-539.2383968618738,736.1076474366382,1517.7420549156982
-493.47311827153726,550.7707617276099,931.4939148698111
-494.66182174733194,589.2630348244304,850.3437509197289
-487.685448906248,734.4505378382319,1250.6607571728634
-494.2285677274724,581.6714183333811,613.6651999999999
-494.2338569473536,589.7322015120598,880.2615687401287
-551.8645925491951,493.3678432469378,880.6034839487531
-484.8018840103068,726.1195489448686,1143.6488442672237
-494.1891998292499,572.6586128331359,1027.2644972716864
-495.09841367577974,600.429490828122,1395.9397175366987
-575.433579741346,711.385132123231,595.5781189726615
-568.145872088425,595.6212705289686,396.7952991953521
-535.8080650983709,530.5804425946765,850.4421702230576
-493.5693876374071,585.5228445492357,1240.5618729127762
-472.58986496276475,488.7837393792442,923.4741753975172
-501.3113940550661,596.4397877727349,745.6284008528108
-505.191615197828,732.4479820479571,1789.4693309231902
-494.2232867895991,581.6762685077513,838.9440000000001
-521.9215085468454,588.4479299031016,737.3838093232466
-516.6519000400097,627.4902755389317,1340.1896666093905
-491.54836275103025,584.7205613721976,1386.456276036985
-526.4973796985394,667.0209368262344,823.986064514486
-498.3365081224929,487.9745869021052,1078.8767629677545
-494.2363019224649,581.6769838382662,788.032
-493.5157998052614,610.3444731367497,862.1717482951449
-490.405487217497,768.0146145667402,1295.9936714136606
-551.048628695838,653.7454477051942,725.5043000731363
-494.23225448052654,589.6356636517036,860.3530199434525
-474.1167057051532,512.6384603906309,701.1880139023232
-493.6474688449489,635.076111078,1068.5542541529394
-495.28650836233965,559.2999664992412,790.8834346843419
-493.9754378486509,560.7913355374918,780.7250085502745
-551.6632480727005,607.6920616008722,727.516056258501
-494.23761313135856,581.6981971657237,1254.8715
-541.0127105936754,584.7292138683046,654.2408083162508
-665.8883844717143,674.5004923412223,695.8010566439252
-487.94298382491206,620.832032096195,897.9013789051163
-491.7500691241744,647.1286956456767,1099.0025803121862
-463.098437387634,578.0651084459839,992.1997489183987
-471.71027296710645,589.0769414868781,1052.0665140852843
-516.8581379762522,724.2479311147958,818.8599322230928
-494.2437632998185,581.6717735706598,1008.1986800000009
-495.21207803525976,475.2163113894605,1085.2826863257608
-533.0108832978171,606.9930764195284,1224.5206838097397
-492.2705787483362,553.6281380498083,1113.8357561122293
-525.8842687488475,573.8954724953035,882.6281333896778
-514.1252809586308,542.3130238089841,648.336702812344
-494.2991241316304,579.281036564935,1075.481072156705
-494.226256997636,581.6882960244338,956.015
-494.22156703809196,581.681848160146,994.521000000001
-548.237943695633,522.5246620989838,888.194727597764
-494.2262510283747,581.6798772478896,1091.488
-494.24334255639087,581.6681044281258,1012.0310000000001
-564.811970741348,678.3997700740417,1064.6115650588663
-490.11131391518074,542.3717937761767,976.2320448488199
-501.8588081718394,599.3079684892987,1322.7808574725364
-501.99035364631754,587.0151762448759,867.4044183696764
-473.1579295844699,581.8182655490743,1135.15756626341
-493.98639807216864,572.2096385954087,714.2502406396998
-562.0784632838913,588.5428536021668,762.8593041452942
-563.8032464751759,588.7199415431193,801.2151628448839
-457.2149486106641,529.8257497064624,816.5014541599007
-501.27520646060975,580.8338938920822,1141.0115293203096
-493.7727367054606,605.3567426430877,1052.8547863390077
-494.23169166247544,581.6801134959496,955.0120000000001
-517.3122559387275,628.8140575596387,1401.1390750370947
-496.08728484617086,582.0136675863514,1242.012308710403
-494.1848288077563,582.8022349917952,919.0023159059366
-524.7529734567736,563.5848116039431,562.1067595351088
-495.4343491705297,590.1406826510301,1051.1985860025604
-444.6424410025154,558.3377994989992,918.5579596264358
-492.22926236330295,666.8681778184618,946.9030336723304
-508.1872197656462,641.6606800337624,1158.5997172778812
-490.3146935033915,649.2581304446992,1219.0830945793584
-254.1664290988001,505.67838535335363,1225.7896930435288
-430.44337089600685,686.8679981580062,1272.1753742483852
-530.4574129769298,564.9138754919002,958.3709060801162
-494.2080298008241,581.6804435822598,1063.059
-514.1495934933921,572.3303211069433,804.4422158782563
-469.33976670346544,478.065288361518,798.0593662923786
-528.4012535466929,579.0523084365536,918.2660486847149
-494.0225439672306,575.1367987217748,584.9838262806317
-487.2529808176582,581.2681809813414,689.8488765140569
-545.8116787275487,615.5356557274615,631.2138741469747
-510.2114277220553,750.087848816316,1364.686753920995
-566.9010607844175,590.0952618384651,401.90584434330475
-493.9796489077237,560.5083430831811,800.7768277613359
-555.6602638217637,689.7342024935383,1129.5791413136435
-556.297560151394,690.8942309335134,1149.5093412838933
-490.3936401495464,545.1463239820146,854.414112844119
-532.0625841787464,676.6436423213454,759.1535605900506
-494.2245166750258,581.6752147774844,985.2354
-551.9869346580499,553.6805928734977,113.01317081545244
-621.1593415159432,852.2333963103765,707.6439132784133
-436.5382604055367,543.6595343428878,1023.9784479100679
-493.93021025965027,588.3736387071749,459.22753545155234
-490.171742037885,533.3195662662521,893.7673957327122
-494.05838775184066,540.7797976069048,888.5693402932817
-521.6485836259303,712.4060047454725,1130.2525249443052
-494.5491425516652,604.8672679114295,901.7566318536658
-550.1242900983752,691.3943595318447,1137.304379534306
-520.8560432068639,523.9076064359997,1153.8757053464283
-516.546295807886,651.9835413325544,1001.0652842421878
-490.14843254069024,542.8343415803447,955.9290315362166
-493.31279038022194,642.4262431834368,1125.4914157460944
-545.4449780688974,670.2937275938634,770.2834512253464
-541.0495462476463,541.1383135068656,821.8288453780448
-543.6871576372153,596.7107296906114,824.3226351020694
