X,Y,Z
-484.5379109124301,579.2622481976812,1071.6284448267395
-502.30936418297597,607.8621218838841,1104.1216607416618
-530.9815037771582,627.855033032911,624.9360994090387
-540.2658273615561,586.0668283726674,626.8685817355031
-548.126461202462,597.3792405631468,537.7361268893724
-493.19083486702516,523.1111690448962,754.1327607138254
-496.7319694283219,946.461242857041,1593.7185144738273
-500.91098333686205,645.6661179277376,847.9703007955768
-494.6370001275891,580.0631654975746,848.1956
-494.64641506330554,580.0628248493406,794.6298
-491.40290322215606,503.80246719750227,839.6216077317387
-525.662323986013,561.6682565097792,582.8803408863165
-496.52964998835387,908.807942840356,1352.6891916937068
-523.8549027448526,558.5750716317594,813.3565363543481
-495.50306449942036,541.3742030352953,944.4620749319522
-510.727043223505,666.2935590490306,1043.5023314714847
-524.8307027401227,659.8939128367801,721.8844126123275
-452.82336163813716,501.0811619909563,1208.284449206502
-494.64726758237543,580.0549287097147,655.8756
-485.7083837299788,498.4534917515234,957.1073699477919
-494.5841105847662,581.2140408634126,938.6362278502211
-258.8815181164091,505.42966679326014,1190.2236007402698
-551.9701575900854,697.31341476095,944.2879856150553
-491.177486181537,531.1535264022609,960.1719321982737
-494.15959581822744,590.4196566509662,1256.1435959477612
-491.4711699524719,619.8996505492933,1006.946786183391
-493.52598474893784,562.8395118795822,525.7199753700419
-528.1902935587359,582.0458982174974,843.9507387615212
-495.41891490517514,596.8557912743256,1171.7799876608044
-500.97494590386077,582.6370933299527,537.5440413501722
-490.7682789841101,646.9966714210964,1199.9011479941303
-481.3017453436639,475.5103051648066,491.09487424061183
-513.4692437958252,607.7697141072807,843.9071018711147
-509.3528862226649,579.9381026032934,716.8336654873591
-495.0041607578439,556.6157244511692,548.9733615353024
-563.262197134989,629.2721899589737,660.5846283666915
-494.6341023430341,580.0753996192836,642.912
-490.96142823106675,760.223669440584,1228.0139056418343
-494.64282844943386,580.064192058612,914.8220000000006
-475.23061026505184,588.891576383468,1121.7143251300931
-490.76517613631404,769.5243386243094,1330.13486883484
-494.45096274947537,600.2504168404073,935.3255479316264
-513.3962450318743,536.1225464914032,433.2869776213254
-494.6551093366402,580.0574826609878,1066.39312
-494.64350516275226,580.0487447869557,995.2264
-528.7100330216235,571.694756648664,1006.7452106100868
-477.41373149127685,634.8513651220981,1591.1846251499273
-556.1576481846776,525.4084797427382,656.0615975487548
-542.6483973085064,531.7132286200224,689.738658209629
-494.63445313098055,580.0620015559743,1087.3996000000002
1850.3581599166137,746.4983730195822,-850.0804815723823
-493.48817935694615,562.2685336198263,568.1271889102188
-523.6234257932429,633.5853977216129,630.7866834697975
-458.7659251932091,562.6238129773087,885.683379791498
-498.2080484011931,443.7092956301971,852.6143140425913
-490.98134198318735,758.679741806947,1210.9933381598157
-494.8721449439213,570.7771049244618,1074.0921580885538
-491.03667131948987,529.1185670392597,1031.249590879603
-509.0169654628912,635.2441717568122,1092.6007027854614
-473.3076153154957,506.7639735231502,790.6868811929609
-542.8395048647828,532.5019176151928,599.630576423825
-536.6312171356581,585.5744386752591,516.7102770651586
-550.6649733331697,694.671837800374,905.896916569219
-494.634101806947,580.0644913505231,1307.983
-496.23203462049014,601.74969073306,728.9876578761994
-494.73531830931597,573.0783398471481,638.2362460525698
-469.574684141538,544.0642619015099,992.9800104309923
-494.6359982185804,580.0738878560257,969.7217600000009
-494.4144289384342,570.8868381094178,670.9653921571659
-496.32364508466344,580.3713469871236,1052.0313417709935
-493.08418592200087,558.3635275463403,1310.282503143825
-490.1517846720135,554.9363191006223,784.5074940550326
-494.6333448896903,580.0597887593052,933.4554
-498.12682654408604,446.8098380949613,816.0196734037058
-494.640472668626,580.0606593337333,878.9476
-495.4148614347055,493.90380174186816,766.9701856379611
-508.58052736724335,580.0485467258145,1024.7202662663626
-538.8043872141557,525.7951454815343,949.9240627187506
-476.6982464204575,579.6798694091208,1044.7112452697577
-517.5643543311003,724.5626073929088,839.7973372298479
-485.4411957119555,587.3435945789345,890.8567035859526
-508.940508480086,486.7981668217734,928.250077394834
-515.1476248102829,570.4498582793371,849.5992237270918
-493.0104815196387,635.7412751252755,1075.7737670275978
-494.6538593651012,580.0758661874493,1272.386
-495.6729666711417,551.3839425385156,692.3140923480544
-495.81763910200107,547.1697066663705,924.9832903135411
-469.0548186292667,473.52266762852287,841.5600559194901
-494.4277490649433,573.0135370936789,687.0986095643359
-492.53127464034105,670.1918228315642,1045.2970097829082
-494.6477888824461,580.0588149691199,1167.7996
-495.45269838577315,619.4790009537276,860.8442196813916
-494.64885663062387,580.0749996529244,858.1650000000001
-553.3260666061688,583.8841483760463,866.3454930008128
-546.4199628803945,711.1103744151352,1305.4401455333584
-505.37604191977016,589.8950622905784,725.326394698976
885.2229840585733,590.9702295061827,-760.4702671699943
-450.1419864545028,422.9254762330911,1060.273035004569
-515.2094558450385,531.8979957651343,547.5104320492085
-493.13001803320185,565.8373639439328,896.7912652687733
-506.87129983600744,540.8414296580904,838.5896788724687
-490.20992685568126,692.8849201379787,869.2592709416606
-542.8837840706649,580.6568954414047,855.9332384530055
-494.6343189853601,579.7118762333107,1011.2880407597438
-449.58704297096983,420.96303491723734,1082.8317846091254
-493.2100528401943,523.8622763306358,734.2341603101718
-494.9476669437249,565.5383957479339,873.614291051069
-509.12293903521777,533.6165376293347,1131.6695547776503
-494.88086988610485,556.1008430980121,824.1873251406188
-494.65008289823345,580.0645097259332,1016.50626
-484.02526767403924,579.221782803464,1165.8765868556925
-286.06440078553715,674.3668737578344,2168.742798046355
-495.92334671584604,589.0049199298992,1147.7377603526347
-476.018252788117,580.6494042096232,965.2277677557778
-494.6341965045799,580.0671159837652,1067.9788000000008
-549.9242615323201,598.7098825597237,551.4318100076566
847.8086528279728,603.5687805995801,-773.587508670993
-483.3816079671494,555.5404266327837,964.6391375941137
-505.7289317628006,732.3532992002904,1814.966625042246
-515.8334275351863,644.0743687407794,756.1513783881594
-561.6992092804594,592.7134459495555,290.1640319993934
-492.1284867429872,582.9207076462271,1261.3735375531046
-500.943828714029,578.1139628193864,732.7704976357426
-495.22968255359,589.2673124678765,1098.3121259875134
-484.4306412944188,589.4842845861713,1264.0509631404407
-528.5496012980975,559.9601987377334,707.7288782852618
-494.654125509182,580.0645674011796,840.4880000000011
-476.8610975060901,636.5900828498577,1665.4795031575914
-507.38497671034656,645.1537814814106,971.2097043191094
-494.6398475951337,580.0565887843245,713.37
-495.8764387967881,545.0891873559733,1031.776577121661
-561.0390773656877,521.0610793198528,768.0384962092967
-523.9665239707451,587.2272723120243,824.9576413391144
-494.6589512367905,580.0563706451774,1008.1068
-496.30496282477316,602.9189257158909,809.2573684263473
-530.0368975526726,580.6338352796589,892.2841543461049
-492.90843600547305,615.8980084661041,1102.3324965307872
-482.9207382457562,579.4749742970681,816.624340824005
-495.89769058351567,588.9093396426501,1128.4315552473681
-495.27120134355437,564.925732030695,725.4882846276669
-526.860613862033,581.4479029478324,1160.2363142754518
-494.63891484954365,580.0585258629815,1151.0692000000001
-494.62357211878725,580.0694996800025,763.0210000000001
-496.48640616229045,581.0167005495732,1220.5402700505622
-493.42335816248556,561.1179395599495,652.9414840264922
-509.207300620091,605.2234062375464,1334.2244502799435
-494.6520038425151,580.0608249995385,1025.843
-508.04459645503823,575.6750313217394,1202.8946780996098
-528.6154134763592,669.8359657415781,905.8201398402573
-514.9797556497379,479.6359550687753,754.4805848421072
825.9038157550767,612.1024851981908,-861.6310039330456
-494.7245852729752,573.2971673198681,597.1043087672374
-480.3693923119858,537.8577330578282,503.515012691562
-545.4712062731346,555.419742560186,9.246916262323282
-490.64819327892747,648.9829168513111,1257.6204183436112
-506.49816396006736,580.2871698561984,1025.0897504492998
-547.4348722199466,597.8641265994821,492.6826540676214
-494.80592930962075,540.5561557674232,722.1978801421833
-494.15081613190705,641.2307411681641,1115.0822412884115
-494.6620721399054,580.0481149629147,912.211
-494.929082408014,565.0595656594272,830.8382301439603
-492.96690482592066,555.8138547943838,860.1417331071325
-499.3168293950266,622.2535155061125,1338.8167725630144
-516.9514146393881,587.4728140725917,860.1677269870585
-495.86394324170874,588.6401793863274,1070.5128161665893
-494.63439967415457,580.0585495240537,854.3726000000006
-494.36319358475157,586.6504690670054,440.36901149030035
-516.6449792064059,624.9800231532627,1299.5940555307404
-560.6843429832675,581.5906130230194,622.7904286361413
1205.3418508997765,619.0690570695149,-803.9261114058572
-493.2783081469463,559.1168245748979,801.3666730313334
-522.6624082755723,551.1145251247337,740.5609260388629
1367.5914314053734,612.7415536133706,-805.5907775731612
-494.20846412427636,634.7899986189263,918.8214763052121
-494.42276304079587,588.0945450724753,935.8841261202859
-498.0302095587858,449.9192894348002,779.4257364993302
-487.8426523277958,709.7355702345751,1267.6304107247192
-539.8406795920155,593.8079604857174,688.6515704077024
-493.1191616246533,465.254695067514,518.7415728214999
-502.19188128235146,577.7295256067696,1027.4181076839582
-495.6952413190429,514.9027528152046,984.7258064717507
-494.64219127947126,580.0712612454564,809.00322
-494.34191686109443,586.8779741911212,478.1007258364234
-503.99725995456265,605.1872397382517,883.9365384379735
-498.68516473042337,688.7034717815804,1245.7876169622346
-544.158543566514,580.6788941247833,897.9356041051942
-568.052285176756,632.6798804518373,758.7982608737868
-489.72099038684087,493.2512957039776,620.2102772569567
-490.0222689403631,554.2340260350493,827.6303348629219
-495.88373389337767,545.4976701486951,1010.4177507870003
-577.491873790359,684.4183598603975,884.3613993036416
-494.2846583025421,588.027485831479,685.6256250101617
-599.8431914258867,593.2163171977431,694.6680244479761
-495.6031550735829,474.9065321139597,1062.7009988147788
-483.2516695250238,555.2584335755669,984.502907968123
-494.64895488274533,580.0625746829335,1141.211
-495.7784979868004,589.1222280594129,1132.9328798703566
-494.18622394438535,639.0769534806477,1049.6622327323355
-494.65326869461205,580.0711054829144,750.298
-494.63064914304164,580.0749806512977,843.5632
-493.7181057492994,641.5398923946582,1148.1078719855357
-494.6265231891166,580.0675049280356,927.5070000000001
-503.43062704622935,580.6173232724184,892.8830555393874
-263.19110190336596,506.7899642151974,1154.7008169292822
-547.7169227548911,635.2095467360404,1202.7614642204187
-494.642662767445,580.0632320992509,970.019
-539.7303352472313,694.205742667095,1039.9853348623628
-599.3707770916485,612.5414837655137,652.7767789160705
-496.0322077195731,630.5564281692957,1065.5782198901666
-510.4086860955422,579.9406791229235,823.9888239319503
-494.06050120598115,634.5416121385459,1105.3645161636657
-569.9377476645573,594.2663485479652,418.1125571594345
-496.80781512744034,506.81684464061476,874.7062481061923
-486.0086142582277,619.6920482689277,1089.6702826655326
-495.17971643178726,567.2455107068482,498.5761847614142
-508.16668176114854,649.0907764271857,1075.4486675036476
-494.6502976873885,580.0608286687781,966.9585199999999
-494.6481388758316,580.0685797733076,473.0164
-494.63524637363366,580.0813354509723,778.6636
-508.6459480185026,604.2667783432098,1253.8547172578285
-513.8721514918816,604.915128078992,919.7955209169941
-508.81486268040544,577.9842484779006,680.7613499538367
-547.9724248040916,621.0583383090104,896.6688694284932
-474.8173312050974,552.9683700552691,1381.7263278502214
-523.209257093461,581.2790004396796,942.9373025222029
-462.4792162834992,630.4390831512513,1459.4739208364792
-511.4988559397384,579.92328704079,931.1436369653861
-494.8620691536689,570.5745761095732,1116.0374122530595
-485.8401180646124,595.9416946938339,952.1327774628398
-474.61595361855143,600.492918602956,1004.2997291022834
-556.4261157807441,608.0507864746863,839.3215290641302
-494.6612365873725,580.0559439365571,1051.65132
-494.6584264106018,580.0617732171947,904.3810000000001
-534.7718518630754,703.5132569011121,1301.9401518439358
-496.1223550022014,524.18645824276,1013.4611096970991
-496.42263600739807,519.4490975620179,594.1714575840331
-488.2168687764538,702.2815006280655,1151.3915505473672
-494.3775586185352,492.9146954952939,731.2795058591933
-491.1921503811209,643.7685210101653,1225.5751866434039
-494.74669718986206,572.368641833636,782.1983081959046
-452.34326107754487,430.7631530739002,970.0362668553938
-521.6571251985233,616.8888571645682,662.9438387441595
-495.65643782344387,470.98719720581,1130.0696248419933
-486.6365630456944,579.6029299617328,903.4805343963995
-516.7910983110169,646.9556260098907,824.020287480946
-523.8484771979797,764.189853805035,1276.2104362725413
-456.84832984455215,561.7101226787963,972.8866079576292
-479.6129953419898,535.6273324664817,569.8659561603365
-505.88515458939946,569.3954035164378,598.7135969103006
-534.413502355309,702.3119422889374,1282.1349973749382
-496.2280033810962,519.6320923737424,1157.5254831384575
-492.9031577970052,554.8640440732509,923.5582045359806
-557.8283522380757,583.3121516701874,907.9273100121288
-515.1456425626034,539.5229581354699,690.1189037439199
-491.64239897045263,611.9832996644376,1011.6509631105448
-533.2438817099178,698.7391657204662,1222.7193576989898
-502.881237347613,609.8585178191247,731.9065527342746
-484.44611800966914,476.42599320839633,854.8416579541974
-494.6409193452273,580.0608320447427,556.4392
-507.73411836255946,530.8234376072721,858.7845718677656
-523.8188065098877,619.8466592020293,776.7027883289394
-535.5948602070725,635.8895593593634,1027.0058175227355
-494.6602107446338,580.062551003514,927.6788
-495.2216767259747,566.5465605459598,566.6497595838989
-506.2184200127549,569.075866047542,640.234575742462
-302.53995567087713,374.06612454475976,2068.2855460980004
-497.45037415218394,526.3489827291977,838.1303373794449
-496.58976519888165,513.620008664876,723.649135632827
-425.16780999227694,599.33033025044,1234.5856966386489
-520.4992599111024,703.3084349632743,1022.4970471265002
-494.65239778617615,580.0599234765783,1091.20676
-524.2193779780268,583.0354193199697,489.8864372693965
-509.49338272439763,612.8182185893402,1286.4543640361067
-494.64887284412225,580.0680873986257,1141.7908
-505.46072815493744,423.6554734003007,864.5505002044456
-529.0374395090003,573.9176847555447,640.9025788942536
-566.6861776062945,678.7924679832274,1102.0874105838266
-505.1743321676977,724.8503077696116,1688.2200085855106
-495.6631419243063,468.39262338746215,1174.983496706836
-571.5280943215173,643.2377985263668,953.2126899998958
-494.98149628870397,570.7119203484465,1153.1699956912894
-494.63013138999486,580.0704837635167,894.2926
-616.9221847330255,617.9763627382495,888.0199804260789
-562.593603107653,581.6283030495674,662.7800910703172
-492.9239374714316,617.5983637338772,1290.8346378394801
-560.7876633745982,586.7724243622511,724.4913735223747
-495.8798812562195,588.7135519892477,1089.8191443121614
-573.5428687780634,598.5395974333273,619.9267907060189
-494.6381575064861,580.0639154762277,1244.9678
-513.1433928117008,603.9690281966302,856.6354676785052
-484.2054988844375,739.8465052780829,1344.6677327100845
-494.6492201409724,580.0660407158502,818.0150000000001
-499.3804528676751,622.55624207393,1354.299335796839
-494.6507067386069,580.0578580828093,986.8454399999999
-494.62880264218893,580.0665701281703,793.1554
-490.8885131664747,667.5330565346192,1222.1098489108858
1225.0680017094128,619.5352557566737,-804.5901874812953
-492.7178605435083,620.0212841389846,1315.9966234701642
-491.5289905399168,693.6712550398615,1146.9883995779776
-425.9199655365751,599.1337110773679,1213.3683434043764
-267.5111373020677,508.1597987815519,1119.1794862006616
-485.58271821722974,587.2439216314565,869.4698394195549
-496.5466816039939,515.5649748089404,680.4899973370248
-501.42909003765226,718.789946320934,1089.0228098836349
-542.5399520411654,578.9178102870467,1283.4450383386616
-491.5787472021125,546.487708347548,769.0369763938817
-494.27004862780996,580.0218430278933,938.9795115546052
-488.52888111565426,618.1178768671264,851.2187865542752
-486.8792951357782,570.6655483741749,973.9016811751032
789.5107234142979,602.7177564697322,-778.0849348217671
-521.117261385793,586.5411259079219,671.7065651640316
-519.8450120177031,525.4190796897403,1051.0398862582624
-492.4885542387733,652.5040798866162,1625.2178421785645
-489.9610627176837,553.8878985607025,849.1918665766318
-427.10843639004406,691.4526776322407,1391.1472727993562
-546.9889233632721,614.4110099687032,651.426735425094
-508.80415331095674,729.4979152237099,1125.8571722751963
-549.4827745142961,687.6558169864511,1100.7776406312944
-486.92581337359616,469.4022216008452,398.3094515024664
-474.2433229769117,509.9592587734943,723.4829100845457
-546.0914158039209,619.6249017362054,838.8549291860872
-493.7599259710378,637.1699134980886,1012.777472615551
-511.26318784081104,577.6282277907844,927.9373277909758
-491.80013797864626,548.8700625392355,661.3611434813272
-493.66476784248925,643.7432008399362,1215.7723588912465
-546.357569090934,529.0449950691626,697.6143590162205
-488.51668947934627,472.000177970207,956.0084367346655
-541.2912640032787,698.0955408756648,1101.244386959982
-495.20462606812816,566.3167877141251,589.3410196694772
-514.9914089919869,628.6256870901179,970.4960050257026
-496.63717933289536,924.4892607055147,1453.1192670157432
-551.3173494143434,695.9959858175927,925.0922079005509
-549.0104031813894,696.4619817824367,1095.4646133388287
-450.58088767056915,496.88852266222887,1312.571467846477
-494.6162250991547,571.5701953344438,924.7195687992655
-491.79515410850127,552.4392824740389,763.923814790942
-494.6558841365504,580.0613712792995,1137.54
-492.09985224136835,647.5587928538358,1156.5082796064678
-543.3872444959839,630.7097942353308,1043.110424882837
-494.6362139545099,580.0661939887505,964.518
-488.6466718611473,558.2510635974475,628.2043520977516
-507.93793949572046,567.4289990092253,847.8385622580391
-527.7942410023925,582.0231507722577,824.5742845974025
-533.6251650811028,699.9276165661886,1242.5248887273267
-501.3164230066013,452.9972364152143,855.3554646569257
-538.3683106002695,620.4572863598221,628.0636610102858
-543.3105982854113,717.7889138942046,824.9167173213401
-509.85012304861675,740.5974866526374,1265.2451381453777
-490.6360549321105,568.6435516901092,831.7031810512153
-494.644551316821,580.0695215677467,1044.451
-545.7607958969086,597.3023767614792,453.5171914607769
-485.50767292150977,719.939330979459,1083.4978328238872
-480.61951430289736,538.6260250582063,481.39906512707955
-502.3586535519005,597.864173196916,1345.105264907004
-471.1492513248231,482.3021955838344,710.729872189407
-467.078127512435,623.2011427070553,1141.3801529234443
-531.555000352987,582.473449358543,357.1069193733882
-494.6405658782742,580.0551941366855,752.257
-501.87082182859285,596.7337425720543,1211.2475734210846
-602.5695033001318,613.5214026710355,695.547890462419
-511.1924161732454,852.7023216568857,1792.5243131860984
-530.4208090868319,627.118244785986,603.411267858447
-494.64592758816343,580.0691186979141,772.6212
-538.9675590500228,580.5829585974515,632.4719480639703
-475.01805837443635,580.6935185508493,1056.7274928798743
-494.6637953611521,580.0353059406157,871.7458
-533.7181145775935,686.3053409039808,1149.651002498766
-499.23112771928777,634.1726693502242,687.2638885979226
-528.3134911849952,609.250868828399,645.6292997249044
-485.0947580584607,588.8769463474487,1134.3526091447072
-496.26773749670156,580.918716989951,994.8224708794256
-494.6470000314562,580.0684888190317,494.8888
-494.6596741786723,580.0667562785703,689.18046
-494.8807066865197,555.0079924655902,895.9694911899534
-612.0833767843951,592.7065146142256,202.20382942141697
-513.6227818711686,625.317526488051,853.4497349829502
-537.7396896820896,631.7452600466827,788.5322209434692
-495.9808609349079,542.5686804330755,1159.928010279367
-546.4807499949836,669.7226978384824,788.2403040878418
-495.705383211086,550.4845694174069,737.8146206306326
-571.3612145240886,677.3921262735573,1243.1660695158303
-608.9487375685303,615.5174986365626,781.0905737956837
983.2225289023936,606.03737438087,-788.749028301072
-529.0359280492016,670.9412298463449,926.2574081306864
-453.8388190446867,599.6326720626121,1221.492685795425
-488.48705819891256,697.2964528789394,1073.900252248725
-471.3987685160373,500.3731841177698,1510.2474792739288
1337.0237255748725,612.2580984298404,-797.6482950751051
-494.66599492159276,580.0639062202206,1070.652
-485.17287764656703,587.5362391033259,933.6305401919972
-481.1725053460426,506.1422590097786,1317.14563849382
-490.72208186899843,542.6029616763931,894.9772772099634
-502.67179433340425,609.017706229997,690.2873500196694
-471.61334540425514,563.5330508797077,907.1878321752092
-494.87625987818,570.6576892273542,1095.0646948601077
-492.149343262231,582.902374118793,1240.5259143397088
-528.2150011864751,582.5419648521478,1147.7873010679784
-495.2548750608039,589.6584386369159,1177.7187063313008
-494.6532819243548,580.0634560546616,1182.132
-504.79307757694596,433.14511511897786,766.5568253986671
-548.7269092568586,690.6906160630793,848.3111249175598
-494.358324101544,488.85492909420077,800.5218324952039
-485.07950059473933,483.05276056582613,752.2862204346909
-494.65599010196865,580.0744063416181,989.5828
-494.62567338473264,580.0661900930287,748.182
-496.6956757249727,510.69910847344767,788.3875863146973
-521.8927839505809,551.9147416836552,699.3128285804744
-492.9998898790536,614.2358417132282,1016.867126753418
-510.2934692365707,698.1003249038533,1151.7658385488735
-472.9593435268771,580.217832625664,1188.833416192508
-542.3369927485514,678.3042525977917,934.6599456723352
-612.5517079417973,831.3887433094183,603.7967456962929
-536.104601072072,634.5931877613575,818.6531551654191
-491.63726839612445,689.5924908390648,1078.8139841668778
-514.7736049286736,628.0645530062652,950.9884306884695
-509.9694506107844,695.7025513330464,1113.0548944959428
-560.2239903265133,521.7833876927822,749.3756537368216
-518.3928965907612,562.5989525025612,520.6166464853954
-534.9664309891841,606.3621981349582,1301.872080566771
-523.8386101633143,549.9029729611432,802.4324330219373
-552.6219094781172,698.6457181277743,963.4826895750792
-494.6477972182638,580.0515558541092,999.8142
-496.2599312937291,602.0385311982892,749.055127889591
-496.3150876611885,516.3677920119085,1260.4282805056534
-494.63367369594334,580.0689307450772,1190.661
-555.4266975970627,584.0373812796932,924.4082244560256
-494.7403828676486,585.1796154410602,695.6755051058481
-536.8888424013066,637.6719966136889,1083.4117803406514
-545.5274148693143,543.051972323251,836.116811421024
-494.6495852699443,580.0675386620883,634.7704
-542.696156006476,580.6311261115314,749.2765117860545
-494.64829935031,580.060292958373,769.0623
-479.99018095779047,465.2796446487341,612.7420000826493
-494.17790785873694,590.2196407786502,1217.4614003282213
-494.6426929576555,580.0628516391089,755.2280000000001
-541.758711268157,578.9302212201749,1249.8706892280643
-495.56508382202173,480.1014480870468,972.8737341079341
-491.7867059632049,615.6345968642115,818.5550728869238
-499.17239424476793,633.3593117304108,666.068146667998
-549.0883667450512,663.6492436583092,1139.657677001619
-494.10930559499457,583.2359732584619,888.0751185599852
-265.3468677766359,507.4818113882029,1136.9401049278167
-494.9589226315211,602.9575787963679,879.824051981317
-505.0670642082632,381.7452465210963,1098.8349348810375
-473.6059649960116,507.83701885283597,768.2858840510248
-516.8622823359728,625.4164793189493,1319.910679480265
-475.63529667429384,580.6648083305485,1001.8278190084429
-457.82825998535964,562.1609187505283,929.2854902266013
-524.1699682001426,582.2397037665891,919.3152665651373
-551.3710469838584,667.1518060354147,1218.8673413980528
-494.64078910315766,580.0641113494999,924.2692
-495.7067065818178,543.1152762330893,834.7995946765933
-444.45038274085505,556.4545182799925,938.9092316180624
-518.7079078158574,532.46952762761,941.1278688577396
-549.0082370975979,582.6644250539823,708.0654460504288
-485.741196000798,489.65004433923184,649.7292983674818
-555.3259616282039,609.1963604694938,902.845303553062
-501.4097857828633,451.29947933415224,876.7994555937871
-503.21525593850174,597.9116260240096,1059.5085893024543
-496.41007633366553,520.4257317767722,572.5921049502165
-491.5303129853537,506.69377388126514,779.4227626725998
-546.8400785035028,586.9236497310204,825.1525301200555
-541.6474596870357,644.1640699493471,1290.234704228022
-500.8821839690386,514.7110539830569,922.2704554436061
-494.28912862117204,588.7613175804961,1078.0380389184884
-471.1744598670898,479.2859910534858,1065.7939226014028
-493.8872316066054,610.630908101771,968.4573961869619
-494.6397197341739,580.0719550591502,828.6568000000001
-485.82572600486014,499.4279655312075,936.57124223587
-494.64020375409973,579.7293061861938,898.1590397185305
-494.2083025521106,624.8184662467872,984.3105083042042
-492.2381307745577,624.9114922248338,957.060868340334
-508.44617581242846,580.0299058451819,1005.5540595897937
-518.1610752906688,628.097343083713,1441.8088739113612
-493.7532154423693,615.7709023568702,828.9711560530332
-534.4408218074745,627.7679950156012,670.2956309718933
-506.69341629935434,580.2953037303356,1055.136449731381
-495.7302609801027,588.7464105059871,1056.6694886864855
-494.64690220163266,580.064516026233,1008.1114200000009
-494.9784966525817,570.6346674955341,1172.78415290641
-473.5313649315294,601.6014439957812,1099.3713065066568
-487.10666212161505,511.2020121193598,690.1418847478656
-496.2522270614677,580.345433577314,967.5953384166501
-479.36229196909864,534.8948675925235,591.9834287292408
-523.1710874958994,655.4492626695333,640.1362261522406
-492.4659589922544,673.0947826375923,1016.9560090000056
-526.14299606545,581.9396260446982,747.0697310272841
-495.2596294136722,589.7623864596485,1197.5703210353447
-494.69401595754744,573.6286417720629,728.7279482620752
-495.43734120870477,543.9682553126165,831.1853772559436
-504.9740439125667,617.3806718017388,1106.4792807343117
-448.3461912386856,475.6682620299531,1115.1761078167785
-513.0428786593,536.9751465733063,410.4425516943522
-507.55128021030896,645.9385333738588,992.057531581842
-502.18890419559966,597.5085435734795,1300.4858490325619
-509.18917770120106,580.0417740619339,1101.3845334009625
-548.5923865985569,590.5412892448157,969.2634809173076
-467.84745756413804,541.6287101273605,1111.748482777013
-484.3195022392654,485.69237336747165,1224.0721289232933
-496.1042661711456,680.502788919596,1005.6968161881668
-446.8686298968187,557.5792565671973,857.4457805539602
-472.4573853212646,503.9603699390482,1408.257403757381
-553.3222053880659,515.802293227674,1029.6582148463813
-489.90619679746806,566.5876614832005,1115.5246868941074
-495.75301526928683,588.9357548713647,1094.8011777967986
-518.4584994632155,655.0870649775792,1118.3678029432372
-482.0080589318359,566.9780018574264,672.631112170013
-509.83181039612055,661.5972825999211,945.6980685229731
-567.1889694038043,593.747821764151,375.4632341120148
-540.3907872584125,736.9825690230555,1554.3648775473641
-542.8779655485944,630.2219601536532,1025.3717589186963
-517.6973134034342,578.1769689889652,873.1327286430335
-565.0665953873374,637.9319191090451,809.9816544149279
-476.93793781945146,555.887582623333,1152.3411147899822
-491.26015178753687,642.3430217129174,1181.621522620306
-474.41528039282866,600.7011721168624,1023.3143794276377
-494.6491146359581,580.0593076606984,966.188
-506.7850640888223,642.002524384315,887.818400488161
-507.62389509181844,491.0967202089039,682.7844509056246
-551.0161900610151,552.7374825973918,92.19144636296215
-494.17537804862855,604.6463946082172,1121.5531445849067
-421.6221624924683,506.41405240032515,1228.7193406414215
-528.7091102505278,624.8757792934396,538.8388916348334
-536.7422228238074,528.3367083818282,870.2823978149347
-494.648878286976,580.0563393139967,776.0966
-490.8456268122777,645.6745965912519,1161.4215546290354
-494.38100595338824,557.2516192561712,921.0584352345372
-546.9727114592392,728.0694526382465,942.897055696021
-433.41816696096976,499.26126969249844,905.1743805089441
-490.81931918220016,534.3817019483585,802.3706637391048
-490.84605090578907,535.0620148630393,779.5340705707607
-490.9964813961037,643.0353242326692,1084.4621864942073
-493.1756228509703,559.7181174368347,1182.498224543254
-501.7485161300451,579.2115564257251,1157.9220410461373
-551.2787045391697,701.31543446137,1172.5200686292587
-429.61771411248947,687.3252334247168,1311.9164082469958
-494.3998685266972,569.892490296661,822.4144603684113
-494.1978388315315,603.4587989023294,1029.992105091493
-494.6333994752149,580.074871879367,686.1484
-495.80053249812727,547.5942072637579,903.6248079053387
-539.2968920723324,733.2696733168486,1499.5520866341592
-495.4558935718551,597.4413363561287,1239.0333993729928
1768.6915792688123,522.4060265755675,-819.402811711976
-484.7684702230895,438.42234802734606,720.2755594894501
-494.6702910428685,580.0607051151104,867.6616
-496.12473136700874,547.2743859002173,866.3796374050542
-496.0068438823248,629.369853415262,1022.6668308938109
-494.64337879145387,580.0557170984638,777.8965999999999
-477.3432601664963,556.4082767929394,1110.6347361886105
-514.8423649426861,532.7500903775999,524.6662381238784
-510.1501439963372,696.8839178531227,1132.4112878646038
-469.73936605207246,562.1558202353743,1043.9220357316224
-423.1285519899616,507.9094865123894,1188.3550575091588
-563.0642297285679,592.9653268909797,311.4894146799641
-541.4433389896881,580.6109866132098,710.3419389411582
-531.3814639790553,611.9201490429618,772.8746177617097
-548.2410115467951,554.0846812368391,50.71957534326168
-492.74394950821716,673.9504379986372,877.2196035311159
-493.7365408763585,616.2505459253821,850.0212486459535
-494.4393181474586,573.3204778470251,625.8248452652284
-556.2032357999401,609.6005610362236,926.5342142232471
-495.24569470247525,589.4681021011243,1138.0153889596795
-494.65046934493876,580.0564360172717,757.6863999999999
-518.9942533192229,588.1532741516403,1007.9643540335857
-495.21980145037924,589.0544888331099,1058.6089213524097
-532.0926623071002,587.378750408524,381.2736051246597
-494.6478896864469,580.0846442039569,1307.415
-518.414350929027,528.516479073234,948.252336287779
-494.8889025728622,554.2789881098518,943.8242574092696
-529.242808786345,577.4152744639491,939.2115020239463
-502.785507144094,609.429627783448,711.0970958204548
-496.09675428043283,679.4191295739756,986.7147720343035
-494.648387422842,580.0639839577898,1338.204
-475.70462248086824,599.3778344155885,909.2282733059881
-492.83967601588165,662.2377227480638,1111.646706774299
-494.7142778695006,573.704935016901,706.2836245310866
-495.71856641969384,588.6689418451942,1037.6035562302582
-495.6694322557096,515.6569935010195,964.5885723297216
-568.6446792297352,588.6356358329554,422.81849673552045
-495.40768174419145,596.4692845348004,1126.9443286879882
-507.89527877624414,553.389105925588,848.791999099147
-554.0476546199397,601.4880894871392,678.2683780552885
-494.640370854549,580.0572417058936,779.23
-491.1562727882715,661.2502683726764,1080.3023566025859
-564.9231576958437,584.659456495534,1151.9211570139464
-483.78793672420716,818.3749567923205,1491.2170592304012
-310.06902340593297,382.1288432415879,1957.835548003086
-496.7578418446558,615.8856261891469,926.1578194504252
-508.11421015555743,567.2679552215801,868.5989594655958
-494.49977620938193,542.0414862571959,773.4637845398024
-494.43525243117983,600.0264066820444,915.5483703811707
-495.71208758874786,588.566911573957,1018.5377462325324
-467.5145956267106,560.572559298024,1203.4449514221765
-494.61358964982037,571.2534183394317,986.2417436866283
-465.55197885839334,625.6091090155957,1247.4116444727078
-506.79638494284245,580.2928670901885,1070.1597798188493
-579.6617849205268,687.109351415819,926.8795638684835
-493.29809076453625,559.4145840955041,780.1632711226994
-509.7314159787056,738.9805863899107,1245.3348214430955
-551.7027780222643,591.1516290494028,1068.4910393066207
-482.48678511870685,579.4558090927663,874.501234144646
-502.2989259770866,585.3380080295949,846.5603655240111
-508.2461959425548,514.525706461854,311.9385890692278
-487.8916269002434,579.6713654207181,647.1246122821747
-507.2358514183111,644.3681494152976,950.3617766226403
-494.9880429219206,570.4389939017467,1212.0122548515058
-507.03117646999294,520.3984874875723,216.70780569953462
-494.6329676620676,580.0667714628738,708.332
-427.3982594430472,598.7084447808134,1170.9330667251688
-524.8923386938563,582.3017755366076,960.855859285828
-490.7478151002997,682.1781798822935,1178.4249562753766
-422.9523931577128,599.9606114378387,1298.2387631876989
-513.1282316511572,571.3901034099563,691.483077246495
-495.00961639633965,556.2452726538986,569.7146338197362
-494.91959441451536,513.315128659817,1006.7971870115443
-508.7382984778501,580.0416795889801,1043.8862890021962
-494.59847372328795,581.2270615504557,958.26910842493
-499.291857622763,634.980035582726,708.4598767746656
-620.1136189150568,618.9610320725326,930.7915466808441
-494.65585445947045,580.051773498845,874.5224000000006
-492.9446479596206,555.493741195831,881.2804932360118
-495.83492269984527,491.68965433862945,546.1912746634482
-494.66826136130476,580.0410214626311,1114.537
-494.6365539768326,580.0585204551489,1018.3406
-494.6427149349515,580.063745309686,1245.1593
-496.1254580242471,546.8763433832412,886.1254906598026
-494.3472484628792,486.14670684535736,846.6832786682342
-494.6484465066951,580.0683704655012,945.228000000001
-508.73363786705886,640.7305577194791,1179.8757849093245
-548.5174229421787,662.7768284911888,1119.8551106099128
-503.0333115750627,580.5980423043852,816.6280460436449
-490.75698376954415,568.9549442846346,784.3992939790435
-531.5357028373962,672.6438483543316,720.9481678159744
-495.8287486317845,546.7489635981651,946.3418535971435
-575.7295282810662,599.0353992863174,657.7082366271833
-495.3850271181577,496.17708041920673,726.9451427835503
-494.3383243131266,587.0792586640041,515.8325618047207
-495.34024712641985,586.3876649077413,680.4669750258086
-494.4032669362946,588.0020792749679,913.9532605174387
-495.02276365401985,555.1296178875327,631.9383563009306
-434.2499186514483,540.2412796888432,1107.783753078447
-491.1553512585044,750.9300753743485,1125.8924931346423
-476.22850018192594,580.6516086003443,946.9279139851276
-524.8607052303344,469.9468401439285,1388.308340692669
-482.1935241616343,579.4446311691771,913.0858068384117
-494.6550400004937,580.0504357013874,978.39742
-494.19572471472657,636.9207772480581,984.2423012012189
768.4005502080854,602.3492965320056,-777.675198052877
-492.76525642317574,672.7940554310003,857.1154503545434
-494.9323448194955,512.564840265456,1026.453712132785
-495.29196826344923,586.1080602798665,616.4421655686514
-494.9722221845268,570.5325384217692,1192.3981839259754
-491.63939710856675,617.5313095110614,902.2846769532559
-492.6172885556816,666.2594193000132,966.671331854828
-519.8667129018756,588.4286447535774,1071.305900124276
-420.904903543661,505.6590326886173,1248.9026484948577
-499.06110975263937,479.4170566133023,1214.2687428910403
-495.9648017950485,481.6807842779024,693.2207587671021
-451.4820285906908,519.6193013733846,1076.3890820950464
-551.8821895094125,526.50800403631,1453.8590226761044
-483.0328353117343,516.369906255447,1031.4258837933094
-504.17887241966173,614.4502361170801,960.8121248933189
-443.84106795449975,556.1639834264024,959.274794028289
-548.308380739551,582.6281945376334,689.2558942747071
-498.63278427988644,687.6322710093073,1225.922390394964
-488.175546379372,620.3495924536126,944.710338127741
-477.6292143211581,580.0161321411376,1036.1233208952794
-495.15528871836113,567.4836331798161,475.8850781108585
-475.0466365248403,600.0487896006591,966.2710724219132
-495.52057219670405,540.8551553774003,967.1174053376294
-506.2333033232503,581.2091852563126,1428.9777615531943
-646.2269258021001,581.8804204613102,713.8312867313139
-493.695354207518,618.1499778471295,934.2221365612575
-494.64681359803194,580.062170204154,977.758
-494.73973184015404,573.6979329619908,514.8402481176842
-492.97884253813663,656.2126890670793,975.4446404541329
-528.4522329669387,580.2394080558207,853.8671059910722
-494.6440401983125,580.0647408687455,804.876
-526.681361075427,577.6085834688793,813.4728791117817
-560.9730700224477,664.2312971584392,973.1126565312052
-486.3567832926476,461.13524839656225,484.1662973098221
-492.55370950879933,669.2170173691075,1025.6400121471024
-491.54276114401773,546.0164446162403,790.5723102865111
-494.6476021182134,580.0575321247284,688.6654
-513.6299763603947,604.5963594318544,898.7422184282111
-522.3750613635141,617.8762218289442,700.8634959445857
-491.3816251606395,502.8378518497071,859.6878809092447
-516.9787331794068,720.778477211984,798.2350418796705
-512.3379467625391,492.63044364837265,559.5188422505029
-507.5702837790177,538.6176869258488,928.7680382836804
-520.3492658236903,561.1685149964406,625.1666089543562
-542.1419495696155,578.9276751648185,1266.6579906626218
-493.90618968745457,610.2481895705639,947.2073157756892
-469.3901126312684,475.0079878556721,819.7563775860531
-499.41167582395474,622.8713606660872,1369.7817835214391
-549.025910802613,597.6582807277061,559.3487561146962
-491.2736589375022,532.5035701352194,912.7865901675274
-493.0385292305832,634.5139570234717,1035.0737766974055
-494.2783029917946,580.0304317905461,917.6387136908701
-493.77265689342084,615.2961934933555,807.9209361946774
-494.643062646835,580.0497951143138,869.8553999999999
-494.70690177068036,577.6209206643173,1118.6396025027443
-475.4151716196943,580.6830913385323,1020.1275722335884
-538.8190637773569,585.8719938642897,582.804989146058
-494.191684696621,623.7662395039927,943.5061128755502
-494.66466203294794,580.0582231981069,789.03276
-495.35985634378085,586.6751910380281,744.491753143567
-494.62959136473387,580.0565244167642,761.5563999999999
-494.39143401660135,557.7969396336167,880.9544111456505
-513.6995599812249,571.1451135156949,736.6593898292228
-505.06331019631716,429.34993271390704,805.7543288149105
-430.314817102397,495.15305470483145,989.241263887555
-501.83991287959907,595.0437707792805,768.0615299363418
-494.64806388249167,580.0886514029285,1219.8425
-510.5366316757654,580.0481506473534,1273.87930731194
-494.6445515076862,580.0568944634354,893.7914
-538.3480294309288,580.5713727637848,613.0044688153777
-494.80889078341716,541.1225747448154,700.6180739322075
-464.15788317481474,576.5449476500694,955.3637171763214
-490.5163652392339,684.7570102858142,752.6150140089478
-494.00477152222356,583.7946554428254,1181.8159442613805
-492.6247372349285,679.7504417486766,977.7392223960481
-514.0947269807482,483.96507575457736,689.4932013049771
-477.98185955902,828.8850261964469,1605.0439687331207
-566.0160788747876,588.3316749519727,380.9680435844848
-471.80913506790284,501.8133626505096,1469.4514591685538
-508.92946251293733,611.581800963309,1209.5622468270155
1185.6162581345507,618.6199735623816,-803.3683845060314
-601.7217598521524,591.6000200277333,117.99111231310621
-495.76012360029245,541.1030151723079,921.370090951375
-531.0680922879797,573.549809749478,722.5301752748776
-531.3163579607028,679.8206681505508,1033.3876276633614
-502.2105054240769,585.2596590065277,825.7119438893476
-527.5971927921444,560.5317446332785,666.1124652063809
-494.9260227704963,565.4656158913291,787.1969139372009
-476.80470464724,512.8204965395666,1218.3362516235677
-511.05694114738026,668.1713359965563,1082.6243263963997
-490.2398296788174,502.3516049227487,476.2961436343908
-494.66620517858564,580.0557172550209,773.4514
-505.63814984491,590.1641491738915,763.52997938527
-550.7638904378391,598.9821780706046,571.0145668363837
-518.7101608559296,652.7167261429913,959.758122402668
-494.6419720586973,580.0686448107008,988.9602200000008
-488.27965514595917,556.8596190246521,716.290035921937
-496.6499553074268,930.7815400756233,1493.2881241435061
-507.58281174924025,575.7987503439567,1135.2423580076013
-494.61331571309074,571.1473173169867,1006.7491328138726
-523.2037344586397,582.935436840391,447.81720107584334
-472.23754034146896,503.2452174667194,1428.65539119622
-536.6600238972851,686.397041210006,917.4676922967165
-518.2301723679261,654.2933072005798,1098.8279423058402
-528.7495593087783,586.7350703604995,279.66296752511096
-450.7997053758477,481.2111310790283,1016.0063089256813
-473.94853116280547,673.639871434379,1569.5243024460524
-525.3512547341752,581.3633081302211,1069.6949073569274
-494.42469612705145,570.7345180811083,692.6008879656557
-494.6391176999541,580.0537591353859,985.4262
-494.1850712712867,637.6490926536212,1006.0486053365771
-476.96756871378057,844.2200579197654,1750.5450707545883
-481.8142380390277,479.5878439921976,442.4343676077651
-491.566314943665,612.6979480597199,1051.4543118406912
-549.9216777297413,597.9565983134239,580.9612462100848
-486.31109431866844,579.5878415311024,967.5694552483574
-492.29143922892945,680.4635565305523,1157.3037987220293
-493.9370254513924,609.4869515484042,904.7070610285539
-483.67748432122653,820.443089421133,1510.6059862424681
-490.55586039225636,686.977783584724,1268.9586678629075
-510.1260239505086,835.2269181496042,1629.475227842607
-494.40461521474117,588.4003671715254,1001.6765614855285
-506.88183462035795,580.2989931183871,1085.1831749228318
-513.3811983186306,604.2888709427591,877.688806874079
-494.6404226534992,580.0665410185794,890.5878
-495.42820737663055,597.0603341284657,1194.1976861372402
-537.2100406759068,580.5949732997858,666.9206986228339
-523.9920895280027,657.6756226298903,681.0102798786189
-501.6479980328427,506.8196773844329,1124.4681001105628
-494.652746299138,580.0611858380653,989.8996000000008
-516.7155317113984,649.6065660839373,981.5873996818115
1809.2973360045544,743.5597359711223,-848.306095156584
-531.9697280105077,630.8108636492053,1035.3125951064492
-491.50447626938376,613.4144295794358,1091.257649243019
-472.99333901472255,505.70460058255264,813.0885679794544
-519.5449413909882,526.039338127662,1030.4825902179796
-489.9785171259473,497.8041613060352,548.2534419971121
-494.7839833699968,544.0259080969422,592.7214398291301
-527.5056937440872,571.9907933833874,944.6776557642728
-547.6042516296297,582.5959172096022,670.4464766876123
-491.42886054257497,614.1367474400635,1131.0608308319336
-597.3756215092781,592.9183977712423,660.598906110841
-508.9789444025778,731.0717556016223,1145.7704847660737
-544.1124588369164,578.8844194834492,1350.593562874433
-511.1294057372129,492.34215898168827,406.33340727110476
-499.28885399027513,621.9358162851543,1323.3343569390213
-496.05824361235454,548.4878772600582,807.1425156313662
-485.648411281717,569.1411895216902,1251.7663143622046
-477.25058989270383,839.8543828511522,1708.9713005458493
-490.64421680647865,681.5178584884522,705.9565241302269
-523.5087042606601,581.2974124852002,961.045615336086
-507.5351730192492,490.17585923719076,713.8523179577462
-495.3177304944147,586.2013758179146,637.7837633403151
-494.86583022360855,571.1982167459937,990.2017317947633
-539.8442281703426,524.5230434213711,989.7446181362949
-468.1369323537465,542.0418022703617,1091.9539111662743
-485.20103754504,484.3715420590685,731.7747246486394
-493.1571208117216,467.0127033307551,499.1491363026479
836.2767936834025,603.4436246600376,-787.470235536166
-549.759237211972,599.953263196295,575.3428146894357
-492.11114442708185,646.891767583065,1137.3580044328821
-501.8147725372105,579.1993536842776,1174.8347868890082
-508.74790532157203,487.99608678670586,906.3732757521425
-495.9472068248524,483.11195215789553,672.2166417900783
-490.5220218114239,688.1675301799937,1291.5928254097569
-502.04357214554784,595.480106862876,812.8996306652311
-644.1966687640138,581.8667301642638,694.3050470860807
-537.769455782797,638.8501154594226,1121.0156656164113
-494.62264430410187,580.0682472990387,1147.7934
-498.78792510271205,485.3718286995221,1098.1503377663585
-456.38549084171655,561.4731723342452,994.6877490961759
-494.6433111564279,580.0605133182974,929.635
-542.1320520516656,538.9485387027701,844.3636382940902
-542.1387847421365,583.1698224749904,675.4522555680124
-494.6460189535719,580.0723343739855,886.8296
-474.3142557328242,671.9533253213857,1527.7904373161682
-521.1235337455719,560.5986335803744,666.9868042998103
-521.0573538322635,483.8071638836491,1118.830250543422
-529.5390208904937,573.8218601499024,661.3096151765282
-494.7468483984137,585.5621600403306,801.3794693887828
-531.7159741771372,680.9117285133443,1052.764307505894
-550.7974643711932,580.7207416757439,1002.3524350277032
-552.9867154056788,577.2524694445642,684.5017444784082
1260.338420666878,610.8685260707396,-802.5514912247108
-497.42548690033937,527.0207432526603,818.4347273160502
-501.23943556643326,454.68892916967866,833.9109292535745
-494.6015625334576,570.117994621837,1211.8231803267731
-493.0720024794807,518.6028043878283,873.5242868015325
-484.73521054538196,579.2902855317209,1033.9291576634296
-538.0649003991227,685.956056692201,1398.0872289832662
-569.324831108012,581.7855478372085,802.7418253189594
-540.7919131191761,540.1119318902886,799.1670559095897
-509.21868857483423,577.9266206214097,721.9573905829063
-514.855076750164,570.5996178173318,827.011385599594
-452.393630823537,500.23971039129435,1229.1421599540101
-475.0706120976158,488.0370911741096,1150.6191604148864
-427.97035939817715,492.0856414564614,1052.2912703883508
-516.024460709539,537.7704280285416,752.8716242718859
-495.60422850554005,625.9242729351229,1124.9784715762003
-494.6442209298889,580.0475627091282,932.4436000000001
-470.64571389867933,477.0346338883135,1106.4857982905903
-476.61824669361727,512.0829678758441,1239.831575311462
-501.58445740775824,721.788671233857,1128.8935736685714
-541.6005622338632,636.3707851910467,926.475097269142
-494.66132599566345,580.0557314320674,862.715
-564.5087666231518,675.8064759584161,1045.9855831034
-496.75463677335756,508.7614503799304,831.5471056800875
-471.9318321495871,563.7531195386356,884.3987851437494
-506.14730607812,581.1953716581675,1410.656581316151
-474.6216887876167,589.1664651564852,1180.1059319229826
-486.20720642096103,459.0675093369198,505.6302862460859
-510.86106564279,579.9156961800973,866.8505844839597
-517.2274359827288,587.5780348128258,881.2817456203962
-522.0222900917015,617.3800542682243,681.9036249121623
-493.83667919921163,547.195552443565,1038.6200990966313
-494.64998115745175,580.0536241295824,1111.77836
-634.1044243302222,581.7331581579319,596.6689690568992
-524.7239954142842,581.3522719703172,1033.4786444720235
-550.2435726731064,665.3915757310181,1179.2625753505856
-538.0978359228573,542.4384269798463,708.7743801807344
-492.6658980421157,677.4344462603622,937.5311165103572
-494.17039527569705,590.1218770423305,1198.120287953398
-489.97218273308704,566.7531055324575,1091.8728523163259
-501.0693030149555,647.3393426694574,888.5979434799391
-503.85939134466116,404.84697538210287,883.1347097191782
-524.0421460700281,472.9142115573741,1330.5629571273994
-492.6508141605825,551.3782110465133,1156.0851862855163
-506.5956951769258,580.2886371777707,1040.113100628625
-502.1912536421023,436.3777444728105,589.0013888760938
-494.6590450702229,580.059552534778,1092.9479999999999
-501.7777806293029,596.5733591322501,1188.9377217419494
-481.5705386326183,508.33478729125045,1255.9200034432063
-494.9385582586276,564.4381875944122,896.3000203297421
-473.77243451520417,674.4794988574093,1590.3914007809828
-494.7559393679014,585.8597201491025,885.9426794973551
-477.7684057095589,633.6986867373571,1541.654316204412
-540.4857551570763,627.7023650566172,936.6769052229492
-484.0152642812236,588.4769277243256,1147.5007900969604
-490.32560855977226,503.8710740843601,452.3106958640915
-495.8616253444916,554.3036045969739,1024.1386520906717
-507.1613380679812,492.74125841131905,672.1835875464963
-636.1151295112572,581.7591181967703,616.1968340796233
-530.8590548552413,580.2555066802664,968.4661408284247
-508.9270108775836,653.034790069538,1179.6874981929923
-494.9147633121056,514.0649564055418,987.140645952234
-532.9617273461931,582.5570101659433,399.55314952220556
-433.54896882363755,539.8134366189247,1128.7397237212488
-509.64067984841313,613.1185884422168,1305.6774744981576
-571.3852064634666,598.0226078044266,582.1440598469729
-494.6239556336436,580.0631097649973,960.0604000000001
-494.64207344979195,580.0591897580093,560.506
-519.88155438172,581.5506371132316,933.6060621846513
-494.6268441390512,580.0541529279396,842.1798
-494.71963028911614,572.736936349478,930.7256708095624
-495.0730823786357,587.7635190152996,871.4228557129078
-493.0018188738718,615.7689898736958,1191.244426975958
-291.90470934663335,671.7184878496639,2087.2168637556656
-493.08455478064093,565.4452744131358,941.28036861076
-494.9745180942309,603.8753406039627,945.6987426237242
-494.96665636823445,603.5697744640222,923.7405072980071
-520.4032493013906,524.1761271247597,1092.1549936999631
-496.8993597784704,618.384840947715,1042.8936382293768
-494.6404619782802,580.0634979250517,988.627
-496.2089064473421,601.4368167840945,708.9205579034938
-492.9533132078859,657.0789768984209,994.9018699702541
-492.9834756026439,556.1340052700132,839.0029664927033
-288.39455717952023,673.3023016794452,2136.132214237157
-523.698517563063,582.9873658916466,468.85215312506256
-527.0955474558943,560.8307856925096,645.3051203922541
-502.83640967786096,580.5721017052176,778.5005380336901
-495.07330746479215,587.8593312350165,892.4916839310856
-495.4181239554987,492.77300637320013,786.9830250892824
-454.51894351800047,578.3562592109743,1205.4786007013488
-465.85499820828454,625.1362963072182,1226.2050724505416
-496.3054324346124,580.9300356053309,1035.862075831109
-475.6529545693295,508.40305730788896,1347.308189540635
-499.49922331565267,637.3620100476369,772.0494481894556
-540.378267354238,580.6234381112349,771.9271828786473
-532.2576369531348,582.5179659021882,378.3300545532373
-494.31026510148695,580.0104082120479,810.9347198116454
-495.6414169405973,518.6806748063593,884.039815986275
-496.71884068684653,615.3877219492056,902.8106154478954
-494.651926120549,580.0657023475296,906.0242000000001
-513.9809993181791,571.0024805272474,759.2474595727717
-494.0105798852592,583.7311335180973,1142.6504973097299
-534.9847930397641,628.4413604308361,690.0015205644302
-514.4440409865638,474.6545770164132,639.819133453926
-482.27120228993454,638.2074934817625,1148.461757705223
-495.92601112253897,484.54194731856455,651.2124436432944
-640.169120961923,581.8121441614101,655.2498338386525
-487.35951843510793,579.6417288612481,753.9395322695722
-507.0457739268104,540.286223761263,861.1342934521432
-518.7730747512146,732.1097230833539,922.923571714374
-495.04390577935555,554.3764602091035,673.4206253807828
-509.16695084700154,510.12921344323286,383.36217327383065
-557.3881361754402,690.4406042837497,1169.5151075910294
-495.5799494575872,477.503252109608,1017.7873150213737
-495.94414255214656,627.585026327012,958.2999286977102
-632.0827284313257,581.7061378610099,577.1420257474449
-558.5868237800628,523.2319088477424,712.0503941008404
-494.6274126526771,579.7723208329967,739.778442982373
-516.4857129873476,645.9927624123306,801.3972365265353
-519.0012627455176,531.8782334472439,962.0452311907122
-481.6183984607396,579.4104636460239,990.2550158906681
-490.7971679432176,646.3338647055282,1180.6613949671482
-503.46577349574454,611.9440690581291,835.954604990882
946.8602246041391,605.3047100422984,-775.213215533995
-538.7706796992704,541.8564456778479,731.3725626746566
-539.4652236317224,573.3082601894885,810.241849472384
-435.2365465883513,678.0639249612548,1133.6442656370934
-495.2113386728902,566.0857955802604,612.032246223967
-426.0906165864126,510.91715906845985,1107.6251364946825
-488.2813631194299,701.0394010999694,1132.0183965353942
-494.72467277136366,573.1339138252714,840.9489080853278
-491.9826901152969,650.2754433738927,1233.1076065880536
-491.46645707888274,613.776474061172,1111.159220201128
-519.166296709042,562.0336103156791,562.4369398472326
-494.63053583815963,580.05099858373,973.3626
-494.6590369866576,580.0618705207119,1048.356
-542.7006864245773,556.7667360811388,-32.22526124022161
-514.5399135319826,627.5156726305795,931.4807190313576
-492.252712670655,624.4663142714052,940.0874512388407
-491.6179766209598,550.7655225622943,856.5336706296941
-494.65199688581424,580.0637191292965,882.384000000001
-494.21602926689,634.0758449446862,897.0146726919304
-495.26970141993843,667.9472977285409,1155.4077825868621
-483.42144242285883,518.5731101806582,970.2005555594628
-506.2007331538621,580.2838691788071,980.0197179517394
-519.9598678197258,561.4559640113117,604.2566020458643
-571.2304676011554,581.8405533513908,842.7316237088241
-495.8697527084123,488.8412974568744,588.2005181708652
-523.8152641030842,581.3057751247405,979.1538393193113
-492.8945212815797,616.2995336713077,1123.6991375689531
-494.6436398271403,580.0694085080713,776.2982000000001
-489.46330166021926,488.6909047094596,692.166442368745
-565.9852233040276,638.682032642185,830.4436912488314
-494.8845369041387,554.649190769594,919.8969985552249
-511.67163363434565,577.550195152593,969.1332929844857
-533.3093054150322,685.2303064029143,1130.27361667448
-488.09895635307976,620.8896828590398,968.0839707010435
-494.6970181626607,577.7803108649775,989.1559844464404
-449.0120044335622,419.02245208819204,1105.3921668151436
-532.1260026900354,681.9770566467478,1072.1422011797872
-485.9027348072932,620.1938760008409,1112.5747889825122
-494.7309374719921,573.496419940062,555.9722728865606
-494.32383302688595,587.2955156896276,767.3729668132212
-496.6694534946523,581.1372773069961,1425.7382686752624
-476.4450826241241,580.0230004557493,1160.338909654451
-494.9959497400648,556.9961087804504,528.2323106908932
-566.9150632067426,639.4462518320586,850.904756610505
-501.2049083313227,511.22304812374,1012.1369359770811
-449.3565564515243,477.88207007039387,1075.508743166697
-545.6499997785079,529.7393436714182,678.0178483827458
-494.6352756198942,580.07500489278,690.5638
-488.0826427460779,556.1751976313278,760.3331038743016
-501.03553991804165,578.1015867991273,755.4357505130109
-557.3298225377939,577.0556740719833,791.3416726035769
-494.3947088411642,588.5196036161308,1023.6072818027785
-513.7671149741009,535.2788250731048,456.13158025819763
-537.6897051272788,685.0880080081376,1380.334930582715
-494.19581060309247,604.0512772083921,1075.7726503955846
-496.077229488536,548.0762316262278,826.8880847519025
-494.8711376705328,555.3864719318274,872.042413687642
-532.7693660252125,587.5100513693264,401.5954194525492
-505.78450888655243,590.275187726184,782.6318032902377
-494.6011697581939,581.155123565103,860.1047117481367
-510.4425613042349,495.87994548348456,359.6366553918157
-494.6352285213911,580.062724674174,813.2826
-490.7668943366273,543.0673334852336,874.6743352305995
-494.36184084256183,587.0900223666154,725.9510172791629
-492.4824800830984,672.172694597614,1084.6088145191122
-490.3083715299663,528.3465254825677,1007.9019869246824
-496.1303166953455,681.5833105250806,1024.6790124685651
-532.8643913651717,697.5581531155292,1202.9133248462526
-491.8332428846079,615.152911811924,797.6228986781541
-494.6450975828534,588.2217930109465,900.178040108487
-525.9224044004325,578.215695598532,487.36138623649475
-486.68356723792704,570.4248958381836,1016.6500234606134
-504.81104181286037,686.4936799363959,1843.35591009966
-528.0383902868241,580.2455120389928,834.7675076601874
-529.6186820579173,644.6737112742871,917.0257387960653
-539.539006952406,585.9707132688571,604.8369036758636
-494.6474452898233,580.0488133969862,997.7568
-550.6299562277077,600.2509471628994,595.927567990854
-495.4682538488237,542.9340928899901,876.4961483202297
-475.93064831751553,599.1617075571417,890.2139908357011
-432.7486648698946,682.1699969733334,1212.8773499397378
-541.0488505677704,594.1856004207763,727.4153724422106
-481.9164332654982,579.4260404709747,951.6704726172042
-526.0011359322684,582.3898783437604,1023.1663072141635
-544.6561937334234,525.2959420936882,766.8222200534419
-514.5865924937225,640.2260956475168,665.6593886744588
-543.5708573337229,625.2765496578884,792.3100262817126
-533.1353762978488,532.7694644877863,730.9088815844807
-483.5762897615209,822.505362374487,1529.995628081869
-496.3511390256208,580.9606852699208,1076.90166384557
-495.1110645974413,588.3508098720229,997.8357313299722
-548.4674352308746,604.4508434566278,634.3686142882442
-474.01777586033404,589.4513627594852,1238.4975424066847
-494.63367731344533,580.0585753054954,934.0457999999999
-470.8033252046778,480.83992658847865,732.5350284083318
-492.9853851870812,636.360762733746,1096.1235858967389
-485.68856822297766,587.1385180328111,848.0828155577402
-552.3236381762235,624.4222035226533,1031.5686593203316
-476.03294864604914,509.86299461641556,1304.3169844851545
-425.35214711964,510.1612115907971,1127.8075212680571
-482.4847209537188,604.2764588145699,1586.1405346192228
-494.63225256332044,580.0668708398974,1029.0662
-544.9499208534735,530.4230048196163,658.4206971503382
-517.5258693192372,626.7655377293336,1380.8594005120071
-543.2208869821545,611.9426474664158,550.5218592274476
-493.0207939433983,564.8643937578163,1008.0141139730927
-494.6535630454623,580.0618895738091,924.2800000000011
-540.0062229128325,583.0346469553164,611.7837583305594
-501.63656452049736,579.2225970369075,1124.0964667965443
-543.5476648271904,531.8153067642917,619.2273325251183
-474.8509154879489,512.0871497523652,678.6798189866815
-559.0650191647496,586.5908875078609,686.1354395826256
-494.71161690082454,573.3297767842713,796.0605125433726
-426.6567414214146,598.9238745593118,1192.1505925115525
-448.8463047753735,476.77404215917693,1095.3422128473285
-494.9316500680686,514.7941631130693,967.4834359843339
-494.59576736729787,581.1750605621027,879.7375874221221
-537.2770266348375,687.0919953637699,950.680125071778
-480.86743150110703,539.374742906818,459.28224811900304
-492.2755876637175,582.7534636155199,1136.2879085208642
-508.7944230188814,611.2723324888293,1190.3391792419698
-509.5089397972033,692.097467626834,1054.9887789764075
-507.6669137195872,636.0648611639333,1031.3735259750254
-512.4167282330504,603.034542388214,793.4751902037741
-494.6331585762341,580.0643458101874,826.3996000000008
-508.08575119928787,486.34275257714324,776.3567082790307
-501.47325212385977,651.4954707927373,990.1683818342697
808.1882045410111,602.8786581039406,-772.9399776751252
-610.5460311750592,615.993224540279,802.4766903509089
-494.63662953115863,580.0681539288804,992.31816
-555.1595529516662,550.729675720929,154.40097267929394
-482.40342347842034,637.5773147660428,1127.8817656054096
-494.655763546305,580.0533109096666,1081.667
-494.6624748182435,580.0593855482448,879.3434
-494.64084171361196,580.066546199514,864.028
-499.5699950575172,638.1490782256342,793.2462588937009
-510.6162464238869,700.4977733014705,1190.4768133801965
-502.0179820888329,585.1113548095436,784.01514821606
-528.3113896934071,571.7866744079363,986.0559283467771
-494.29459810567573,580.0380296324756,832.2755123151717
-494.6421236339829,580.069125777458,987.1474
-476.4858541146855,579.6805317754847,1065.9296439016262
-494.63868523375504,580.07229241206,626.1232
-447.4855215383677,557.8708944464943,837.0804644383022
-494.6424131053054,580.0692107104848,903.3098
-493.8146020064305,546.4057657854937,1081.4832371098935
-537.2385576396291,607.8477312626557,1417.8833829931934
-493.86746465156466,547.9701950094982,995.7566639045474
-534.5672748611923,606.1254090297756,1282.5371305918488
-457.17145921179326,527.5423893262509,836.44739109346
-472.3554134878377,580.2348872645007,1242.5055369824295
-495.23030807052464,589.17695852062,1078.460441613076
-479.0054520935323,580.026883048005,891.2050793728027
-490.4098316684467,687.98691401878,799.2741774348046
-533.9356188375184,678.658812636856,816.6699407432434
-528.136737192473,624.1338516385892,517.3146008176826
-494.9009128139621,565.8856759915326,743.5558120048884
-493.71551291955575,617.6702535051627,913.172048375372
-490.92566483777455,666.627856924197,1201.8520250442698
-558.2110968561738,586.5062429708832,666.9571128352765
-493.0278612201114,615.3926232129272,1171.3266230562392
-508.45575548433135,566.9418931887677,910.1198077126608
-490.92397838779425,644.3510807091682,1122.9420146020668
-504.5467924408699,436.92166738657284,727.357797752413
-494.2810749063724,588.2324308091991,723.3574444925238
-531.4113736754953,587.2539704439748,360.9519100751934
-513.6937007048773,608.0880556559893,862.1502859849935
-513.5056249088352,577.2881719306561,1154.5153059219965
-494.64368016173285,580.0737961733546,1162.4261999999999
-528.7220394035248,564.2897346292777,857.8226930141061
-503.54580427189194,580.6270589708711,911.9467325927809
-483.13383671966403,554.9569816048433,1004.3664637878377
-498.53503613418934,491.3156338098846,982.0313538115179
-454.3012032618269,599.4104291762269,1199.237354244062
-491.5971862402198,618.0131302753346,923.2168567389817
-451.5734598166582,480.1608176398961,982.1494557366001
-549.6170790167762,553.4106851023625,71.45623583020244
-492.0163259878814,583.0377380366642,1323.9162538662365
-506.5328129666184,498.5569829163842,562.4555977165046
-542.085058936148,580.6043417230757,729.8088020608727
-473.06273479721494,587.1535085462365,976.7998229395724
-483.88302648952913,816.3078880622963,1471.8279327627456
-551.5844225239973,599.2634046975203,590.598063706574
-616.1673049800233,839.11256106685,645.4170815575884
-573.4359448831783,705.9287382398988,555.4214601038694
-555.4246081762467,687.0138332840334,1109.7231433759625
-531.2697197224768,629.8436914165142,1001.1237063833406
-485.49180255355714,622.1518939215307,1204.1945367866833
-494.635953087115,580.0684278618703,691.7404
-623.4165983869289,854.5311078230743,728.6609916965638
-498.9330870192748,482.39758039684966,1156.2096752326588
-494.40927768558527,559.718956743589,740.5905755132585
-492.9394653827171,615.4778127415336,1080.9662585006186
-494.6363298140536,580.0615614993488,1190.09536
-625.2282160329787,858.4014245365038,749.469657367837
-508.549048422507,489.22579470580797,884.4985804753111
-500.9712319405926,459.7607885960542,769.5772261784896
-494.6562270388447,580.0715314795038,1149.7845
-296.5546835861119,669.6281495285964,2021.9943915038875
-491.2252797620713,643.050221379097,1203.5985634516974
-546.9451809613511,712.3959452719502,1325.8603756646314
-486.0774846426798,457.00309104044345,527.0949712152021
-518.1093183051553,587.8674816674186,944.6230650408488
-494.9481681556754,602.0202344451936,813.9496745870756
-539.3846816492328,672.2067271997525,830.2237877692284
-485.20591334274286,588.7534668296264,1112.7363277616507
-489.1119463210098,482.62668079223386,788.109406095597
-476.90753251723345,579.6855326864118,1023.4928169390199
-490.0806578190068,554.5898544893976,806.0689826411469
-493.0513147727279,615.027372654062,1151.408575009411
-501.2581677348953,582.7355332231075,591.0196762681946
-508.236579227927,632.2566495891849,992.7907659987485
963.7085047476521,591.5798544207801,-760.9416226276608
-521.4538157449642,707.7954507996867,1087.2055482160354
-491.1189076192368,645.1811565703227,1269.5293281665372
-494.6273380113271,580.068155914655,1110.98448
-501.1223211541619,712.7813476349615,1009.2820187861855
-529.9095173876638,571.3998634628012,1068.8128717105258
-496.85387170743957,617.3727704574194,996.1996716881904
-451.80416261250457,483.4334563195191,976.3393608809478
-494.39196643714104,570.0329371700143,800.7788632672043
-494.855545416111,570.8867840864011,1053.1195749171854
-477.0080314437323,513.5458509604605,1196.840588929824
-531.7183589167084,562.905132261747,998.5573135659833
-494.21733640032926,625.334106460786,1004.7129607567572
-476.6828131835464,637.1689477593579,1690.2445572268057
-494.64102238639816,580.0774423984517,1039.1158
-451.9724545361919,520.2752669297231,1056.3941661514316
-521.7656408652235,578.4725579291294,322.794330855352
-494.44762292478254,600.4862529403465,955.1025987729236
-477.1119264860354,842.0341140541352,1729.7585986554448
-490.60337066805323,685.7730216268285,1246.325572278678
-564.2602828134277,584.6211853317727,1133.888817586163
-514.4933701912964,533.5888946138921,501.82093724176605
-520.6989539068109,582.6784166816986,342.6432364825729
-493.09278213826065,632.0375273742741,953.6744410340193
-502.12146445647386,607.2387408226368,1062.5337363597519
-494.65262240601396,580.0647671186989,1204.4279999999999
-563.602450408484,584.568120431871,1115.856358866158
-486.78034072427363,467.33633897590835,419.77375883464316
-468.42629937542415,542.4400546860976,1072.1590209462229
-541.1119304673766,739.4767599061001,1590.9058398574523
-525.0294569422281,581.3682132027596,1051.586878590852
-494.6451880723639,580.0605590448934,754.8646
-543.5285977114204,680.7234080482428,976.4353743267905
-494.6205995530004,580.0688245966013,1212.0948
-484.91137213443244,729.1215267283222,1204.0382320520398
-458.10860347015796,528.8649113310576,796.4569228699
-494.80102475688545,543.4425572160803,614.3006752968149
-509.66917487669707,693.2934207742371,1074.3444474995154
-552.8278166029904,682.4158889277303,1030.0014732364186
-530.0789835286851,577.9744298733353,651.9284808602018
-494.586973068504,581.2605657374055,997.5348638209555
-535.4593937160439,588.0372212227903,482.8832738349173
-552.9489102409952,591.390956042402,1108.1820386853847
-492.80911294583893,442.2431285986093,773.4291991810005
-495.90338847520616,485.9690483322547,630.2080379386849
-289.56430114580917,672.7840802709272,2119.8268903152634
-496.01078796045067,629.9584315338195,1044.1226846283862
-532.9204551202554,684.1512632382767,1110.896081513678
-477.7538878004216,579.7059319464634,938.6191952235584
-507.96423907075314,637.3924519679144,1073.803021753784
-517.7095293149232,652.7425290379573,1059.7474753691129
-496.2564283157135,580.9016069162217,974.3026669285136
-495.38899166949795,596.2764831309291,1104.526500923582
-494.6500868204357,580.0494560111497,834.2228000000006
-507.1090656231104,580.2855613798371,1115.2297559424628
-544.7201454676856,529.627445693503,752.2760631506817
-475.8491908086023,509.135823669832,1325.8127645601032
-490.22993630538645,537.9808662012642,1098.0071605313074
-543.6083747613916,617.7053630461314,761.7691667761853
-494.1973323293191,638.3461683151363,1027.856015681459
-494.6397770179583,580.0658551667739,1224.3324
-495.83088862586783,490.27401515197494,567.1965337249551
-530.7589505242952,587.118901764052,340.6292389218985
-484.30905020628416,579.2594406726852,1109.3275998984566
-484.8751351064202,589.0674951780873,1177.5854611789887
-492.60602172596464,667.2423165777275,986.3277818027063
-494.6226097682347,571.6668508903762,904.2121331465759
-475.03744581687306,588.9728923303865,1141.1783339401932
-485.73782791660824,569.2611522552422,1230.3920991645803
-499.63985518735217,638.9524457297866,814.4423835280505
-492.51327101994184,671.189408039626,1064.9524227443324
-488.44646521823734,618.6868221518409,874.5912870419718
-496.1587529156159,546.4694467182908,905.8711408740876
-515.5710360307535,531.0367510467383,570.3542056050098
-494.63997049476507,580.0693008084434,719.1912
-457.0669639573887,598.0887180408977,1065.7050281338056
-494.37030960180346,494.2874941365601,708.1999291470928
-506.6293547868163,641.2083619864355,866.9708967327717
-599.7871727848501,580.8876736861059,777.126052729381
-494.1707010578523,605.2400901238009,1167.3336681782164
-479.86516077017495,536.3953676025303,547.7500269746772
-507.4361260158182,492.3393972340241,662.7296549622446
-495.7331726738794,549.5848922736136,783.3151442924
-535.5812802436344,705.8738144360286,1341.5513578937891
-482.7582246083001,514.9160728150914,1072.2431849759419
-541.9526604292773,532.4173946546562,668.8932730697481
-494.6287161597793,580.0711838410666,885.9074
-494.64977563451566,580.0692462820676,908.302
-494.66344004597704,580.0768328876001,847.3414
-495.9750578772823,534.5460384777856,1202.7237125038382
-555.7454843807493,600.6598482984149,688.5129836812184
-526.3731624536008,582.4101970718554,1043.9364254102034
-502.1161638532478,597.3160310021394,1278.1762420862262
-525.7512210619516,581.8908396232588,727.6932252833049
-512.4407478188541,485.27158448925115,499.72840277982436
-494.3998508680286,570.3179734098615,757.5077097695507
-491.728691545065,616.5805409814909,860.4199747154776
-524.6088449879883,549.103313168336,843.6805302851335
-509.12747651045265,485.5772018008255,950.125447923885
-490.63673884100854,684.576913709152,1223.6918499726262
-548.0083470333414,582.816243451211,650.0672805419791
-494.64988206254293,580.0559034686202,1227.8782
-538.1243363153425,573.5291033699123,763.6332773114846
-469.85188741675256,544.4845285225371,973.1854347425227
-553.84236868877,577.2302792950336,705.8702966781558
-499.1591405386389,620.6841511220496,1261.4044420613602
-507.29558088635804,532.4409181827052,805.4361571135128
-494.64838894301056,580.0658008056866,1046.675600000001
-495.85476721896384,546.4235565230586,942.5665590598132
-506.2621828533329,739.8986334329556,1941.7093169805098
-565.9572093859347,677.8042680193889,1083.386513632527
-548.2814292307744,672.8644024842388,841.9511958765036
-488.13187170477295,731.6147456274061,1234.2193969889313
-548.6335804540008,529.5414162480854,1328.1317849156267
-485.6140997244272,497.4596650782262,977.6424407159502
-494.656614517093,580.0640340825719,866.6628000000007
-550.7011114469933,700.1022974621034,1153.2564696507739
-556.4704660089787,577.0933211291544,769.9733123722393
-569.2113358447687,597.5038291771114,544.36219027001
-495.72309472628376,557.3998278958557,810.298119463883
-494.19722383172575,589.7253090239691,1120.755877781204
-551.6576516430969,691.9033949067309,1173.9484195927748
-515.2302449854897,644.8972139970066,864.3474428122511
-496.1636853170469,683.7393371943667,1062.6436854743347
-515.2123611089755,642.1475390374269,710.9054858158457
-508.374457853864,490.4433965807774,862.6228765803335
-546.3593267796869,726.3593249410674,923.2334731124387
-488.18934165789096,730.3500774041338,1217.6900328685176
-522.4120728744497,478.8605383926647,1215.072618513889
-533.4292394708007,587.6486238703153,421.9177935928924
-493.1518323647699,566.0212924551274,874.5465708261917
-541.828833980242,741.971869813518,1627.446831645983
-434.92210880275434,540.693172319119,1086.8273456281577
-494.64919746944724,580.0681086147258,798.592000000001
-494.63922890847243,580.0672857954705,1007.5840000000007
-494.6261352726847,580.0816285824458,582.3784
-544.705505742621,683.1507667863928,1018.2106938304846
-514.7590553104587,609.6700787801179,953.3670362222217
-454.1521023018113,578.3590090113746,1222.6261587309134
-550.0797703476587,675.9784010236863,895.6632594778912
-494.91492270141885,565.6732332847574,765.376326724257
-493.8769489877791,548.3685081050564,974.325162209799
-487.8163464153258,739.1745040392445,1333.3972171637602
-477.5359728708338,556.6671925039086,1089.7814185989123
-494.63877050882024,580.0810463325356,757.0304
904.8427403524929,591.1116897745931,-760.5482151429387
-496.5330242289888,911.9533429561245,1372.773747292485
-424.60691897545576,509.41249019015135,1147.989948925513
-493.8795542726448,611.0151431074923,989.7074496685617
-549.5767772830245,697.6682305188907,1114.7289172995065
-490.46544896151204,540.2961915348783,996.4923053387582
-494.3272895751934,587.6867478859319,850.2169869993766
-554.1284651302058,684.7184505166867,1069.8620394970667
-494.6585258286382,580.0579513505561,856.139
-488.16035066506583,703.51928779749,1170.765064186265
-494.6358581786087,580.0681341966229,739.8966
-524.0925683823511,634.4402559276114,652.8048251566609
-535.1979455652456,530.2299060244641,810.5506098039439
-534.8847791331482,681.0616445618496,854.9590778201405
963.7380788168466,605.6940764668891,-788.2764013538253
-554.9064193376826,600.3825827306702,668.9302854374582
-482.39977511084817,567.3875524668537,627.9630556165631
-510.31463320316516,745.3326344630575,1324.9844478325074
-484.8450910156216,587.806820563658,997.7917713661216
-486.65045876358477,465.2692718697315,441.2380470835043
-561.7470745664318,584.4369021465692,1098.5959194715588
-486.2224540201332,569.8269758605143,1123.5210389086621
-513.5074123988802,486.8555022950875,646.1686082645415
-543.5263424362875,580.662889717886,876.9342677421741
-494.8616942336421,571.0858557844983,1011.1743042182234
-494.64440623508017,580.0609971799556,955.1216000000006
-529.8110717181858,582.1481638089318,921.4558489717169
-546.0037271924186,523.8022349137373,807.2570482271242
-496.4576408479652,604.9799802180786,949.7290981789865
-548.9425539150157,686.585247589031,1082.4852342720799
-526.1513240507634,561.3776869638821,603.688140668963
-472.2233078782833,483.7925067683224,984.4103158199873
-494.64285687213805,580.0660118212272,927.0576000000008
-494.6296768962284,580.0593394026816,1002.5068000000001
-532.9035352516471,613.2484522251298,836.4976987844462
-487.7759193370093,579.6589767682976,668.4875464714812
-509.9507229111168,638.8314947129747,1212.3725755944654
-524.1744706256281,620.3341805593727,795.6628499811359
-495.1074040832236,588.1507520664936,955.6981310704475
-509.49515731863335,580.0423826143917,1139.71665398887
-490.59137274100476,683.1240859635489,729.2866888421481
-494.6423324033967,580.0727949985076,819.4058
-475.84182515777775,588.6045263930228,1063.3227942724807
-495.77555320309784,540.597866238253,943.0126575171549
-501.41567975932685,582.8128196050304,626.6702299277001
-471.60044250542114,501.0869793957452,1489.8492123124145
-548.4435955602389,695.2447696217793,1076.2009705171338
-518.0542201700405,581.4502728683716,812.0581628644591
-509.5305658327652,644.0575709709094,1285.9487819189499
-554.89186924153,601.8145812690279,698.8537237405423
-494.66835102569667,580.0511560543283,899.1578
-493.0065190360301,613.8223697778569,995.5007250904221
-494.8693342300221,556.4549074745157,800.2597160603043
-475.06114009496696,668.5894862371023,1444.322422917485
-494.64814716951605,580.0646339098103,1033.5610000000001
-473.20950240140655,676.9963876795554,1652.9926257965262
-492.3618907025766,677.304064042527,1097.1548099868876
-507.0033007568877,533.5459529020154,769.871245362127
-524.3074433384993,471.93331340966506,1349.811862127015
-479.1105301691665,534.1531014003067,614.1004879982489
-494.64278659083266,588.6216451191834,979.812167815418
-507.1815986937736,591.555304128977,973.6494936952158
-568.5830792922638,698.1661690122673,474.84808137966166
-448.0730292559185,558.1623822304741,816.7142626945567
-486.36811644258864,504.3246457989719,833.8918269460553
-494.64215507975314,580.0490628773357,972.9088
-502.07397469163425,579.1694950563697,1242.485800403318
-547.7249939374076,614.9245799338596,671.60778272748
-545.500039514051,582.5027851787679,614.0179495643094
-503.3676784151721,611.527882236049,815.1448717910775
-490.51880191730197,568.2717670459247,879.0064969924751
-494.3904195018458,495.6240363906061,685.1181285828833
-501.4463068434966,579.2422003680795,1073.3581899775068
-538.4210858931922,686.8340513072671,1415.839411351242
-495.32262354724617,677.357865524591,1359.258732610816
-496.1968016505534,520.9321035897972,1116.3641991918582
-539.488307897135,689.4624540518078,1469.0962181882585
-508.54159130289463,633.4585833441442,1032.7145780616875
-537.3291531244934,638.2606403790323,1102.2137360877173
-495.018605015777,554.7608579287894,652.6796693712341
-494.6489501880749,580.0540973189236,735.3972
-546.7137861641781,620.1058325094202,858.1262954225012
-498.0039264457166,451.4809839753063,761.1292511559433
-540.2120000908724,691.1977815858604,1504.6012807768616
-501.2741271610662,715.7909015165858,1049.152065993282
-518.4057797863843,587.9527781774066,965.7368561443024
-514.3472319939724,609.0340128928095,916.8802161587682
-505.9358274986521,590.3966309092857,801.733527722991
-491.59748559232776,507.64472708826105,759.3558475779598
-552.3278791812459,653.2384622315317,748.0689080609817
-507.8126162252893,636.7299328407375,1052.5882453431655
-530.040640135871,573.7386030114438,681.7167088097508
-459.72383960889465,563.1057482817512,842.0821046750693
-508.2721205341131,567.1109678374352,889.3595477285596
-527.1103331386819,578.1514179800083,534.3805539839518
-504.62365998052474,606.811553980255,990.6126783478023
-603.7506098015194,580.921269123977,834.8043295655368
-581.1534768049185,600.3173763201601,752.1636252988314
-476.23561135356,510.601751355603,1282.8218713753433
-495.75321977476324,541.6083957994637,899.7275240493839
-494.32093810937295,587.3914570506722,788.0839808203116
-598.464922313008,580.8774348829863,757.9000216117261
-546.3379113146548,596.7973542256307,494.5107561611029
-451.3199139982162,482.31610701292175,996.1729013152672
-541.4671252756411,533.8692267589148,560.4352650156841
-512.9217523483833,489.755032167071,602.8447648741187
-464.5021222709356,576.5696426776412,936.9441129941382
-494.6443615010028,580.0732304866849,969.2006
-494.6564919334237,580.0592200760891,761.4015999999999
-449.828461662938,478.9959501654149,1055.6746354081608
-494.65282175299217,580.0689408420935,886.774
-494.6295164672151,580.0528403182036,951.4988000000001
-565.1859511964099,630.6276376624235,699.8699710999728
-491.4104071087613,614.489760764506,1150.9626393460853
-536.0270110375272,636.4908731350856,1045.8075585227093
-422.3949904773517,507.16017141070705,1208.5379434307297
-529.8566852769868,610.5863390443385,709.2517193596633
-493.7188361711583,617.1918201094873,892.1219153345198
-494.855933972161,556.8434573368429,776.3328587212703
-493.7457505319103,638.6334687488106,1057.887344465263
-490.1900286617015,527.0060907356634,1053.5756232650062
-494.1048964892575,583.2707763714191,907.6578394152908
-500.80230880471527,463.15299855744297,726.6889105036248
-517.3972811222325,578.196077102931,851.9483162125797
-494.2102139338149,589.2231260347743,1024.050391798315
-552.2049580742323,692.9591035803783,1192.2412935212794
-503.7396725663034,406.95900584372873,863.5270042268214
-552.6030187990168,583.8480048141229,846.9919994624032
-567.4026245206574,679.8034294439319,1120.7874744751477
-508.0750173297711,631.657957191466,972.8288582633342
-492.1509869015663,686.7929772284465,1277.6012800723367
-495.02231476497377,555.4979002170628,611.197034172018
-482.8955005273252,515.6397548139639,1051.8344233770226
-498.5948508316701,686.5506412725977,1206.057732942536
-514.079201261168,626.4090923122035,892.4654504058905
-495.8902964285421,544.6640342689111,1053.1350485616254
-506.41688809760694,523.3332509700931,169.09239694454106
-494.724364565202,577.8044192072584,967.5753763517238
-494.6430613873463,580.0658629023803,1203.697
-549.659455423578,664.5249139157481,1159.4600804450897
-477.32689011906314,579.6937125538304,981.0559674549705
-547.9936947042984,647.757193001227,635.5467611095645
-486.25079463896145,595.2014675386428,872.1071019376607
1244.7936022302747,619.9848500298342,-805.1419008799548
-521.909302586289,577.8247828256931,1169.7142402761228
-494.6453082575181,580.0605511084871,667.4681999999999
-567.0866584031232,632.0125918262461,739.1554319136453
-535.3286253561878,606.6123685639485,1321.2075846247928
-501.1362627382018,456.3797312859465,812.4664334744293
-494.74413473896834,585.3435442879825,737.9570405005203
-548.4080601332407,685.5215620345257,1064.1923932001273
-494.6370438903273,580.0733801677891,970.988
-501.13310066926624,512.0736090020159,989.6693975246719
-501.3899264018196,509.4439419272544,1057.0686394661025
-474.57033554764666,579.630655966879,1256.8951797380432
-494.64270560869636,580.0579770662598,854.8355800000008
-510.7116636302994,844.9363301983242,1720.0580221055682
-482.33578649862284,483.6817087548775,393.7756399990853
-547.5852463598985,729.7973185700246,962.5591583832173
-494.6356241838412,580.0738597786844,821.9300000000001
-494.6288408244345,580.0630884386267,853.5369999999999
-558.5723067789634,583.3505200114746,927.7631760949798
-491.6079366670738,612.3400934671669,1031.5526563494118
-534.4522244922655,614.5671064528451,900.1203447358306
-521.6969505352174,582.783654179882,384.71291778457373
-481.7014438841361,551.8345517416096,1222.8676134188677
-492.9629270084297,616.859418548881,1250.9987175384601
-526.8468895247265,639.5640174440109,784.915176989205
-508.4494410771913,639.3903115849992,1137.4466983258033
-513.8423513100352,625.8636808616111,872.9576841770427
-518.0050117202159,578.1359617176238,894.3170068052953
-494.11138524726516,629.6902914452904,939.9417600631315
-565.9318046763772,516.7135363364204,880.0149424471653
-494.9603089182024,565.1535906674476,916.7622969655206
-493.1037183821959,463.4776169963981,538.3323082396421
-553.4785897811012,683.5664756283591,1049.9317810274374
-534.6901867998431,580.5608421958459,582.9150735086054
-494.661180746371,580.0585344255651,976.7902
-466.7869998799024,623.6806143946545,1162.5867329631446
-494.6394166429334,580.0550545641092,975.2714000000005
-501.3154126065458,578.014146459012,823.4313995138772
-491.8289993221006,654.3349284293055,1348.0071618110956
-494.6352316204011,580.0725990198324,1071.42904
-493.2017210978406,559.9233344620416,1161.2005873231649
-494.18570217317983,625.865853738022,1025.1150099606598
-509.79118720368933,613.4320749997767,1324.9003699014609
-503.2299521660743,580.6036063264737,854.7555614193964
-495.80327760938735,540.0966117052088,964.6553191255579
-482.93272441042427,635.0590102861453,1045.561704818067
-533.8447875688489,561.9174141759365,1099.0823187335945
-492.31359802984343,679.4228781293673,1137.2535401545338
-552.405382570621,703.7405857362725,1211.0480872980456
-529.6779269422118,577.3903224887536,960.1677825498243
-494.6557144758972,580.0654585210032,916.5662
-487.9984155958282,621.4456354477977,991.4568667561466
-487.067237119149,570.8962483858361,931.1532496471709
-472.5810504887204,587.3179761982012,1014.4387206850442
-482.1269173063688,638.8391782050554,1169.0416102803993
-499.96906435277765,642.9397477681282,920.424327675379
-507.08200523301844,494.82586555222383,622.6199334310445
-494.65072759659324,580.0532417837114,1073.66952
-506.7210884842186,497.30830806078393,582.5100382607045
-493.09924372275304,558.5904518413149,1288.9851383057544
-252.40839827798163,503.38249019837735,1243.5066236548273
-517.1717495265302,678.7573476296985,877.5350330227157
-506.35323368821855,499.7966414249436,542.4005507353645
-547.285115679334,628.7118330465221,909.6291843989766
-552.1235031234073,577.3064474535677,663.1335848001684
-561.5944985049468,584.4469769268198,1061.7599457975743
-493.2329726835437,566.795698875922,785.5682376317302
-496.16468300567976,546.0864758441505,925.6172866797413
-501.7641902763903,605.9977067298555,979.3577077297613
-557.7853786915757,581.5164718568772,562.8074318984203
-529.8429594714739,626.3709755429736,581.8873454910993
-542.1552300497347,533.1860002961154,580.0328659639232
-493.0893443752641,519.3522429122467,853.625613905478
-493.89793626204346,549.9429555056543,888.5987726467935
-474.36796147823225,580.2089765194992,1063.59846080975
-545.7431601776857,724.6492414175598,903.5699662185328
-492.02681503240274,692.0676503558936,1377.8491658420357
-507.2990074815448,397.0958501694033,1138.9338088480645
-494.64649512064307,580.0589237972215,903.332000000001
-491.4801178112989,695.0302955008501,1169.7132210097895
-530.4638596960353,580.2542776045497,949.3661886739559
-494.6670316229606,580.0466002447573,858.7374
-514.2863019215235,570.8577733787279,781.8351329252748
-506.0522397310219,569.2325404288418,619.4740532863141
-481.0456780242689,473.4394257429176,515.421863046044
-494.0980887032588,631.8436887139056,1013.4630727042606
-470.6860514316045,562.8398773714513,975.5550305644268
-487.8887883978473,737.9020631458666,1316.868319439858
-473.15519620327177,580.2258408172754,1170.9426595598839
-431.4803879525134,684.2541472508187,1252.4908988209033
-527.801450685326,608.808822592068,624.4217034201429
-494.5907979419321,581.2426020925872,977.9019868487339
-535.4490148386906,573.9296175064374,670.4156989062457
-499.22085898801106,621.3187375207854,1292.369272500226
-535.1667573153554,704.6975544301067,1321.7456871227075
-496.32095469105934,603.2167977990094,829.324711801509
-547.7491212489799,596.216484840951,940.6151027645618
-474.8220507933165,580.6929602370379,1075.0274793405504
-494.6583681736272,580.0723682022817,1237.357
-491.2942927254776,500.91762627834345,899.8208256219925
-568.9864754147184,633.3885452787267,778.4412154847608
-548.7680254659729,582.8398396188145,669.9025191116896
-544.8085858845602,582.4509566666366,595.2081461298222
-507.581686657109,531.3641261879566,841.0018498640467
-502.5940576126411,598.4506117869273,1412.0339301285383
662.8477588256446,600.4940059723767,-775.5100847792837
-492.8800210537602,445.7854371530354,734.2466968573326
-544.7310900733116,612.9292507769687,590.8837191215384
-494.65292013804174,580.0588908031177,1015.431000000001
-508.86181544501505,634.6520884430211,1072.638537852282
-477.5666263822145,579.6906622431568,959.8378416971918
-494.18973932147264,589.8189095350709,1140.0970069526045
-561.6418942696387,586.8530866792044,743.6697048608653
-569.7929418394251,700.0993506086888,494.99233354350895
-494.66366522435555,580.0717211342634,948.9424
-614.3655955200138,835.2421921654168,624.6078038480562
-494.6755022812313,580.0727581699856,969.2626
-494.64203586889107,580.0598607923237,1100.275
-543.3353942306021,531.022056344769,710.5846839612852
-670.9692814190894,675.417531910673,734.9931051709558
-505.3253238324746,425.55001368662784,844.9515214727444
-474.1289040620177,672.7894422370968,1548.6576292085826
-553.1792432971288,654.3353004309056,770.5739048868221
-543.7225323837438,534.1391811489832,1139.5430511203558
-529.1543723307054,580.6263122247684,851.1292776235418
-525.9008130132706,572.3832459192756,861.9208840787325
-484.21612934904215,579.2544625827843,1128.1772725590013
-502.71168128103636,585.6160069406346,929.9538879655245
-544.5043465522283,578.8750035043613,1367.3807146597321
-485.3411798850793,485.69183052733536,711.2634402370975
-494.6447426159866,580.0513216979277,873.6641999999999
-524.7378388989441,578.2949831115036,440.3421303548027
-505.216404914117,589.7800456975426,706.2246917565649
-495.9251789040036,626.9834645734461,936.8445061047235
-562.302601962788,635.6433584841363,748.5971725385052
-505.4671297551854,609.1108036290518,1139.9590425654721
-467.29415369197477,466.2657805073104,950.5892259386131
-474.84346813647926,600.2577058914123,985.2856878656617
-491.4873539498544,545.5586383114628,812.1079730382676
-490.51596314757853,531.0284949123269,916.5546673584315
-494.63369580228346,580.0906032233233,865.1964
-491.3018356686298,547.8246797098095,1018.6006786149585
-519.2851213086037,581.5126025367016,893.0899099633309
683.9582998994138,600.8632077822181,-775.9461333547151
-551.9367465985174,583.7943574968893,827.6365966433814
-495.9595892086443,628.177836982233,979.7556361452927
-494.9024321251675,516.3078867971778,928.170810846648
-562.2680795484134,584.4874611015346,1079.7919530086372
-494.17505569982654,604.9501666328104,1144.4432883312995
-504.66051743264234,435.03884536630767,746.9577707193732
-502.0880233953062,732.3065395664155,1268.4399090872218
-529.4545637119261,672.0579320325965,946.6940433605528
-531.8591048821986,582.2664173865797,1018.3368291498261
-494.6313110870424,580.0681622601617,997.45184
-492.30737889102875,623.5691269628268,906.1408101819512
-463.8386047996137,576.4971068115606,973.7837034255598
-509.62649472930684,605.9705585622669,1394.5014674060374
-494.66524685121067,588.5009994956962,959.9037376442943
-458.9062560925265,597.2014627440071,976.6834396572401
-544.1119698083708,582.4268246240645,576.3984689834814
-508.16739343442873,575.6186128024997,1219.8076502638226
-539.2261263632736,692.9024963586279,1019.5656463811906
-593.6686866681443,592.4397044380557,609.4957735443687
805.6251227605535,611.6214294315844,-860.0293955406305
-568.7650174167634,640.9416721568366,891.8284168618366
-581.8236708704967,689.8156144887096,969.3970693361695
-496.1787406194853,685.9209217275331,1100.6070172388202
-540.9774731723651,628.2059687912937,954.4155914966069
-557.0653126261784,610.0267727612709,950.2233188234997
-494.6438997148398,580.058715128762,847.807
-494.47579780047477,539.6493929170131,869.3473345183901
-474.81475620623405,589.074174260787,1160.641970845329
-512.6615319149869,603.3472338653376,814.5285631429886
-499.0136821915721,480.42205817081924,1194.9162916889843
-494.65850085450074,580.0639827032369,884.3696
-493.5015367870119,562.5573832347593,546.9236320352912
-494.63345799851413,580.0748783069005,1286.2386
-493.1176930760346,520.1084980341476,833.7272404404217
-568.1355513672663,680.7992065389435,1139.48780670042
-521.3298689180599,482.8224281126045,1138.0789074591717
-497.9551338016804,453.03908065290415,742.8325384243686
-507.2580981550184,493.58182016638375,642.6747555509545
-536.1288078410676,685.0952830674468,897.048598817279
-488.74654824665777,558.6063290814725,606.1831589299885
-558.7490919836891,581.5434686999913,582.8018719460367
-502.759229217781,425.8701061078175,687.0460567388029
-494.1875620750907,589.9194555087207,1159.4381037138646
-494.47368865243425,540.1295644258,850.1706734693203
-487.9056734448327,622.0091723864277,1014.8295165947496
-495.35190566231086,500.71781011720395,646.8947325415988
-539.8465629262712,690.3302325608529,1486.8488028210948
-494.62280801794714,580.072934410922,912.7201600000008
-668.6452245178248,674.1639564003544,715.4207441588815
-528.8601822133164,580.24847677326,872.9668152198343
-512.2774656348931,577.4783449790539,1030.9273742652038
-501.51255440266095,582.8416292832856,644.4954374482902
-492.23888766259324,682.5793504835997,1197.402667871346
-517.7514396299457,581.437063898201,791.8001499324454
-506.1409583405357,738.3868422456792,1916.3610358697922
-548.854525749412,648.842086776843,658.0519603210092
-495.15911169230094,567.7031858866759,453.19367042819454
-527.9123089885686,571.8851722677025,965.3666938396561
-533.0581652160117,605.127443190754,1205.1962430175101
-619.8005984289293,846.8233977920768,687.038260764086
-491.39158287931764,548.6668598156039,972.2958555371642
-616.2381134629888,593.1637393466897,235.88787550143738
-507.815889629568,575.7278388269233,1169.0684826640834
-555.4245357500599,699.3462417015974,1301.9978184220545
-527.3138559272031,546.3119931511326,988.0488496411394
-532.6904232510342,604.8832328173415,1185.8607757929847
-452.62793296990094,482.57763037920427,940.2126478001577
-546.8964999287082,582.5706586917509,651.637167135797
-494.6462084834484,580.064469781033,925.9110000000001
-473.3613783751407,580.226376759115,1153.0519958518985
-453.72302490403035,502.75893962866064,1166.5697373856217
-494.64033184314326,580.0562751754269,934.9718000000006
-490.92832517615375,761.772893267175,1245.0341216404365
-490.97865266615463,528.4538037284115,1054.9426117162088
-511.47310737857333,577.5735903261589,948.5352312686821
-494.43724180158074,573.1036796579733,666.6739602335201
-471.5026656407026,483.7391639028947,688.923021396349
-490.8336019883741,679.7778193706231,1133.1581149398676
-521.9444749966874,586.7189758334503,715.4924278399959
-491.42934268245654,697.7416332245316,1215.1635097015019
-507.8995897189325,537.5164981052171,973.8576903090478
-496.3493199480781,603.5098352685792,849.3921155958599
-494.6465000664075,579.7596307502354,762.4042409441997
-642.1681602454773,581.8483790405317,674.7786656828066
-493.0202678072262,516.3357729696753,933.2195135910899
-502.3171027625999,434.2765432878871,608.6102879914977
-548.8814573225877,673.8903555122333,859.8556840693647
-454.8082432130818,524.2285232391976,936.4228089702801
-541.6680211201815,594.36061363336,746.7969616311462
-494.64492602193377,580.0661980297373,1054.6151
-486.4381366675775,617.7324114521653,998.0506929863146
-491.4461443076784,696.3861683756868,1192.4383302072938
-563.3696217465049,587.0260001271915,782.0254509792144
-521.7545584079244,709.3051084553383,1108.7744526713486
-514.8987185470951,641.1837982396344,688.2826023923309
-494.62526477930714,580.0643535571069,850.5354000000001
-477.59261940288206,634.2674795890869,1566.4197556138224
-466.46906521115125,624.1697233014551,1183.7926251735862
-494.72571219905603,572.9961509137634,658.8023512776972
-510.84180561823587,846.8732314414312,1738.1748901750175
-496.9209189225123,618.8903124116919,1066.2406410023011
-583.9678876162602,692.5397115428514,1011.9142238658981
-478.43320861851566,452.9936365813405,758.7178338690144
-477.7337022316317,556.9292336116737,1068.9282086952326
-495.64725979980085,552.2888629724198,646.8137313714174
-532.5132614622355,683.073726220653,1091.5188026100825
-509.04487842775234,580.0412378393205,1082.2184048739819
-302.38915090716864,666.9666538615986,1940.4684088641584
-507.87691395724505,530.2839942725711,876.567392620677
-494.6441582849593,588.4197059326397,939.9951138909264
-511.522693133757,661.9609830028671,810.6559962508039
-449.58858662180046,578.1606308904948,1445.5468817333576
-546.8219113930345,527.5241318894693,814.8121124826738
-500.8415910743347,578.1470278701513,710.1053367988777
-495.49820973649094,621.4579445937268,942.1164098628773
-532.0204527562228,673.8460355520256,740.092461949211
-494.6499273883819,580.0579300637391,914.4646
-518.6883678315453,527.9125235776135,968.8104297234544
-507.51765707419236,554.1522548445732,802.248045709538
-494.9264577087222,511.8323159695317,1046.1108134791723
-499.1892190356193,621.0062521916718,1276.8867853607392
-433.9904479147758,680.1160722094482,1173.2607934954824
-526.3855082277828,638.7026062719247,762.8971410862576
-519.8755686014629,700.3115357083873,979.3581991595709
-492.599271900302,680.9060114065303,997.8434215842656
-494.41293945727034,560.5425581790824,680.4346428671805
-565.814763895316,593.4860608702734,354.1385920838311
-494.63392006834897,579.7460038433614,852.9074417902567
-563.039163965353,673.8259705750972,1008.5844319037991
-491.3339028649448,640.9413262342308,1137.6669670327306
-445.66579057984654,557.0091862915797,898.1775652228962
744.8040509195926,610.1577322705155,-854.9783298591465
-503.33305951657985,580.6094348706736,873.8192958851705
-506.96363816612643,494.020952836136,651.3490719754495
-509.0726381438344,611.8921356333042,1228.7852420544825
-487.9270785432577,736.6513806541677,1300.3381345609705
-476.7526048159127,555.6075250299318,1173.1941303758301
-535.9002984722506,585.4806251903834,494.67873566643954
-494.6476666296385,580.0430161692414,851.5132
-494.8016334083077,541.7178934148621,679.0392395256648
-494.62865943829183,580.0824961267899,578.0574
-487.27298244230496,579.6327200440721,775.3026177784972
-533.645895406265,532.1411695661104,750.8196902571485
-521.193495741717,582.7407070160634,363.6781677540489
-495.46593230075905,620.4746123115053,901.4801568497962
-494.64848891997735,580.060534759787,838.5272
-492.8452031561301,661.383121631321,1092.1890367666458
-494.63019836051853,580.0668068158726,975.7471400000009
-552.7197677220029,607.9455226157847,831.7782689157491
-495.63078987471636,472.2970485617961,1107.6136900701476
-531.8119795088867,577.2332045022522,1064.9499844690445
-512.1767980045065,602.7182254428401,772.4218176843016
-614.1540068462032,592.9347814250423,219.04645677439757
-518.7746609288592,562.3113836448141,541.5268078495905
-659.3641274256743,669.1351647600259,637.1305885889856
-493.0211350482673,557.4549878705548,1395.4719488855317
-496.2708128435929,518.3201043126724,1198.6864179742993
-482.8783927122929,554.38415759197,1044.0939004672337
-494.6493240743507,580.0592680070853,807.957
-549.9862418504772,616.4065717101789,732.1506636077247
-569.9754095445974,588.7851792701908,443.7428074291647
-502.21514699773024,607.5526899244346,1083.3276610733956
-472.57481465078035,580.2241494093605,1224.6149922999246
-429.53506300561685,494.13075898568604,1010.2580469997171
-494.95351559034907,563.1936055429438,1027.2235746913484
-492.9317665800738,564.1057483577492,1096.9926214897291
-494.6431117176876,580.0551371930336,1107.721
-493.8709142294074,611.38804366108,1010.9577465384466
-494.63081921944604,580.076207939388,1265.6032
-494.6515372394442,580.0592297437051,819.540000000001
-555.3306145288184,526.1358207148725,637.3994193454247
-509.49139141354544,605.7218785469636,1374.4090902812575
-551.8357525269503,702.537183277182,1191.783700808506
-556.8360352294981,584.1143114305722,963.1164626594663
-494.6474155894307,580.0689338635361,1184.8135
-506.70025044046906,541.4078754855818,816.0453932848725
-522.6880025963324,582.143048222241,836.2347051614825
-494.939412446967,564.636347645927,874.4792892890067
-493.02308170089145,635.1293085454724,1055.4237212582277
-506.642314217617,581.2434845651339,1502.2620227883585
-494.6461518433307,580.0707295533001,947.0716
-507.8819286301268,487.6297202735016,755.5228309243187
-509.5619264518682,737.40670275553,1225.4214720749135
-450.53113359164627,477.74034723298575,1024.0863130253401
-494.66218275444226,580.043778941181,993.1414
-488.10213988869555,704.7609374622452,1190.138276465632
-483.5602345224303,519.2782105882384,949.7911668235761
-552.6125782677441,598.8230579153585,645.799012409329
-469.28361531420524,543.6719869920036,1012.7750065968651
-582.8877724055355,691.180690104972,990.6558397607923
-256.7268726936845,504.74891087653464,1207.9849756918388
-527.5793758107484,623.3809700648671,495.79030304922395
-501.3821432449099,650.66786946394,969.8541574769249
-501.2296749449051,578.0455051161084,800.7661455088705
-494.6610095669771,580.0578570098078,893.6894
-523.540974216311,578.362747037281,393.3232876581467
-495.44150516857144,543.4494487434063,853.8407223090765
-548.494560208972,615.3972554489687,691.7887777990543
-494.7539003865736,585.6362270628279,822.5202730016665
-498.56048894624973,429.71163186048267,1017.286805050805
-494.6550519308362,580.0607682735911,815.8542
-541.4417916976984,628.7149268869629,972.1547558023952
-494.644051190754,580.056359861831,794.6514
-493.1295613935599,613.5567955875326,1071.736575720228
-494.7446763334144,585.7023913428977,843.6611143544801
-524.5358061169127,582.2707883292129,940.0854803272034
-538.6194237388861,593.4477831377732,649.8879936659421
-490.4602104143678,530.3609650278246,939.3915790986499
-494.6450066422922,580.0657030952339,841.282
-494.6446371461243,580.0577921474699,740.2964
-539.9378724805683,634.3973516678288,867.3566214301406
-536.1257152517935,573.7989099822316,693.7196641872877
-492.387924647167,622.2282777187382,855.2207307004085
-535.9600124448752,580.5693328449172,624.91759221853
-544.5489892663295,596.2069961208931,451.2855440508243
-495.7621877153838,556.2738737935833,888.0583204797883
-494.43809716899386,573.632862996124,564.5511067945552
-517.9518427685475,627.6491893198461,1421.4924645958774
-654.7313974196077,666.6141421780378,597.9850935913294
-494.6434465002185,580.0610644374342,882.3503999999999
-496.871518782729,617.8823590509401,1019.5465548516551
-494.6502094466821,580.0706349592483,669.1302000000001
-450.0126931399186,476.5414482253992,1045.055669843732
-494.72202761913286,573.6084631189747,535.4063175652904
-561.4190834670935,612.0995378801358,1068.6681888002909
-509.48858302025474,483.15164623429007,993.8773646365479
-571.0070460264001,702.0512124543345,515.1345385602548
-494.63788630230874,580.0642641690621,668.482
-495.81033749973676,539.5993937899322,986.2981049248247
-518.3505455798122,581.4664798985981,832.3162697937955
-520.1845636247781,701.815569933284,1000.9273251343774
-494.3909849767456,588.7222999763578,1067.4689129292317
-494.6410162347738,580.0672967446702,1006.73236
-501.84625250522595,655.6850268203366,1091.7372634821015
-494.0834052723585,632.3914744156172,1031.8431070398212
-542.2681015631779,594.547763417418,766.1789893859634
-474.88119437630803,669.4218467833317,1465.1897790577527
-510.88829138195547,667.2367727891558,1063.063173443211
-494.6425442608536,579.7501057313607,785.0300395344476
-494.815888196169,539.9737434400579,743.7771478336191
-540.1164757227773,540.7026088196155,776.5692298904531
-435.60617347281004,541.1393899156819,1065.8712065910377
-507.46652859919107,575.8513560115616,1118.3293325732323
-493.13656431702975,559.0245335486748,1246.3901579304054
-538.2811905989358,632.414563784831,808.2383114858395
-539.1275361419896,688.5749506217353,1451.3445158434693
-490.2013527468987,555.3007424420452,762.9462775713255
-451.79529452602765,428.79863760402395,992.595009960406
-495.92955281103855,589.076302184953,1167.0441061002055
-492.34414437399664,622.6879037728207,872.1937707301304
-494.63833652949506,580.0648361118074,1069.163
-496.7192164017365,940.1833130509738,1553.5473085775448
-446.82076287775317,411.1874995983476,1195.6295054611226
-496.2330463151393,580.9079723821542,953.7828628337114
-547.0639654994375,670.7807872723529,806.1439525504887
-494.6536933671541,580.0529469540795,1260.5546
-457.34798426582483,561.9259044251094,951.0861775704525
-459.25540455750706,562.8567556088362,863.882916770683
-471.8748093495251,587.5505403801409,1070.897325878505
-517.4569536586519,651.9603723058291,1040.207430372015
-507.9299278683676,575.7082369153254,1185.981597871933
-491.8694072480621,583.2117574109286,1449.0018735009016
-523.4721289757877,619.3485736484577,757.7428607873683
-490.6937753519064,568.7997404816424,808.051234727968
-490.34457836903675,689.6192720908746,822.6025663326841
-523.0995809485546,618.8569096903425,738.7832215300932
-493.228620506806,566.5714920980772,807.8124832021103
-494.64361638048535,580.068755347432,947.1892000000007
-482.2009337188656,567.1795027997688,650.2970145050963
-495.51353054779975,540.3500373069139,989.7731322755532
-494.6272157110461,580.0551760649398,864.0436000000001
-494.4449970609362,573.7252019427667,544.1264682738627
-429.6321280115476,598.1048969085468,1107.2803619771676
-509.167410723825,478.67422027850404,901.3654680392826
-495.36530488958306,498.437376091704,686.9194012249643
-487.98937112231306,735.3760610465711,1283.809372257313
-534.4074643319857,679.8564527973851,835.8147914771844
-524.4453433863591,581.8252838459383,1237.4758574564137
-492.7192941243261,675.1127980611734,897.3233786994639
-565.5967641246898,584.7101240894376,1169.9531395421716
-492.9017056439666,659.6610703490464,1053.2741893005182
-537.4295510602553,543.0222438160247,686.176088707563
-511.89073318903456,864.3556404880808,1901.2235365743732
-494.71802467110456,577.4113747979306,1269.703784511916
-516.7151928491237,470.98024104744286,884.4560836391088
-494.7190527005623,577.5269278008536,1183.3813875981696
-476.5022761355299,637.7415141276397,1715.0098073907168
-482.06198154575304,579.4358015048791,932.3781811225551
-518.1535625984152,728.3386787568979,881.3604100704905
-494.65995592395166,580.0602535380239,972.54044
-498.89001114947814,694.1142370318294,1345.1107207762589
-494.80053750809884,542.2885226467683,657.4595751453255
-494.9316937305498,565.9307338176457,830.4663701648011
-558.1891884772463,577.0197713874404,812.7100374466343
-495.3691359358427,586.5672871980746,723.1502217691582
-530.5348322161105,577.3219967852096,1002.0805875933154
-524.140782613023,578.3300790281044,416.83266262069947
-495.5161114464581,622.4528036824565,982.7523644573445
-510.11267720914657,497.65048318141885,336.2882519848223
-657.0498941368078,667.8816676147044,617.557219550044
-491.62590028106933,548.1706156802898,1133.2606592446173
-490.79405639858805,767.9652806776724,1313.1152674951363
-520.1279883797133,524.7811397741684,1071.5969457997728
-546.2555661731112,633.7174826603524,1149.5446674837622
-511.4458379269058,490.5802848756614,429.68295626571603
-494.7100375967143,573.2331491637223,818.5047182855101
-577.5681897889704,639.5396451608633,955.2270445065851
-547.2556716731542,582.7751630613059,630.2317863715656
-485.99635208349946,492.3124238238353,608.7077990148889
-664.0111422322607,671.6506907974981,676.2749407608583
-492.2220037391903,582.8083747437886,1177.983113415233
-490.79420128289394,680.9842335770729,1155.7911161807165
-476.0474920638917,588.524356271037,1043.8589003768523
-494.6463559529125,580.0695907782585,904.8998
1303.9710305254976,621.3494635297832,-807.0095727621647
-495.09335902800103,588.0499809192013,934.629339989793
-564.22802399901,629.9548425576854,680.2269661562775
-494.6493213410158,580.0651187672131,806.7782000000001
-573.9237476748481,589.2481315104449,506.51812668251455
-513.8885340284487,608.400084660481,880.3939216565251
-510.4496460296832,699.3004951858813,1171.1212815238794
-543.3285278271057,578.9023638543545,1317.0192616087986
-494.63403216981305,580.0744736680754,718.2368
-560.3231284579024,592.4610703032854,268.8393960599261
-494.37116533156495,490.20265706389455,777.4407181533261
-494.10301827914986,630.7664516313847,976.702432273047
-471.2076121465602,499.6449720959463,1530.6453965877095
-496.164950704253,522.2305003204895,1075.2028698255863
-530.8684931629286,611.4706736042779,751.6672022891246
-502.5016553539567,585.4738102006452,888.257158522755
-494.65180488279907,580.0676120108516,828.9736800000001
-546.1051521746044,528.2406484332923,793.9676789952209
-555.5813125986851,577.1449260000206,748.6061810780991
-477.0488040753553,636.0111003129075,1640.7145640864458
-494.74453995335443,585.4808285217025,780.238698814627
-495.94858826735685,589.1804496534633,1186.350271433586
-501.302288372161,510.3335237707479,1034.6027711532242
-493.04464067701156,633.8931101032649,1014.7239918672806
-505.083654782607,589.64981483982,687.1228855205949
-528.0723025284767,560.2453039308236,686.9206912269509
-518.9702328076187,581.4964564840644,872.8320809572385
-501.6315819528154,723.2978304973149,1148.8284235938215
-506.8063489984429,495.2860258045525,630.5130341514625
-493.92935967251606,609.1206317762985,883.456614327222
-549.4902518675487,674.9473468224837,877.758695970246
-525.4760388940249,636.9908843514445,718.8603310780254
-496.782841253902,616.388872305758,949.5048844666253
-468.71146063095966,542.8459643975569,1052.3642404543916
-476.5593145420198,555.346221726465,1194.0473992959944
-484.11882168833154,601.0029339852942,1270.6673625148546
-514.5606310513654,609.3419709364076,935.1236939128502
-492.9726860080541,514.8359442228679,973.0168063226196
-520.7836446912879,484.8040844151624,1099.5821399659585
-543.7173227006551,578.8929996199863,1333.8064659854645
-490.3305218850355,567.7780039342933,949.9620519969001
-478.68345204753405,455.04538534806625,734.3888228155769
-490.2707583518877,691.2563174146096,845.9306198100738
-548.9168124013304,599.6432464373963,554.7571726136894
-495.24430007492447,589.5628229936897,1157.8670517183648
-496.174233762408,684.8365517407324,1081.6250084575245
-491.97924939542145,613.2585330112829,713.8932277883661
-494.49148022362033,540.6050424597072,830.9938814471428
-494.65634777434707,580.0588218667982,709.15092
-545.9229709426882,532.0858093898157,1223.3595697355904
-491.88099312681675,553.2936918232772,717.6192203968797
-492.96926829253835,614.6513469770669,1038.233462080822
-527.384154995711,582.0036794666329,805.1980929103659
-501.82129708753246,584.9830250842588,742.3182938227703
-539.6601291355094,734.5110031079885,1517.8228377864316
-493.89053513133103,549.1575986833568,931.4620061284663
-495.07932077484475,587.6524337245569,850.3541250090055
-488.1021825415369,732.8563371109585,1250.7501061847438
-494.6460330995501,580.0601331805528,613.6651999999999
-494.6513262253138,588.1216107861695,880.2695091904303
-552.2842950515069,491.75312869636105,880.5323816972918
-485.21808669259235,724.5276227731043,1143.7682807714534
-494.6066642300261,571.0466798788817,1027.2565488140633
-495.51594287257785,598.8195208790144,1395.9579043283638
-575.8670268186734,709.7994008341357,595.7089311873821
-568.5714779220182,594.0115196324587,396.78729563558636
-536.2271950186926,528.9671063295334,850.3717842013656
-493.9868044889049,583.9118185255531,1240.5640924018332
-473.006909609745,487.1706423783074,923.3724570185223
-501.7295623563691,594.829955042612,745.6424808614053
-505.61029582440733,730.8534495538051,1789.6172345599878
-494.6407522947709,580.0649798303523,838.9440000000001
-522.3415055020355,586.8372646173552,737.385517563232
-517.0712052674121,625.8827366789549,1340.2266248492595
-491.9656535205072,583.1094718011639,1386.4591153242638
-526.9193427956909,665.4215324616853,824.0709918625131
-498.7540993023349,486.360488947072,1078.7970596181979
-494.6537665111546,580.0656977929897,788.032
-493.9331939359204,608.7361786081412,862.2065635981
-490.8225185641518,766.4247346217805,1296.0944980434215
-551.4735571663209,652.1436361555975,725.563929573742
-494.64972368766166,588.0250725065063,860.3609603958236
-474.53378582382743,511.0258478531274,701.0813199939149
-494.0648767074629,633.4702155193942,1068.6036962739645
-495.70404753307093,557.6870920508929,790.8581653387017
-494.3928876803375,559.1786180565415,780.694692283565
-552.0864386687988,606.0833660839024,727.5290446976184
-494.6550792750445,580.0868964846418,1254.8715
-541.4342640667232,583.1181899038228,654.2292065749748
-666.3273963429147,672.9008567763535,695.8482951287535
-488.35969368889755,619.2254418801583,897.9649196485466
-492.16728137300333,645.5241412336626,1099.0586597178926
-463.5134352020941,576.4535315951375,992.2035970555502
-472.12591320324555,587.4662597548289,1052.0780130422568
-517.2798003937482,722.6631042645977,819.0168373376093
-494.661225946536,580.06048647133,1008.1986800000009
-495.62954824742064,473.60449118488185,1085.1575363079155
-533.4312029484281,605.3836354101758,1224.5314679025923
-492.6879373111924,552.0152478787079,1113.807600014969
-526.3039882683718,572.283628691812,882.6100280592252
-514.5439082027101,540.6994365504349,648.2842164140051
-494.71659274094554,577.6695677955586,1075.4783886040452
-494.64372466410714,580.0769951247544,956.015
-494.63903369316904,580.0705488090712,994.521000000001
-548.6577398022916,520.9108175544902,888.1309763846554
-494.6437190392314,580.0685836570142,1091.488
-494.66080621332594,580.0568191865532,1012.0310000000001
-565.2375566031319,676.7996275594917,1064.6862087985357
-490.52855845333806,540.7584203117572,976.1893567901586
-502.2768210013576,597.6979487803878,1322.7954287716016
-502.408485786701,585.4043468428022,867.4087257966529
-473.5738521485496,580.2069843272766,1135.1613897031218
-494.40384217724863,570.5975644262485,714.2365087281444
-562.5014392097278,586.9321185387096,762.847805705379
-564.2262209276928,587.109214000498,801.2036644361872
-457.6304027327674,528.2116421895212,816.4522234880675
-501.6931667076133,579.2225505394169,1141.009254026699
-494.19016316281954,603.7475800301295,1052.8825034601678
-494.6491596733317,580.0688199050737,955.0120000000001
-517.7315586487673,627.206526540054,1401.176033101818
-496.50487782504706,580.4024116577443,1242.0123400370396
-494.60229084621324,581.1910433827187,919.003354444101
-525.1727741892273,561.9721334963754,562.072744660376
-495.8519074761364,588.5300685833699,1051.2066767428648
-445.05634916518125,556.7248490189118,918.5432282286858
-492.64643650553626,665.2692715628345,947.0154168892959
-508.6061156634455,640.0555502099137,1158.661325475296
-490.73177956868085,647.6534475672775,1219.1411008276966
-254.5728584338799,504.0635995135167,1225.7461799222465
-430.85268348364707,685.2701575956892,1272.2996927105921
-530.8772190449913,563.3015120747975,958.3471439069747
-494.6254981117372,580.0691470952008,1063.059
-514.5685364509038,570.718339821954,804.423214442166
-469.75682505459963,476.4523048208157,797.9502871541528
-528.8212405720012,577.4408405541922,918.254945270124
-494.43999129207646,573.5248845902738,584.9756668707341
-487.6697915048071,579.6568453291179,689.8505331390116
-546.2353341099274,613.9284269131394,631.2454317235904
-510.6308373298457,748.4970730296934,1364.8099947724402
-567.3262186590814,588.4848601691599,401.8934977649593
-494.39709746766675,558.8956316187174,800.7465116077849
-556.0845897999775,688.1349872223427,1129.654800427891
-556.7218888054167,689.2950065909397,1149.5850008190048
-490.81088550721097,543.5329476909274,854.3714247109174
-532.4855157113147,675.0460635182544,759.2373261960249
-494.64198331909074,580.063916194081,985.2354
-552.407640863978,552.0677357091442,112.92727471484835
-621.6063023323104,850.6849764118347,707.8486093622153
-436.9520093928013,542.0457977804026,1023.9584932719633
-494.3476424600949,586.763146328328,459.2348725293525
-490.5889980100201,531.705778582084,893.7181088316908
-494.4758439184757,539.1662838325497,888.523912684976
-522.0693334052439,710.810367737741,1130.3434197737022
-494.9666348207461,603.2582184097375,901.7823664097294
-550.547472726355,689.7942839322034,1137.3629494188153
-521.274703179015,522.2937363553183,1153.8267016062618
-516.9662706276913,650.3801616582651,1001.127830217876
-490.5656777456536,541.2209656374375,955.8863434120503
-493.7301545755049,640.8212864805212,1125.5524401646026
-545.8687456943337,668.6933456542506,770.3362706601795
-541.4691090265665,539.5252128781297,821.7649381493363
-544.1088832732294,595.100737918082,824.3239988184661
