X,Y,Z
-476.54389046245024,585.179877671364,1071.5948106187748
-494.3155173949913,613.7796825538828,1104.0556829268517
-522.989270378891,633.7748974119436,624.9363524602065
-532.282542399063,591.9859139945914,627.1266443815139
-540.1472970204748,603.3016831660102,538.0287078514145
-485.1966798808601,529.0173301761757,754.3748314519272
-488.7372629591787,952.2433618155762,1592.787973875948
-492.9163016404973,651.5755226856413,847.7067358136189
-486.6431235601565,585.9808216439851,848.1956
-486.65257457547295,585.9804928160463,794.6298
-483.40826230128414,509.7029118478827,839.9189904847942
-517.6767920709422,567.5809711775698,583.1756504045152
-488.5349671349586,914.5900443232356,1351.758653909344
-515.8672020269355,564.4881771429335,813.6248674644685
-487.5093216660175,547.2866108620017,944.6289209393308
-502.7321108407509,672.2053100353744,1043.3166418591709
-516.8346065655976,665.8058325207294,721.7157870300366
-444.826394298982,506.99300080448654,1208.366245865617
-486.65340300401635,585.972576147454,655.8756
-477.712512418434,504.3530973741706,957.4229948168029
-486.59019160478783,587.1317502880385,938.6322543240594
-250.93354838473624,511.36186674488636,1189.7827239109429
-543.9716528342856,703.2215612624028,944.0880661428065
-483.18311831309757,537.0638031042022,960.367185397912
-486.1656873403808,596.337489631236,1256.1131946518708
-483.477503767881,625.8146417887865,1006.7673375489289
-485.5319820185025,568.7551028958571,525.8097047660062
-520.2008121726708,587.9637876511782,844.0955707188342
-487.42504402411464,602.773463246974,1171.7165433335524
-492.9815125832647,588.5549380809384,537.571465011819
-482.77471642042565,652.9086734282503,1199.6746451716267
-473.3018593504553,481.38122643685483,491.5879019882614
-505.4761146744845,613.6885515305388,843.9101710391915
-501.36047619573856,585.8557561254092,716.914096816343
-487.0103579887427,562.5297957799992,549.1073432425319
-555.2798891853681,635.1981474932854,660.760256129132
-486.64021283217016,585.9930752079069,642.912
-482.96811589296976,766.1122456156361,1227.6319341054893
-486.64894017286724,585.981844513072,914.8220000000006
-467.23713876950524,594.8090107037478,1121.6113676683588
-482.7718695341405,775.4129190032202,1329.7528970409428
-486.4571377936318,606.1680259066359,935.2623143849349
-505.41116401673685,542.0196968538282,433.7773061871312
-486.66123816058735,585.9751278005386,1066.39312
-486.64962008651037,585.9663692012975,995.2264
-520.7211868213492,577.6111719212038,1006.943839877013
-469.421659540405,640.7634106234682,1590.8816721918452
-548.1901011399534,531.3027089878598,656.601247269458
-534.6699615019247,537.6153585715281,690.1376974264786
-486.64055500256427,585.9796586852026,1087.3996000000002
1850.2873313965829,751.8437195058855,-849.8051529152399
-485.494182505091,568.1841203063168,568.2169182405372
-515.6292741680195,639.5025952832066,630.7120058823922
-450.7736585690027,568.5422539461279,885.5482424995068
-490.215363612474,449.58255040341663,853.0739917436672
-482.98802102916807,764.568330779219,1210.6113658049421
-486.87830270406766,576.6942647667424,1074.122187244376
-483.0423095576475,535.0288392246384,1031.4448439300238
-501.0226210703031,641.1599759617968,1092.47634106287
-465.3090750474696,512.6654426321007,790.9650548961399
-534.8654202178118,538.4000046829591,600.1235282355128
-528.647985273139,591.4934882164204,516.968337976021
-542.6664223583821,700.580020766357,905.696995769003
-486.64017618743765,585.9821407001904,1307.983
-488.23814706692383,607.667033835091,728.9049253079709
-486.74146310524657,578.9955418714214,638.2662252810937
-461.5795806003166,549.9800890068867,993.0038937369076
-486.64211699673706,585.9915916395094,969.7217600000009
-486.4205294946189,576.8038234113167,671.0143800406765
-488.32979982682537,586.2890176217797,1052.0359276942675
-485.09018851362566,564.2798189899368,1310.3520766741722
-482.15748230420877,560.851523897973,784.5938291702805
-486.6394329385316,585.9774565191698,933.4554
-490.1341474677113,452.6830896136053,816.4793508475201
-486.64659453139575,585.9783082808423,878.9476
-487.4212123522534,499.7997774557555,767.289174099554
-500.58760498594825,585.966189555628,1024.7830367163988
-530.8231333586311,531.6972704876889,950.3496733560199
-468.7045607710611,585.597534444252,1044.6325936000674
-509.5642744927536,730.4413458710621,839.3061669258014
-477.44739611848036,593.2612472390829,890.787284203337
-500.95106764010643,492.6871015082685,928.7047308670949
-507.15677213576737,576.3661116862463,849.7718698108888
-485.01677516374957,641.6553768034942,1075.5959470596156
-486.66002186877085,585.9935374322008,1272.386
-487.6792922054324,557.2965076504263,692.5085873481164
-487.82391863094017,553.0836088213628,925.1095426753068
-461.05535230843736,479.41698646973646,841.8464363358833
-486.4338795336855,578.9307527560052,687.1275794438899
-484.5378969689441,676.0912827301479,1044.8721124333758
-486.653910799831,585.9764308569876,1167.7996
-487.45875591591084,625.3944747380885,860.69141214546
-486.6549687537854,585.9927010193353,858.1650000000001
-545.3439211243121,589.8025385041507,866.6061629602086
-538.4236804995326,717.0220693232258,1305.2835967340661
-497.3827937764263,595.8132590441767,725.3486106315778
885.4532235766601,596.8264748891286,-760.4843136404124
-442.13764789196784,428.8061976656429,1060.636210713962
-507.2243530274204,537.7951620672795,548.0007619445178
-485.1360367579807,571.7539884913253,896.8503875005176
-498.87980159768995,546.7516152398689,838.8293591155825
-482.21697167712364,698.7781408251701,868.8449455982351
-534.8988912179595,586.5746524915444,856.1706438563826
-486.64046650225214,585.6295000275964,1011.2895301801709
-441.58270388300343,426.8437568289994,1083.1949603518256
-485.21594029238463,529.7684084645465,734.4762298629432
-486.95380200454565,571.4548861649394,873.6822431895442
-501.13142899290233,539.526731903888,1131.9092353736296
-486.88706055955663,562.0155669050196,824.3177554878333
-486.65623191719396,585.9821688201769,1016.50626
-476.03125132699233,585.1394084861524,1165.842952664708
-278.1040805839766,680.2693631217769,2168.209641501415
-487.92948197128317,594.9227727128846,1147.7128255701916
-468.02456600397045,586.5670521931257,965.1505909796514
-486.6403265565066,585.9848075449529,1067.9788000000008
-541.9445833190102,604.6323144938873,551.7036009739031
847.9844153848117,609.3494854604508,-773.5233221935159
-475.3870551593477,561.4566418187928,964.6775542211619
-497.7330514797477,738.2423500380858,1814.4223061476177
-507.8378777474222,649.9869508683946,755.9689760340768
-553.7387821679354,598.6374111847726,290.621548086295
-484.13463595907115,588.8383968015992,1261.3546267973986
-492.9504478297067,584.0314451614886,732.8241005473762
-487.23584121969157,595.1851276726488,1098.2849642438105
-476.43682141371255,595.4018951848673,1263.9791347591854
-520.5640012968211,565.8729623876432,708.0241903010046
-486.6602685820508,585.9822089716204,840.4880000000011
-468.868986629102,642.5021543048824,1665.17654882437
-499.3901546840266,651.0665341623561,971.0172454675363
-486.6459947252299,585.9742502210343,713.37
-487.88265390297465,551.0031436297893,1031.9028306325195
-553.0715091244822,526.9553221078747,768.5781472842597
-515.9762452935588,593.1458029879218,825.0883556194626
-486.66510671951073,585.9740117820537,1008.1068
-488.3110576046556,608.8362778126403,809.1746357391341
-522.0480942343288,586.5515994893077,892.4582516811597
-484.91456521996497,621.814377188138,1102.202182811376
-474.9267201809439,585.3925891764035,816.5789854073429
-487.9038402564147,594.8271824022081,1128.4066205065071
-487.2773496175164,570.8417747461573,725.5835565230204
-518.8695319736539,587.3656887561707,1160.3393080466662
-486.6450184482537,585.976181095363,1151.0692000000001
-486.62965341731706,585.9871694093601,763.0210000000001
-488.49257756888755,586.9343634475786,1220.5448715244213
-485.4293825220084,567.0335123131083,653.031213148023
-501.21393324704945,611.1417749684806,1334.2247813700599
-486.6581260964713,585.9784880890641,1025.843
-500.0515930506092,581.5924103938564,1202.9628364303496
-520.6193626345173,675.7478563370369,905.6515149524536
-506.99506889677605,485.5081630327102,755.0992651440417
826.0921896649052,617.8306049009118,-861.0441774017454
-486.73071164786734,579.2143803818597,597.1342880519009
-472.3732762804879,543.768610622084,503.65305565279107
-537.5299194874456,561.3119196324258,9.971746487871428
-482.654604783816,654.894939501982,1257.39391473413
-498.504911716283,586.20481776435,1025.1192737960014
-539.455217901289,603.7865444689606,492.95444415728866
-486.81207971239155,546.4668249679044,722.3972169115234
-486.1569281379657,647.1435898602654,1114.8718666521734
-486.66823034979234,585.9657406357942,912.211
-486.9352989849074,570.9757531030424,830.928347745934
-484.9728487398759,561.7291233097774,860.2368779544066
-491.32292512629056,628.1709938477607,1338.7444225307454
-508.9597624787682,593.3911932617489,860.2664845847437
-487.8700670309013,594.5580406235304,1070.4878813485586
-486.64050214307827,585.9762094837436,854.3726000000006
-486.3693173789334,592.5682590692004,440.34076599306724
-508.65108447004354,630.8975842184407,1299.5277877240446
-552.7093940237787,587.5086773576329,623.1210944460406
1205.4942242587204,624.8066278743338,-803.7483009605294
-485.2843018640742,565.0324184356214,801.4564024707558
-514.6747691395944,557.0257345885659,740.8319416205782
1367.7709073449369,618.522001510159,-805.4278051357633
-486.214605363336,640.7028242977349,918.6111024872557
-486.4289552264672,594.0123241960646,935.8517737854652
-490.0374818761063,455.7925744032963,779.8854165672424
-479.85025782029743,715.6263705150034,1267.1502021989688
-531.8543249860413,599.7279030503231,688.8281046192686
-485.12459113246314,471.1195302183244,519.2636964605057
-494.19848591365144,583.6470185316484,1027.47171069249
-487.7015701842115,520.8106171637344,984.9229854126677
-486.64824593147523,585.9889451528558,809.00322
-486.3479996063629,592.7957923245567,478.07248020431393
-496.003377751696,611.1050497913307,883.8828497707647
-490.6907051468752,694.6069918351377,1245.4650614343639
-536.1736512388752,586.5966507988007,898.1730094929552
-560.0700116147914,638.6058150467732,758.973887798368
-481.7251407706883,499.13445194944484,620.6931095126389
-482.0279647128059,560.1492321143628,827.7166699964123
-487.8900061611416,551.4115764163175,1010.5440032377842
-569.5006866951007,690.3394529670109,884.3521171791444
-486.29072185534187,593.9453184128467,685.5973793091568
-591.8840095127562,599.1383279496149,695.0827852598209
-487.60952523014976,480.79357194176015,1063.1667931291427
-475.2571270292897,561.1746411238632,984.541324545522
-486.65507533119126,585.9802600390565,1141.211
-487.7846580627531,595.0400672393571,1132.9076733157528
-486.1923575732653,644.9897798619145,1049.4518588875671
-486.659364381733,585.9887802194562,750.298
-486.6367450910043,585.9926449010936,843.5632
-485.72438638044605,647.4521590227462,1147.879281550353
-486.63261531917715,585.9851920917978,927.5070000000001
-495.4372833438797,586.5350330556018,892.9185108664974
-255.24313350089187,512.7221623285395,1154.259940131063
-539.7257994893098,641.1300592585552,1202.799816278307
-486.64876046836116,585.9809117582242,970.019
-531.7340284176898,700.1174536527802,1039.828785705894
-591.4169742448844,618.4716021618722,653.2520124492224
-488.03831175815935,636.4707222452323,1065.3947147007545
-502.4162426364319,585.8583540411523,824.0692555970898
-486.06667683938326,640.4556785809726,1105.180043458279
-561.9773271784338,600.1903007374058,418.5700729687738
-488.81452048798155,512.716310890037,875.0466375680624
-478.01554223343146,625.6058315246648,1089.4274054048692
-487.18588399662394,573.1615402956226,498.6714564443993
-500.17188940863525,655.0035074535143,1075.2562093537474
-486.6564043462513,585.9784932161996,966.9585199999999
-486.65424778166425,585.9862520286094,473.0164
-486.64131014955865,585.9990232166961,778.6636
-500.652562181602,610.1851611953562,1253.8550483442157
-505.87897806258115,610.8337137016174,919.795304594998
-500.8224289725465,583.9017173936322,680.8490451985894
-539.9831166820877,626.9794569056617,896.7456894728339
-466.8226359506132,558.8849284121061,1381.749641165514
-515.2182077395405,587.1967597620365,943.040295875516
-454.4886141301208,636.3515877982658,1459.186293224089
-503.50647185540174,585.840924390679,931.2240680335581
-486.8681994205076,576.4917578567015,1116.0674415198005
-477.84645444938633,601.8590150763101,952.0312141760726
-466.62318900869195,606.4094733393354,1004.1432549554739
-548.442468471527,613.973095985609,839.5229056507951
-486.6673670800701,585.9736002948711,1051.65132
-486.6646016563668,585.9794196910821,904.3810000000001
-526.7748714240652,709.4214445954451,1301.71933994715
-488.1287182092751,530.0966231272394,1013.6350629025968
-488.42928998192656,525.3485966762833,594.5118489529473
-480.22441416700576,708.1723522967379,1150.911337869147
-486.38356895340803,498.80745929823775,731.6405682459481
-483.19858456021893,649.6804218373398,1225.3347440338644
-486.75282857326465,578.2858536904059,782.2282874742525
-444.3388751553689,436.6439127935714,970.3994450684354
-513.6640458512402,622.8075400354387,662.9223080561601
-487.66286623487076,476.87419668963895,1130.5354159595922
-478.6425486224025,585.5205951548655,903.4411520241697
-508.79554543248923,652.8682099656799,823.8378850796652
-515.8483893959183,770.0686039495713,1275.7192648820705
-448.85608019069605,567.6285525513606,972.7514709738804
-471.61687506691766,541.5382132231857,570.0039991972017
-497.89283279930396,575.3115992389522,598.8360343993969
-526.4165775381771,708.220084351208,1281.9141872995247
-488.2343317991599,525.5422875047316,1157.699437229662
-484.90910297993264,560.7793115398933,923.6533493661996
-549.8491049917016,589.2305785466535,908.2492030629585
-507.15673658572973,545.4308596693413,690.4028384024061
-483.64864266684754,617.8994161042581,1011.5051130352587
-525.2469430065571,704.6473185681205,1222.4985472070439
-494.8871759935246,615.7756151504552,731.8151343052206
-476.45008312016853,482.32142954094627,855.1227273467771
-486.64702814030125,585.9785083973943,556.4392
-499.7424895584809,536.7327542518001,858.9939989715994
-515.8256579732235,625.7653737989754,776.6812580028982
-527.6023948104767,641.809033440026,1027.0016272429152
-486.6663860450385,585.9801966549326,927.6788
-487.22787518027735,572.4625686238606,566.7450309193273
-498.2260451846396,574.9921017857304,640.3570140512127
-294.55275322496436,379.9909870607396,2068.1246020968524
-489.45697620771534,532.2568161527057,838.3592080241688
-488.59640771388786,519.5195163606761,723.9895274966175
-417.18374719470603,605.2452544533676,1234.2438222963128
-512.5027528352252,709.2136119398122,1022.2546588205131
-486.6584956534084,585.9776037018552,1091.20676
-516.2316328352035,588.9536878725753,490.07867146464906
-501.49972636015536,618.736445989706,1286.4266260435052
-486.65499631352486,585.9857722444615,1141.7908
-497.47049908557756,429.52037257818347,865.0327606315714
-521.0508340109436,579.8340800529035,641.1336819191595
-558.6928626630204,684.7108374803336,1102.038344919529
-497.17842870216464,730.7393766972077,1687.675688018448
-487.6695151763397,474.2796592534664,1175.4492907108042
-563.5444108807039,649.1638673641307,953.3766369015136
-486.9876903259419,576.62908461182,1153.2015374874973
-486.6362162306323,585.9881507248003,894.2926
-608.9684047549861,623.9064691167773,888.4952124534057
-554.6186517513188,587.5463702007344,663.1107569785829
-484.9300788161049,623.5146955730061,1290.6982449383206
-552.8113501191406,592.6918712956618,724.8212868438388
-487.88608223008623,594.6313577394658,1089.7942097262678
-565.5728558688768,604.4628408118162,620.2789158406018
-486.64430797275327,585.9815795621535,1244.9678
-505.150222371627,609.8876114312748,856.6352513595647
-476.213615073083,745.7328825114822,1344.194946317114
-486.6553564617079,585.983705324845,818.0150000000001
-491.386616420687,628.4736782254383,1354.2269862555165
-486.6568343878089,585.9755057559738,986.8454399999999
-486.6348720542128,585.9842260659409,793.1554
-482.89509296773576,673.4394392575277,1221.7929936327585
1225.2203758963042,625.2728577188489,-804.4123765850054
-484.72401984346607,625.9376331790679,1315.866310187809
-483.53581008836863,699.5632129495011,1146.4960951728833
-417.93591083535557,605.0486292868943,1213.026469408673
-259.5631706820259,514.0919964992017,1118.738609548395
-477.5889409168167,593.1615612527394,869.4004202143573
-488.55336301119723,521.4644572065586,680.8303877338847
-493.4341514398152,724.6848531437984,1088.6584975092258
-534.5508599222214,584.8353336632572,1283.5830992287551
-483.5844876811857,552.400768572564,769.1828404984296
-486.2761706903582,585.9394510326642,938.9743944622289
-480.5358007693976,624.0306334270929,850.949387745587
-478.88511950210705,576.5829369601747,973.8916544951502
789.6865833906086,608.4973981648955,-777.9874028063059
-513.1269771864563,592.4596603597299,671.8372795367934
-511.8557680532176,531.3266700345125,1051.3087207822855
-484.49477953250516,658.418225556595,1625.0400208849605
-481.9667437975402,559.8031155211534,849.2782018689855
-419.13412536063015,697.3380405394546,1390.4631696021593
-539.0021234767257,620.3332737575406,651.5523591654486
-500.8076162546672,735.3881665098586,1125.4498411651805
-541.488950655757,693.5735275482302,1100.716674207109
-478.92622667266187,475.2378822401813,399.099046288294
-466.2447957385248,515.8607172549401,723.7610832629412
-538.1020722277867,625.5460478504808,838.9317495386872
-485.7661469559321,643.0822202298075,1012.5488806266261
-503.2707549147592,583.5456973277805,928.0250230288987
-483.8058875019419,554.7831157553755,661.5070074118856
-485.67101202212507,649.6554931976352,1215.5437674602836
-538.38351081151,534.9430666526717,698.1073093365101
-480.52091094871344,477.8832818114063,956.4912646888192
-533.2950103872749,704.0072178968456,1101.0878385183432
-487.21076625672777,572.2328362620204,589.4362916588847
-506.99749254052745,634.5433651497319,970.4334576547363
-488.6425234264293,930.2713426409689,1452.1887323773892
-543.3188203231484,701.904152089502,924.8922876866632
-541.0143344636631,702.3747900607997,1095.325767853994
-442.58390577094315,502.8003729908693,1312.6532646887563
-486.62232593361114,577.4874117920164,924.7486580587844
-483.80100202529115,558.3539983743353,764.0221558479791
-486.6620510544544,585.9790155611829,1137.54
-484.1061825792722,653.4710727129342,1156.2932814824935
-535.3961320598839,636.6302982439373,1043.148776900124
-486.64236187642405,585.9838586706521,964.518
-480.6520068626951,564.1659520016558,628.3183103055122
-499.94557756095446,573.3452249172643,847.9610003665653
-519.8047993854752,587.9410121290342,824.71911583222
-525.6282254905086,705.835770611741,1242.304078176756
-493.3248191916523,458.87085385767296,855.8498955566918
-530.3789678676385,626.3790815326531,628.1433447611313
-535.3102158736806,723.6883281824703,824.6449050044813
-501.8535925564888,746.4877337246674,1264.8378073203712
-482.6419181404433,574.5605090085869,831.7381975908448
-486.65066078611426,585.9871926781364,1044.451
-537.7811157350611,603.2248090438931,453.78898251215605
-477.5158007166656,725.8257007418202,1083.0250470380445
-472.62334225903663,544.5369435748298,481.53710903590377
-494.3649656428074,603.7820827985224,1345.0765688649556
-463.1497457721729,488.1965421571631,711.0162539255412
-459.08746427152164,629.1136956100457,1141.092523029142
-523.572532968265,588.391832598931,357.3855762063706
-486.6466756018731,585.9728274173826,752.257
-493.87712674722934,602.651657149243,1211.2188773566477
-594.6157543723248,619.4514886632169,696.0231205579404
-503.19632361229606,858.5837618757985,1792.1235200004976
-522.4285744165177,633.0380959717534,603.4115214635724
-486.6520548779695,585.986782407459,772.6212
-530.9828091043319,586.5007311761207,632.6939339211555
-467.02436416210276,586.6111706298037,1056.6503160325826
-486.66997778991026,585.9529171771362,871.7458
-525.7219610086013,692.2166742964778,1149.4755885255108
-491.2367018974294,640.0843664586132,687.0424653220506
-520.3227769474529,615.1711748344683,645.6954253173343
-477.10093947937,594.7945552840717,1134.2807807785507
-488.2738559487623,586.8364189769763,994.8270723838215
-486.6531313306723,585.9861468230376,494.8888
-486.66576098506357,585.9844181233467,689.18046
-486.8868943838611,560.9227185044163,896.0999215863757
-604.1769910550081,598.6336025883356,202.85192454552578
-505.628908024707,631.2351733456053,853.3871879364357
-529.747570769825,637.6650616800462,788.5335932039513
-487.9871056619263,548.4826103038511,1160.0542632309127
-538.488198500502,675.6425476704421,788.2158641635885
-487.7117140844821,556.3971335824538,738.0091155952128
-563.3707520283333,683.3141210452789,1243.1925370562553
-600.9949265682928,621.4476247816108,781.5658077697357
983.400278889716,611.8175782143353,-788.6161536478357
-521.0398902330646,676.8531093900742,926.0887836015017
-445.84894414169526,605.5484019182095,1221.235752728239
-480.49464280505435,703.1872704704876,1073.4200423216996
-463.40324208767197,506.2852731176099,1510.3434713151821
1337.2014759121703,618.0383333441785,-797.5154188386605
-486.67216815775237,585.9815466899763,1070.652
-477.17903520996333,593.4539193400371,933.5611204566567
-473.1772783502215,512.0522282264233,1317.2981273229802
-482.7277713139065,548.5160407288886,895.115463295644
-494.6777583317544,614.9347867417209,690.195931836259
-463.619359161637,569.4506504442687,907.1326295536315
-486.8824494241371,576.5748212233784,1095.0947238752976
-484.1554803865297,588.8200710599892,1240.5070035570554
-520.2246412919044,588.4598280869476,1147.9212292778811
-487.2610411120129,595.5762479040434,1177.6915446150454
-486.6594131149077,585.9811250685027,1182.132
-496.80282243554984,439.01003188980235,767.0390872837178
-540.7283902810045,696.598773943426,848.1112050248524
-486.3643069651089,494.74770962693856,800.8828959065162
-477.08342548824885,488.9482254860669,752.5672911804584
-486.66212435166835,585.9921021919878,989.5828
-486.6317671595866,585.9838757585832,748.182
-488.7023811107629,516.5985747033078,788.7279757754404
-513.9051501674537,557.8259471815411,699.5838439804772
-485.00608009042026,620.1521699049097,1016.7368139330506
-502.297633248289,704.0035663873475,1151.470048643306
-464.96552204491127,586.1355249981989,1188.761494961713
-534.3405326364523,684.2167350004927,934.5081245116595
-604.5303923297784,837.2478477764421,603.4182141371507
-528.1123681493777,640.5130370195939,818.6534087952967
-483.64406447016563,695.4844658283687,1078.3216783340254
-506.7797194707746,633.9822084134566,950.9258835523173
-501.97361418865694,701.6057931389846,1112.7591045741938
-552.256416134421,527.6776340205686,749.9153051820009
-510.4051950405735,568.5120573137496,520.8849776002163
-526.9754646777451,612.2817351946804,1301.9563876594957
-515.8509887324369,555.8141695140828,802.7034480068291
-544.6234073944465,704.5538620554377,963.2827702142063
-486.653948407549,585.9691918090916,999.8142
-488.2660548474437,607.9558669424072,748.9723954228025
-488.3214217852674,522.2779823353478,1260.6022344559478
-486.63978659540544,585.9865879701005,1190.661
-547.4445352518264,589.9557823584802,924.6688949696065
-486.7465072391524,591.0973620541872,695.648937835209
-528.8963161158053,643.591511054186,1083.4075901793449
-537.5478258369526,548.9592139955364,836.4997063312057
-486.6557068939055,585.9851955879667,634.7704
-534.7113792555815,586.5489153281673,749.4984983898852
-486.65437966227205,585.9779590233157,769.0623
-471.990287681509,471.15057107921666,613.2350282601823
-486.184013127021,596.1374640620974,1217.4309990822899
-486.6488401600998,585.9805095236281,755.2280000000001
-533.7696280060416,584.8477382179947,1250.0087499651709
-487.571476642147,485.98847096251376,973.3395270814726
-483.79299215518586,621.5496151973218,818.3756234068319
-491.17801524757556,639.2709747236763,665.8467246674419
-541.0941448187923,669.5663525181651,1139.582517453276
-486.1154692212158,589.1537559306907,888.0811235834775
-257.39890246387085,513.4140147226501,1136.4992286801353
-486.9650721183534,608.8748324012479,879.7308140624126
-497.07754444334205,387.58017194678143,1099.5439819285543
-465.6073972253714,513.7385105701964,768.5640588743483
-508.868391504323,631.3340388991714,1319.844411669658
-467.6416562909794,586.5824253473917,1001.7506426789732
-449.83602967586603,568.079335420141,929.1503535861856
-516.1795687283548,588.1575978221066,919.4491954364105
-543.376830082761,673.0689117995346,1218.7921818664736
-486.6469109592881,585.9817747955026,924.2692
-487.71302975076014,549.0276260506283,834.9643753710695
-436.45884434660525,562.3732552869847,938.7687591963995
-510.7189836091645,538.3774412588657,941.4118041242247
-541.0261314126324,588.5826375593203,708.3184233191839
-477.74513361044365,495.54550137490617,650.0103687510107
-547.3426055627269,615.1190712576758,903.0704724235511
-493.41821087122025,457.17307412709783,877.2938845949601
-495.22160871767574,603.8297437835338,1059.49121009397
-488.4167864548249,526.3251950468325,572.9324942390425
-483.5356831412878,512.594202008796,779.7201445736323
-538.8568384697851,592.8427051532241,825.4105912960617
-533.6549666690539,650.0835617659952,1290.230514020153
-492.88954877582364,520.6156015219888,922.5435799319067
-486.2952967910378,594.6791174301529,1078.005242270073
-463.1759834145473,485.1839904282684,1066.0854699048398
-485.8933652906785,616.5473879955607,968.3260572818186
-486.6458172474713,585.9896150413219,828.6568000000001
-477.829883162382,505.32755096413416,936.8868660322667
-486.6463450600663,585.6469266126905,898.1605291380134
-486.21446776852235,630.7339789094628,984.1644247476779
-484.2443757600463,630.8268666611845,956.9115178130643
-500.453293040493,585.9475204575094,1005.6168297287704
-510.1671428341567,634.0149298355136,1441.7426058496917
-485.75941210905876,621.6863507494438,828.8111500985127
-526.4487330116897,633.6877757745938,670.297003178428
-498.7001287360208,586.2129836401508,1055.165973208125
-487.7364153173005,594.6642539327704,1056.644282113794
-486.6530417889435,585.9821624446822,1008.1114200000009
-486.98463264501015,576.5518692296162,1172.8156949036477
-465.5385741046748,607.5180184725177,1099.2148318426646
-479.11076669967906,517.1016349206891,690.4575105302922
-488.25844113915855,586.2630604568617,967.5999243058491
-471.36617058704024,540.8057493031642,592.1214717910218
-515.1750679497582,661.3611314248606,639.967601847741
-484.4723340243827,679.0004933770824,1016.66606321242
-518.1534835305201,587.8575375102724,747.2145635504396
-487.2657961816119,595.6801951811944,1197.5431593216
-486.7001058160258,579.5458862766408,728.7624328026039
-487.44353847576895,549.8807058754755,831.3522244705979
-496.97996876720254,623.2977798020213,1106.3878621370568
-440.3461935291557,481.5721944820284,1115.3596239182557
-505.0577778988004,542.8723118533367,410.9328814918747
-499.55649218959206,651.8512620180799,991.86507350051
-494.1951620749239,603.4264932044307,1300.4571527969551
-501.1962555385021,585.9594171904821,1101.4473038492831
-540.6063249605718,596.4604927197443,969.4498591214596
-459.8522790171878,547.5445953596749,1111.7723663631639
-476.3236415176725,491.59197153204514,1224.387753396581
-488.1101642165286,686.4064780011145,1005.3898955877445
-438.8771078163172,563.4979814791718,857.3053084188417
-464.4618913695808,509.87244801369934,1408.3533958490673
-545.344367015402,521.7023690587375,1030.083442141918
-481.91208309664376,572.5046019841961,1115.5597033352246
-487.75917633544395,594.853593314434,1094.775971245337
-510.46348652374763,661.0012371615315,1118.2186017722095
-474.0137614188111,572.8952241458579,672.6129275335943
-501.83682941474353,667.5090535738109,945.5123784799237
-559.22854698891,599.6717821001021,375.9207499467881
-532.3946983166381,742.8924552524159,1554.1881868961564
-534.8868093129706,636.1424983623598,1025.4101111056239
-509.70603840285503,584.0944094528534,873.2529678821509
-557.0829115085994,643.8579877853065,810.1456013416191
-468.9432237095566,561.804154868094,1152.3644281590744
-483.2665884105113,648.254920881176,1181.3810800786416
-466.42253201136555,606.6177161504013,1023.1579055830812
-486.65527518802764,585.9769447539353,966.188
-498.7902716597773,647.9152563695571,887.6259422971982
-499.63440268993486,496.9845989783273,683.2014858331287
-543.0749060148023,558.6296583874569,92.91627636587094
-486.1815139422747,610.563505485839,1121.4491627418356
-413.6283968679295,512.3319030634004,1228.6522773863198
-520.7168800924546,630.7956320595765,538.8391450469176
-528.7609584644345,534.2388411823572,870.7080090133228
-486.65503768350254,585.9739951708646,776.0966
-482.85205156429356,651.5866088232253,1161.1950514170549
-486.3871382451289,563.1669180343087,921.1682968684044
-538.9723824778193,733.9688233981569,942.6252455446072
-425.42599744464087,505.1811726857495,905.0656797614463
-482.8248943321569,540.2927295668682,802.5331304316787
-482.85156120697775,540.9730829106833,779.6965383461343
-483.00292534852497,648.9473218707365,1084.2356838403002
-485.18162414586163,565.6344098545492,1182.567798085075
-493.7549456549368,585.1291659765673,1157.9544609781276
-543.2826487220295,707.2282332903634,1172.3812233630904
-421.6434305062621,693.2105762408698,1311.2323073921762
-486.4060368883197,575.809429829181,822.4634478742948
-486.20391849308567,609.3759510993334,1029.8881225221821
-486.63951328430267,585.9925454410227,686.1484
-487.80679700072596,553.508121020963,903.7510605143226
-531.3007942704078,739.1795654107491,1499.3753958252073
-487.4620184224709,603.3590113819348,1238.969955013083
1769.0795562219646,528.5174686204673,-819.2385630746667
-476.7688586941024,444.25802573223086,721.0651565698342
-486.67648621627313,585.978362280657,867.6616
-488.1310796061539,553.188244147582,866.5032113751652
-488.01294275809937,635.2841525130918,1022.483325547171
-486.6495104020387,585.9733588253129,777.8965999999999
-469.3485901025117,562.324816227243,1110.658049425436
-506.8572615301164,538.6472563730326,525.1565680128988
-502.1543624438614,702.7871185822603,1132.1155000076792
-461.7454238398195,568.0733854541155,1043.866833394258
-415.1348050897568,513.8273233713851,1188.2879944137292
-555.1038058563017,598.8892922258037,311.9469305486765
-533.4585594689788,586.5287778510152,710.5639256220072
-523.39072929552,617.840470432471,772.9407435183239
-540.2997132411651,559.9768665446627,51.44440660888978
-484.75046140417,679.8498785425945,876.8410480967602
-485.74273166567764,622.1659920027482,849.8612427481269
-486.44544874612825,579.2376929700622,625.8538151420511
-548.2199222328077,615.5232406661576,926.7593818869794
-487.25185979099024,595.3859120039201,1137.9882272405384
-486.6566201110386,585.9740673459347,757.6863999999999
-511.0025543301622,594.0716875975729,1008.0631122121722
-487.22598637226383,594.9722846336729,1058.5817596977552
-524.1090621106082,593.2984397738928,381.52107841838324
-486.65400381058635,586.0023497044244,1307.415
-510.42513763210854,534.4240413831687,948.5211696364203
-486.8950834873717,560.1937189757632,943.9546879121883
-521.2537873598278,583.332520880364,939.3841536196682
-494.79146349450457,615.34671381374,711.0056775528232
-488.1026557775833,685.3228116274456,986.4078518039225
-486.6545306977546,585.9816431365507,1338.204
-467.7118874837897,605.2943678579957,909.071799731518
-484.8459558148802,668.1483508762535,1111.4246717347753
-486.72043349730893,579.6221217535539,706.3181087356757
-487.72472472449226,594.5867822748764,1037.5783496703843
-487.67573209390434,521.5648794937651,964.7857519928938
-560.6805313077534,594.5567522272631,423.2276723627557
-487.4138041388087,602.3869614413795,1126.8808843078698
-499.90361657325343,559.3023489421428,848.9957195325217
-546.0654289301019,607.4098944330196,678.4851179140662
-486.64651494898953,585.9748917256011,779.23
-483.1628656811763,667.1566412602554,1079.985501851676
-556.9400847079755,590.577832160531,1152.1511066910896
-475.7971772757073,824.2241192907957,1490.5098819851319
-302.081834900132,388.05369697144056,1957.6746044106421
-488.7638054394042,621.8010144667728,925.99027600819
-500.1218520249208,573.1841782992248,868.7213975157083
-486.50594604430125,547.9534379542827,773.6298278990816
-486.4413698422677,605.9440500405565,915.4851364667888
-487.71826264436754,594.4847399437749,1018.5125397237327
-459.5206532923203,566.4901237541904,1203.3897490743102
-486.61969630142994,577.1706303834518,986.2708329244479
-457.5613528137774,631.5216327402642,1247.1240159623
-498.8031038141962,586.2105403482061,1070.1893032719595
-571.6706709810423,693.0304100367289,926.8702804549356
-485.30406475775317,565.330191084943,780.2530007591342
-501.7349528367472,744.8707898159748,1244.927493574785
-543.7167059012604,597.0708268199276,1068.6774178445821
-474.4927570911077,585.3734297029263,874.4558786709744
-494.30542191141376,591.2559230302693,846.5780348228718
-500.2609421890245,520.4017128372359,312.55206415159773
-479.89764533061816,585.589010790371,647.0852300731674
-499.2410477293861,650.2808897275598,950.1693181606398
-486.9942342480067,576.3561599256448,1212.043796657156
-499.0459132037872,526.274500956664,217.32128152034676
-486.63908554043746,585.9844426495087,708.332
-419.4142105309493,604.6233603099429,1170.5911929603033
-516.9019100669902,588.2196912148776,960.9897886457368
-482.75469237083735,688.076728635725,1178.0016403536297
-414.9683427528212,605.8755266720477,1297.896889373762
-505.13742195636974,577.3063254785247,691.655722405386
-487.0158009125166,562.159354655698,569.8486157681849
-486.9257184089613,519.2231511046148,1006.989069632471
-500.74537624399863,585.9593219143846,1043.9490594510735
-486.6045902473188,587.1447487879617,958.2651349138024
-491.2974173485968,640.8917432201024,708.2384531051944
-612.1598520172229,624.8911307041869,931.2667778710754
-486.66199962500696,585.9694034073075,874.5224000000006
-484.95059283869114,561.4090090064935,881.3756380719665
-487.8415088087081,497.573598073752,546.6238233864033
-486.6744502126935,585.9586286084589,1114.537
-486.64266941652613,585.9762078188651,1018.3406
-486.64883530526845,585.9814269223493,1245.1593
-488.1317623542591,552.7902258457539,886.249065145687
-486.35324849503786,492.0394765856731,847.0443414185431
-486.65457582840054,585.9860222145253,945.228000000001
-500.738920291617,646.6446480742804,1179.6990448926329
-540.5231841003406,668.6939502845148,1119.7799508823512
-495.0399813324839,586.5157437334351,816.6635013105666
-482.7629021485029,574.8718612729235,784.4343102818707
-523.5392324216232,678.5551174229699,720.7832764507172
-487.8350035262106,552.6628846402461,946.4681063614769
-567.7595235744111,604.958636458934,658.0603614005206
-487.3913329876832,502.0730870354171,727.2641329186056
-486.3444188153294,592.997069724782,515.8043162068071
-487.3464159362302,592.3054609570497,680.4369988559341
-486.40939027199283,593.9199014075546,913.9209079457887
-487.0289177236282,561.0437203483234,632.0723387138092
-426.25848275962016,546.1604757677703,1107.646576571396
-483.162028278658,756.8186671815627,1125.5105205982868
-468.2348309171766,586.5692391213648,946.8507373799123
-516.8726223285094,475.8434195069117,1388.6550597984829
-474.19949999872733,585.3622471589928,913.0404513861491
-486.6612082236736,585.9680820620194,978.39742
-486.2018970073941,642.8335872264538,984.0319279445552
768.5764105496382,608.1289508668074,-777.5776643489098
-484.7717536712298,678.6935051298451,856.736894330113
-486.9385098941218,518.4728373945363,1026.6455939305856
-487.29812173700157,592.025866662404,616.4121893471086
-486.97838520958794,576.4497219505799,1192.4297258257452
-483.6456786691483,623.4463337015436,902.105227302524
-484.6238603585962,672.1589193143614,966.2464316221078
-511.8750635710146,594.3470252498807,1071.4046576691774
-412.9111933540421,511.57684078632434,1248.8355856364299
-491.0680424068514,485.315908338595,1214.5738369015298
-487.97137266294476,487.56473853622424,693.6533082645706
-443.48597585734524,525.533967236177,1076.417935028398
-543.8989846957747,532.4157170718286,1454.206639411384
-475.0375760637669,522.2798973745221,1031.578373171203
-496.18485332793716,620.367305544547,960.7207068706946
-435.84951583003726,562.0827307439522,959.1343213676669
-540.3262679523277,588.5464121766365,689.5088717687611
-490.63830998558024,693.5358018263214,1225.5998342792934
-480.18245644328545,626.262364988431,944.440938657273
-469.635528027643,585.9337426648672,1036.0395365558084
-487.1614241876305,573.3996857864619,475.9803501651474
-467.05384083394756,605.9653670797115,966.114597669753
-487.52682847170854,546.767563254658,967.2842513469307
-498.2400670152133,587.1269243209863,1429.032463224136
-638.3075512312903,587.7989349028601,714.488678926359
-485.70154695931296,624.0654277207693,934.062130565416
-486.6529092851529,585.9798449406958,977.758
-486.7458814808483,579.6151317724525,514.8702273298944
-484.9851556424296,662.1232949898676,975.2226062499149
-520.4628629666813,586.157074233951,854.0184987330957
-486.6501324043361,585.9824198326023,804.876
-518.6923261952684,583.5258397543894,813.6455309981025
-552.9825945613452,670.1533014124959,973.1391241205865
-478.35719031294525,466.9709126946275,484.95589257792415
-484.5603015851716,675.1165013156649,1025.2151130692587
-483.5485061727902,551.9295026056006,790.7181743397804
-486.65371855487274,585.9751697407542,688.6654
-505.6367945341094,610.5149512777161,898.7420021058917
-514.3819456932115,623.7949140982619,700.8419656506002
-483.38702752775816,508.73824751889737,859.9852611543258
-508.9786860845147,726.6572045865037,797.743872254423
-504.353239412128,498.50266846958425,560.1375242937859
-499.5787781941717,544.5278779209243,929.0077187465072
-512.3615366089136,567.0816432609091,625.4349410510681
-534.1528424702055,584.8452092443379,1266.7960518114453
-485.91233618685783,616.1646599908445,947.0759770808545
-461.39059806838736,480.90234087169074,820.042759630591
-491.4178298075385,628.7888022905274,1369.7094339182045
-541.0467463158936,603.5807235490563,559.6413370880398
-483.2792940736149,538.4138446239485,912.9818432940797
-485.04481818878867,640.4280611475201,1034.8959566554315
-486.28440853961865,585.9480521970368,917.6335965879189
-485.77884576249653,621.2116412647586,807.760930251272
-486.64921099320463,585.9674328187161,869.8553999999999
-486.71306928164495,583.538503776628,1118.649683482828
-467.42146681785425,586.6007482391491,1020.0503952852443
-530.8358219179195,591.7910496133476,583.0630503869097
-486.1978263355941,629.6817680248007,943.3600289267843
-486.67078080476426,585.9758654900594,789.03276
-487.3659970071194,592.5930068168107,744.4617768744857
-486.6356972710537,585.9741936816522,761.5563999999999
-486.3975646654003,563.7122391636541,881.0642727933525
-505.7086755457815,577.0613896196614,736.8320365929769
-497.0730597835427,435.2148467843531,806.2365904722816
-422.3226444547106,501.072960016706,989.1325630974173
-493.84628851660227,600.9618719544371,768.0441507741247
-486.65417867899805,586.0063572668491,1219.8425
-502.54368418478316,585.9658111065198,1273.9420779591665
-486.6506595592764,585.9745211406919,893.7914
-530.3632897456123,586.4891380052621,613.2264543871936
-486.8150631073754,547.0332305706577,700.8174102501125
-456.1650695123335,582.4627682505375,955.2383240271789
-482.5234085898237,690.6502331939939,752.2006885134782
-486.0109287220994,589.712443515592,1181.821949288449
-484.6312206839916,685.649901151331,977.3606657481826
-506.11001909099355,489.8373015208342,690.1118834366977
-469.99316025621783,834.7248430950347,1604.2438363355554
-558.0519440571206,594.2527970980188,381.3772184247685
-463.81359744745805,507.72546449871584,1469.5474514980108
-500.9357843820644,617.500041311094,1209.534508805133
1185.768632149673,624.3575690595092,-803.1905737314719
-593.8153698210324,597.5271053110175,118.63920784679644
-487.7664268468293,547.0153824786158,921.534872130412
-523.0815221162129,579.4661762333745,722.7612772653011
-523.320146422792,685.7320395844663,1033.2122126814277
-494.2170395283497,591.177545485649,825.7296131048918
-519.6116287763678,566.444481568735,666.4077758903685
-486.9322438322524,571.3818005067393,787.2870314959092
-468.8087169196542,518.7303358675258,1218.5027169224322
-503.06195208212125,674.0831136467809,1082.4386361350093
-482.24403687737777,508.2347209370332,476.77897259909037
-486.6723768017314,585.973377421521,773.4514
-497.64484132116195,596.082393439508,763.5521954686062
-542.7842226824191,604.9046040979835,571.2863574147276
-510.71463405766826,658.62929344754,959.5757204620786
-486.6481124712941,585.9863333150131,988.9602200000008
-480.28501942731646,562.7744885193699,716.403993782856
-488.6552593650699,936.5636522148359,1492.3575846409092
-499.58985382841286,581.7160976757677,1135.310515954845
-486.6194233129627,577.064528756622,1006.7782220487228
-515.2159256373457,588.8537514938265,448.00943680640984
-464.2420140149343,509.15731449060945,1428.751383508731
-528.6637489282107,692.308732051332,917.3111435566115
-510.23520646407815,660.2074445548857,1098.6787420140986
-520.7659791964879,592.6547448248853,279.9104401963357
-442.7996957347618,487.115072928445,1016.1898253408863
-465.95641885517625,679.5497273615016,1569.2680423368768
-517.3602183062644,587.2810554007727,1069.7979005451157
-486.43087294038037,576.651450264002,692.6498754103668
-486.64522809734854,585.9713978963503,985.4262
-486.1912062763954,643.561917781904,1005.838231536302
-468.97894087792474,850.0598307330336,1749.7449444976025
-473.81436816764653,485.45875393211736,442.9273944126341
-483.57255235655384,618.6140698442455,1051.3084616355418
-541.9425109673882,603.879042871883,581.2538272660755
-478.3170637084527,585.5055182123042,967.5300727962323
-484.2978198939395,686.3692644469511,1157.0138530750633
-485.9432161010759,615.403389047978,904.5757230643537
-475.68671869146465,826.2922570487317,1509.8988083812812
-482.5626985532988,692.876361261388,1268.5353498656502
-502.1299351534758,841.1083539312983,1629.0744349703684
-486.4107956542025,594.3181544241143,1001.6442091061457
-498.8885373133958,586.2166811010144,1085.212698435504
-505.3880228172725,610.2074585131843,877.6885905449813
-486.6465284723281,585.9842025416664,890.5878
-487.4343387122817,602.9780044980075,1194.1342418271483
-529.225145048551,586.5127324901664,667.1581041086753
-515.9959985593816,663.5875393944639,680.8416543512144
-493.6553700962404,512.7242192893716,1124.7412243396016
-486.6588941843338,585.9788227122567,989.8996000000008
-508.72050927796136,655.5207444783808,981.4381983679956
1809.2265077723914,748.9050610233885,-848.030767133725
-523.9770273228605,636.7301579251117,1035.3073444368697
-483.51071333649224,619.3305534995195,1091.111798990365
-464.99478877131537,511.6060775792031,813.3667420668381
-511.55568117708117,531.946941978088,1030.7514253286795
-481.98271393979053,503.6872834699052,548.7362714562614
-486.79013130386784,549.9365866840153,592.9207769140274
-519.5168521495216,577.9072124690595,944.876284959273
-539.6221166765013,588.5141504681851,670.6994548854459
-483.43509875447126,620.0528749672386,1130.9149805025422
-589.4164588573954,598.8404061084736,661.0136658347514
-500.9824603058528,736.9619729332355,1145.3631559519395
-536.1233526250458,584.8019533285812,1350.7316240080804
-503.14718850655436,498.1976739876411,407.0907943532367
-491.2949600490915,627.8532878150011,1323.2620069874492
-488.0645565979221,554.4017553222811,807.2660900229341
-477.6542903384193,575.0585531087586,1251.7562878291496
-469.2618957486725,845.6941954088145,1708.171168736042
-482.65127193512717,687.4110726869515,705.5421992470021
-515.5176314989303,587.2151922223483,961.1486089892624
-499.5466702929582,496.05643939668386,714.3941936768973
-487.3239031374769,592.1191690801943,637.7537871845248
-486.8720083990029,577.115359121125,990.2317608623148
-531.8629917504666,530.4251535479232,990.1702277705946
-460.1417751126837,547.9576701420227,1091.977794654667
-477.2049311943647,490.2670290500474,732.0557964377981
-485.1625863687709,472.87751244586906,499.6712576243408
836.4552568140589,609.2238951983077,-787.3234956907563
-541.7769804041359,605.8750896949548,575.5595554144899
-484.11745743188794,652.8040588771183,1137.143005890654
-493.8212092341796,585.1169572994991,1174.8672067916314
-500.7584843079062,493.88500591060904,906.8279280350405
-487.9537963106095,488.9958938283942,672.6491903607007
-482.52891032965704,694.0660702364592,1291.1695101108985
-494.04993444604224,601.3982176392699,812.8822514767788
-636.2772578621534,587.7852718387965,694.9624422969068
-529.7769849678605,644.7695923296078,1121.0114753726098
-486.62870164442757,585.9859408483434,1147.7934
-490.7948194843543,491.2707045805131,1098.4554330380372
-448.3932386919578,567.3916051039485,994.5526120854155
-486.64940372580895,585.9781507196667,929.635
-534.1539440530896,544.8525570899999,844.8299711519254
-534.1562636305457,589.0882430314672,675.7309142825645
-486.6521286356581,585.9899886459539,886.8296
-466.322116239724,677.8632004667733,1527.53417636865
-513.1357896694876,566.511772484568,667.2551368893659
-513.0692678833343,489.7037455548566,1119.1769697840723
-521.5524266513653,579.7382471663317,661.5407178759186
-486.7529620995681,591.4799133100014,801.3529020884005
-523.719769006731,686.8230953089101,1052.5888926598777
-542.812711136447,586.6385170398793,1002.5744209761743
-545.0089982429372,583.1693206203363,684.8370082535553
1260.5178977903706,616.6490123738533,-802.3885147652545
-489.43209467462066,532.928574593314,818.6635978746139
-493.2478746236552,460.5625136845829,834.4053573896242
-486.6076373567398,576.0352301808977,1211.8522696801929
-485.0778498899499,524.5089632158757,873.7663574445196
-476.74114067971504,585.2079573580922,1033.8955232497144
-530.0698536314301,691.8707370042637,1397.9645546977504
-561.3498690208553,587.7036235167461,803.0724916716056
-532.8137893251528,546.0159619861959,799.6333896912865
-501.22625135380827,583.844093147774,722.0450858676772
-506.8642099921101,576.515880975076,827.184031982503
-444.39670439257225,506.15151653029204,1229.2239560838243
-467.07261208515956,493.93558386742654,1150.9529734595474
-419.9781862263619,498.00554724700214,1052.1825695967113
-508.0355362848354,543.6783429933466,753.1555595799296
-487.61033473255884,631.8397109511554,1124.8256649640318
-486.6503804396093,585.9651875243251,932.4436000000001
-462.6472344440067,482.93263617465385,1106.7773457496987
-468.6222940755731,517.9927829049975,1239.998039947889
-493.5895346900088,727.6835677661611,1128.5292619219474
-533.6084777795634,642.2905626831425,926.4764694766719
-486.6674809462638,585.973391150934,862.715
-556.5154572712595,681.7248410107322,1045.9365174905122
-488.76133819612414,514.6609190629276,831.8874952833794
-463.9378407719296,569.6707217851177,884.3435824740371
-498.15409228698127,587.1130943857404,1410.711282832818
-466.6281777387462,595.0839234625678,1180.0029739752713
-478.20760804477504,464.9031790031595,506.4198822603647
-502.8686778751994,585.8333361857622,866.9310155891917
-509.23572423716564,593.4964491453638,881.3805040014397
-514.0291997079587,623.2987364796663,681.8820944426876
-485.84271952247195,553.109963163135,1038.733882670625
-486.6561314800597,585.9712817073939,1111.77836
-626.1850340728079,587.6516845725728,597.3263625538467
-516.7329005171687,587.2700692343236,1033.5816384098193
-542.2493859381789,671.3086557791178,1179.1874162681775
-530.1197348930164,548.3424402404714,709.2407126321568
-484.6723625112063,683.3339170415804,937.1525591281854
-486.17645219523183,596.039731308351,1198.0898865468553
-481.9780803941153,572.6700375369078,1091.9078687068386
-493.0746052084837,653.248759441356,888.3343779614852
-495.869897148817,410.6818836792173,883.8437546729214
-516.054059812802,478.81079340222277,1330.9096763790717
-484.6567195749633,557.2935083333921,1156.1803315960499
-498.6024022740494,586.2063204895986,1040.1426241251297
-494.2016884716636,442.21270230191817,589.7104398672535
-486.66522503275655,585.9771885159159,1092.9479999999999
-493.78403226127125,602.491313441893,1188.9090254833766
-473.575311723892,514.2447567196436,1256.0724922801655
-486.9447459379869,570.3543959900793,896.3901382510294
-465.7803291385053,680.3893532107314,1590.13514076017
-486.7620690443189,591.7774622922148,885.9161122468454
-469.7763172274281,639.6107435950271,1541.3513626505198
-532.4946278249131,633.6228806104604,936.7152572999266
-476.02148133718765,594.3945699063827,1147.4313708503048
-482.32982844147637,509.754180892804,452.79352407413194
-487.86786291484805,560.2189652245108,1024.2360155931324
-499.17281327591104,498.62185520493955,672.7254647939063
-628.1957224242221,587.6776570551456,616.8542289737434
-522.8696820628263,586.1731751516451,968.6175336233414
-500.9321780101677,658.9475498873068,1179.4950391187342
-486.9208767036414,519.9729855341625,987.3325287904487
-524.9792419433065,588.4754068462772,399.83180698398303
-425.5574851931224,545.7326727653831,1128.602546492181
-501.6470567037859,619.0367938308323,1305.6497365831187
-563.4152290910692,603.9458248858587,582.4961834103043
-486.6300396622223,585.9807804895565,960.0604000000001
-486.64819502667206,585.9768540137015,560.506
-511.8903080515938,587.4684691798562,933.7204654982011
-486.63291361215306,585.9718048536033,842.1798
-486.72578365341815,578.6541258463591,930.7601550301515
-487.07922924234003,593.6813431941096,871.3869605006203
-485.0079481997441,621.6853309741489,1191.1080338617744
-283.94442927082036,677.6209397979658,2086.683710048865
-485.09058691682776,571.3618894560323,941.3394907482452
-486.9806770719265,609.7925895013918,945.6055047783159
-486.97280424024757,609.4870290182982,923.6472693642152
-512.413974394035,530.083742842817,1092.4238293319322
-488.9053116025327,624.3002387488746,1042.7260945154076
-486.6465683642855,585.9811715715803,988.627
-488.2150351107148,607.3541488461314,708.8378254880196
-484.9595763982552,662.9896180503933,994.6798344418404
-484.98941329440345,562.0492784550077,839.0981114151972
-280.43425793664437,679.204771739722,2135.5990591699406
-515.710728932369,588.9056666490067,469.04438836694266
-519.1099496844877,566.7435470962462,645.6004323170826
-494.84309255439484,586.4897932783595,778.5359932424639
-487.07947414789487,593.777139705189,892.4557888145622
-487.42445206871207,498.66899838439144,787.3020144329555
-446.52586260671205,584.2739215097511,1205.3808336825566
-457.8643332003021,631.0488513546851,1225.91744246989
-488.311584590286,586.8477127296442,1035.8666773160614
-467.657041703583,514.3128426656435,1347.4746533374228
-491.50480785359923,643.2736996516842,771.8280251939027
-532.3934050879741,586.5411726557843,772.1645873725734
-524.2751522258973,588.4363615833585,378.6087119926237
-486.31639635779834,585.9280092757117,810.9296027251571
-487.64773020859707,524.5885509114505,884.2369953194133
-488.7247883930936,621.303122784469,902.6430716480221
-486.65807890685073,585.9833631830888,906.0242000000001
-505.9901276121552,576.9187476279844,759.4201060647213
-486.016724077846,589.6489338882939,1142.6565023413784
-526.9926822915722,634.3611568637898,690.0028927946897
-506.4618344242117,480.51008364827726,640.5765194642763
-474.2787742730384,644.1183101793664,1148.175376140251
-487.932592370114,490.42589475018053,651.6449926378356
-632.2497180055489,587.7306800036974,655.9072283898122
-479.36551182202857,585.5593897661861,753.9001499362739
-499.0542745840887,546.1964101499339,861.3739737280706
-510.7729990127459,737.9884666026292,922.4324008344249
-487.0501053997243,560.2905315111152,673.5546070866155
-501.18172326223157,516.0052007798784,383.9756463634624
-549.3936449925936,696.3571763073894,1169.433624279532
-487.5863358523984,483.3902793906463,1018.2531083440856
-487.95021155222025,633.4993409640076,958.1164228766381
-624.1633412952076,587.6246618955217,577.7994189853397
-550.6192355626276,529.1261636787304,712.5900464246753
-486.63353075570967,585.6899616239848,739.7799324070202
-508.49015605854675,651.9053493357471,801.2148340342565
-511.01234695872654,537.7861414094198,962.3291661740244
-473.62437527672546,585.3280779083728,990.2096604436642
-482.80358891443484,652.2458803523903,1180.4348916259926
-495.4717034159794,617.86117237341,835.8631864728447
947.0359875922622,611.0854295588435,-775.1490281112183
-530.7925749890758,547.7604616913443,731.8388953420874
-531.4819660771734,579.2243163746939,810.5493937249676
-427.2622779595504,683.9492568194069,1132.9601660605576
-487.2174861767453,572.0018387745662,612.1275181271092
-418.09686937368906,516.834995745259,1107.5580733781007
-480.2889204033795,706.9302430722098,1131.5381846428065
-486.73081828340446,579.0511092606906,840.9833923405156
-483.988997799961,656.1877376192882,1232.8926079367784
-483.4726997524049,619.6925996291377,1111.0133699237113
-511.17854129849616,567.9467599136525,562.7052728582481
-486.6365993021859,585.9686541138199,973.3626
-486.66518435162106,585.9795285903238,1048.356
-534.7594133191683,562.6589035368031,-31.500432243832165
-506.54600937766895,633.4333417856674,931.4181717513615
-484.25893265288323,630.38170674009,939.9381002554863
-483.6237926075064,556.6802605905182,856.6320120505776
-486.65813799800253,585.9813621332382,882.384000000001
-486.2221462327252,639.9886792248776,896.80429856449
-487.27578684651326,673.8531711521418,1155.0900815576108
-475.42614506810764,524.4831289686813,970.3530456470479
-498.2074574147655,586.2015376273663,980.0492413850005
-511.9721380446315,567.3690921786757,604.5249341523529
-563.2554867210074,587.7586410844717,843.0622908425344
-487.8763128456658,494.7252595962552,588.6330682477205
-515.8241874005166,587.2235563737355,979.2568330241152
-484.9007088028811,622.2158622957843,1123.5688247369173
-486.64972638624477,585.9871028590537,776.2982000000001
-481.46751156090977,494.5740174465709,692.6492710556274
-558.0015295806113,644.6081090401815,830.6076383639931
-486.8907115227403,560.5639264241138,920.0274291637068
-503.67924216526444,583.4676342672442,969.2209877679268
-525.313104302332,691.1416704629289,1130.0982019030432
-480.1059316409551,626.8024137139516,967.8145731784757
-486.7031662301474,583.6979080603396,989.1660654505303
-441.007613876121,424.90321748760607,1105.7553454695649
-524.1298237400738,687.8884055002227,1071.9667868301885
-477.9096696078959,626.1076598066275,1112.3319117415454
-486.7370833340183,579.4136204139115,556.0022521072931
-486.32993756742326,593.2133577476181,767.3401699294277
-488.67557635572507,587.0549752174456,1425.7428701775168
-468.45136398102886,585.9406372157823,1160.2551249759726
-487.00211710368126,562.9102019407514,528.3662928928292
-558.9313893551493,645.372314794882,851.0687032741296
-493.21222573694104,517.127628085484,1012.4100619779553
-441.3566121805097,483.7859577514356,1075.6922576816814
-537.6759434621868,535.6374064311557,678.5107983273915
-486.641351535927,585.9927060665223,690.5638
-480.0879873646454,562.0900790946241,760.4470619494425
-493.04212504265433,584.0190938389842,755.4893536518111
-549.3520909460053,582.97253550036,791.6769369838212
-486.4008587030239,594.4374101091078,1023.5749293174836
-505.78204976814845,541.175965190655,456.62190793533745
-529.6946083810026,691.0027182509518,1380.2122558307997
-486.20195461979483,609.9683817308592,1075.6686686640455
-488.0835578047636,553.9901002772367,827.0116589445331
-486.87729665049346,561.3012188445548,872.1728445444703
-524.7857847211671,593.429726836519,401.84289215984364
-497.79123153156024,596.1934078207007,782.6540192936036
-486.6072845042345,587.0728119085255,860.1007382362595
-502.46030329431915,501.7354945317254,360.39404679153495
-486.64133005901203,585.980359337693,813.2826
-482.77258749435873,548.9804100757806,874.8125212598313
-486.36801197421437,593.0078205084044,725.918220640357
-484.4890739510256,678.0721789655408,1084.183915414668
-482.3139421448632,534.2575554703973,1008.0644536786608
-488.13623410091805,687.4869739732089,1024.3720932125836
-524.8674492249215,703.4663084967444,1202.6925142597613
-483.83953221385127,621.0679388230876,797.443448966744
-486.65116592658933,594.1396574378806,900.1489473087569
-517.9376322226724,584.132807427002,487.6577093980461
-478.68939309908274,576.3422757516612,1016.6399967442726
-496.8163471124235,692.4030942849972,1843.092344690082
-520.0489944677461,586.1631971137086,834.9189008914751
-521.6245337109322,650.5909071401047,916.951061209189
-531.5557409026724,591.8897857748865,605.0949657053656
-486.6535800958259,585.9664592461255,997.7568
-542.6477195582811,606.1727601291875,596.144308149499
-487.47445627636034,548.8465397945097,876.6629954315179
-467.93788777871396,605.0782596744841,890.0575167639379
-424.7744166272564,688.0553139103761,1212.193252103513
-533.0624570988023,600.1055672860463,727.5919075499429
-473.9224062847984,585.3436594506667,951.6251171492204
-518.0107463251043,588.3077647579606,1023.3002359205362
-536.678350299238,531.1960225536372,767.2474476468764
-506.5910903964932,646.1386470416408,665.4769871773208
-535.5814809870349,631.1983700522944,792.3897103566251
-525.1541554530365,538.6715622418831,731.33449035672
-475.58547724792925,828.3545679074184,1529.2884456627917
-488.35729085746243,586.8783627580233,1076.9062653306485
-487.11726591226966,594.2685908990757,997.7998363807469
-540.4837930928718,610.3731486981783,634.5699907523917
-466.0242689857455,595.3688188953302,1238.39458450866
-486.639766782303,585.9762163019793,934.0457999999999
-462.8038119514863,486.73427915276943,732.8214104429957
-484.9916637998972,642.2748728134916,1095.945765674941
-477.69479750782375,593.0561512373647,848.0133964169304
-544.3342598058457,630.3433769318626,1031.6454799678418
-468.0370209201053,515.7727904560434,1304.4834485705092
-417.3584054957769,516.079043799884,1127.7404581835665
-474.4910261725249,610.193746284958,1586.0429872648597
-486.6383390896631,585.9845597232949,1029.0662
-536.9758462011428,536.3210920937184,658.9136486062882
-509.5319404578406,632.6831208455517,1380.7931325052884
-535.2340780569007,617.8649171949837,550.6474831325105
-485.0268500457962,570.7809923488498,1008.0732359483632
-486.6596856584306,585.9795463521609,924.2800000000011
-532.0236819134475,588.953079853551,612.0624177451309
-493.64302577489025,585.140182104418,1124.1288865994047
-535.5735792290855,537.7133920681755,619.7202843104926
-466.8523510511966,517.988639225605,678.9579937092966
-551.0887032819355,592.5103356366691,686.46535301625
-486.71772978701074,579.2469996213025,796.0949969579938
-418.67268716437866,604.8387930019937,1191.808718528909
-440.8463297063863,482.6779562217573,1095.525728315787
-486.93782044717386,520.7021578776398,967.6753177050574
-486.601893179482,587.0927411231049,879.7336139154843
-529.2805304180163,693.0032737862982,950.5152337421212
-472.8712404943261,545.2856752697157,459.4202923478598
-484.28167589937857,588.6711945460984,1136.2689976256888
-500.8007636481816,617.1905616685237,1190.3114412454552
-501.51314134390077,698.0006810392597,1054.6929904815713
-499.67221887573714,641.9789356460249,1031.1967864227524
-504.4235574073414,608.9531261378233,793.4749738809145
-486.63927475245214,585.9820473353764,826.3996000000008
-500.09724707235773,492.2233343909641,776.8985841434144
-493.4785863948641,657.4048636407902,989.9048173841713
808.36396709785,608.6593629648107,-772.8757911976463
-602.5922759065731,621.9233152369859,802.9519208259155
-486.64271292722105,585.9858366205907,992.31816
-547.2182476211829,556.6218623163033,155.12580444279268
-474.41097996324334,643.4881429294438,1127.5953834849508
-486.66189700824,585.9709670000661,1081.667
-486.6686373440848,585.9770516911838,879.3434
-486.6469374007329,585.9842209360559,864.028
-491.57558741435264,644.0607626495821,793.0248360892583
-502.6204129971957,706.4010136114503,1190.1810235250575
-494.02453274026175,591.0292281062339,784.0328173987741
-520.3225568267424,577.7030896845517,986.2545573404227
-486.3006668245084,585.9556774604721,832.270395188642
-486.64825095058313,585.9867859204318,987.1474
-468.49214193068974,585.5982136101145,1065.8509919702458
-486.6447949161834,585.989964350531,626.1232
-439.4939963388522,563.7896216776458,836.939992248513
-486.6485390215853,585.9868714507805,903.3098
-485.82065439350504,552.3201754086035,1081.59702066804
-529.2475799229242,613.7672744876389,1417.9676902330189
-485.8735782155102,553.8845685127276,995.8704467739336
-526.5762603445833,612.0449789394057,1282.6214382266767
-449.1754613842986,533.4570081327943,836.4762435933736
-464.3615763487046,586.1525912314708,1242.4336156107654
-487.23646122849163,595.0947771992228,1078.4332798536789
-471.01174100467324,585.9445133083716,891.1212947734795
-482.41694123929483,693.8800878636623,798.8598553878878
-525.9391730637321,684.5700653641393,816.5050497766184
-520.1445023247147,630.0537000705813,517.3148545364554
-486.9070685677573,571.8019080117646,743.6459302860353
-485.7217015531719,623.5857050024761,913.0120423343452
-482.9322676200359,672.5342229407047,1201.5351706630756
-550.2347813667884,592.4256909804163,667.2870262518294
-485.03400323256574,621.3089545663122,1171.190230166289
-500.46339934373736,572.8581143069349,910.2422457276849
-482.93042085795287,650.263078939553,1122.7155119241163
-496.5565786964962,442.78655646338416,727.8400573405562
-486.2871750585782,594.1502389735117,723.3291989087807
-523.4277535564802,593.1736736407765,361.19938399335416
-505.70060315171895,614.0068743380294,862.1533550687282
-505.51318818890695,583.2056442068715,1154.6030012014453
-486.64980378398604,585.9914800372842,1162.4261999999999
-520.7339198939112,570.2047341343073,858.0330691245651
-495.5524863705168,586.5447512820206,911.9821878049563
-475.1393150756685,560.8731738211186,1004.4048802665097
-490.5419556538086,497.2144943777114,982.3364482818135
-446.31131717937046,605.3261674115106,1198.980420816203
-483.60346632162054,623.9281551426084,923.0374070665038
-443.5722664388777,486.06159054880675,982.3803606849422
-541.6757756388024,559.3028715770822,72.18106746398354
-484.0223982060961,588.9554789835897,1323.8973429357877
-498.5433205647348,504.4448616858074,562.8726326440087
-534.1003446403001,586.5220921523231,730.0307869250587
-465.06967613132565,593.0708842732464,976.6769146044007
-475.8922699702298,822.1570470336999,1471.120755934287
-543.6047331976538,605.185843926993,590.8698550676166
-608.1459925236245,844.9716727931063,645.0385487102816
-565.4373464365528,711.8387154544639,555.279554895966
-547.4300746265753,692.9304339824362,1109.641659781405
-523.2770335723258,635.7629731432504,1001.11845576555
-477.49879750974424,628.0656376952293,1203.9516612236127
-486.6420451834538,585.9861094568755,691.7404
-615.3952847535629,860.3902200226744,728.2824588517683
-490.940015579642,488.29643285635916,1156.5147692877413
-486.415376099224,565.6342823323954,740.700437645552
-484.9456415971972,621.3941493811319,1080.835945491558
-486.64242784301814,585.9792397141788,1190.09536
-617.2069005394683,864.2605308123962,749.0911255294877
-500.5595768754779,495.1147514380724,884.9532356571351
-492.97968042955154,465.6343662599352,770.0716537373708
-486.6623783162913,585.9892107565515,1149.7845
-288.59438308274,675.5306235849791,2021.4612362920607
-483.2317091076393,648.9621252222533,1203.3581207179702
-538.9489421577496,718.3076132089622,1325.703827399463
-478.0779189306411,462.83873681796445,527.8845639963782
-510.1176153459087,593.7858986657484,944.7218232652922
-486.95432911030684,607.9374859948641,813.8564366986704
-531.3882256219235,678.1192074211497,830.0719666325955
-477.2121325946432,594.671042370129,1112.6644997616866
-481.1161339762823,488.50980976356436,788.5922361139094
-468.91383346076464,585.6032059682173,1023.4141651370542
-482.08632423744166,560.505082263338,806.1553180911549
-485.05748751037345,620.9436785217324,1151.272182703376
-493.2647763036416,588.6533429087758,591.0470997942206
-500.24221444524255,638.1724676607994,992.6664039973821
963.9387436783691,597.4360849366872,-760.9556689665405
-513.4573372479385,713.7006097279143,1086.9631605904588
-483.1253382739983,651.0930584244817,1269.288885510919
-486.63340848526013,585.9858524059147,1110.98448
-493.12736510350805,718.6762626251386,1008.917705934154
-521.9206835061143,577.3162747463048,1069.0115007014338
-488.8598661676933,623.2881374537887,996.0321288448877
-443.8041859285522,489.3373725147362,976.5228764500639
-486.3981201563354,575.9498856184587,800.8278508463361
-486.8616868157169,576.8039563414848,1053.1496041359537
-469.0120757437917,519.4556668713885,1197.0070535724828
-523.7303052939733,568.8200897867532,998.7676880076965
-486.2235359132019,631.2495958642237,1004.5668777754491
-468.6907520494219,643.0809866977165,1689.941604627911
-486.64713459190443,585.9951326301216,1039.1158
-443.9764433872101,526.189898781751,1056.4230188159895
-513.7808402973335,584.3896907608496,323.09065507041663
-486.4538099784372,606.4038550393284,955.0393653009701
-469.12329079157325,847.8738924091465,1728.9584716366708
-482.61024575734064,691.6715719399106,1245.9022562448422
-556.2771763874575,590.5395873880884,1134.1187682227194
-506.5082952851069,539.4860416603904,502.31126550107354
-512.7111787114382,588.5967069141306,342.835471402606
-485.09902299354735,637.9516622904775,953.496620064087
-494.12758163926446,613.1563260951284,1062.4677582829795
-486.65876651757117,585.982427028862,1204.4279999999999
-555.6193859502769,590.4864895143112,1116.086308298215
-478.78073679456566,473.17201214786996,420.56335531570465
-460.431153182682,548.355913950698,1072.1829043923753
-533.1158434447516,745.3866443596703,1590.7291492685267
-517.0383619666954,587.2860109937452,1051.68987252938
-486.65128794065777,585.978243583344,754.8646
-535.5321760469151,686.6358612856391,976.2835539431322
-486.6266558620232,585.9865165076463,1212.0948
-476.91949590526065,735.0078988467682,1203.5654460729743
-450.1125993699543,534.7795348451671,796.4857753949192
-486.80717628688353,549.3532356805754,614.5000123772413
-501.6733699982524,699.1966388419135,1074.0486587724524
-544.8333406353236,688.3324492010304,1029.9199901071913
-522.0942275438738,583.8915302545547,652.224803421974
-486.5930512651439,587.1782772744203,997.5308902933762
-527.4758010305475,593.9569050360403,483.1307468956917
-544.9628409969364,597.3101620775508,1108.3684170874092
-484.81453134305593,448.10797122491175,773.9513234846237
-487.9099537941752,491.8530080881435,630.6405878384353
-281.6039825482367,678.6865674899216,2119.29373389654
-488.01687546775725,635.8727371329135,1043.9391790822713
-524.9242674931979,690.0626181532002,1110.7206669930308
-469.76017891009997,585.6236118434974,938.5405433246926
-499.9695259902146,643.3065393553484,1073.6262818220036
-509.71448732851877,658.6567223054877,1059.5982736730896
-488.2626079563652,586.8192638149903,974.307268397586
-487.39507846662104,602.1941863035702,1104.463056261922
-486.6562511233501,585.967073159645,834.2228000000006
-499.1158383048819,586.2031874962507,1115.2592791973354
-536.7416738577349,535.5295993866998,752.6751040726899
-467.85327231552697,515.0456131876163,1325.9792284740797
-482.2356150838691,543.8939532740469,1098.145346804918
-535.6190269436647,623.626512356393,761.8459871681916
-486.20350045472514,644.2589718755394,1027.6456426496347
-486.6458881399749,585.9835497089191,1224.3324
-487.83740802628927,496.15800606972357,567.629085918999
-522.7753605807213,593.0385834773256,340.87671189816916
-476.31497588260527,585.1771179253944,1109.293965466781
-476.8813321119296,594.9850895460529,1177.513632967637
-484.6126190231121,673.1417966743743,985.9028830021522
-486.62873218859704,577.5840514363023,904.2412223278736
-467.0439678463972,594.8903319435608,1141.075376392845
-477.7436727089894,575.1785331373433,1230.382072547749
-491.6454564994315,644.8641239851772,814.2209609524577
-484.5198922798468,677.088868697168,1064.5275253400735
-480.4533804728335,624.5995884159295,874.3218878391268
-488.1650962624926,552.3833059272333,905.9947148674353
-507.5859895623537,536.9338774986707,570.8445321414576
-486.6460755780106,585.9869695699879,719.1912
-449.0770935034618,604.0044447989821,1065.44809520744
-486.37629737793895,500.1802703377389,708.5609922928977
-498.63456499743097,647.1210925997306,866.7784385801307
-591.8279492301729,586.8056167176549,777.5670620093827
-486.176848620212,611.1571918448524,1167.2296864958305
-471.8689964669593,542.3062804734468,547.8880707531355
-499.4466336139344,498.2272760034473,663.1466898897487
-487.73949736569193,555.4974583792302,783.5096393246151
-527.5843721267493,711.7819416240839,1341.3305484390596
-474.76294165109084,520.826081466284,1072.395674806254
-533.9742078781246,538.3195366637856,669.2923131138072
-486.6347698256968,585.9888461018386,885.9074
-486.65591437288504,585.9869393400382,908.302
-486.6696104376788,585.9945056220721,847.3414
-487.98139647833887,540.4583768436358,1202.888492879188
-547.7658329415294,606.582263011581,688.7847736902304
-518.3827570527133,588.3280947433581,1044.070354381879
-494.1224410279963,603.2339662757695,1278.1475459206154
-517.7617586677438,587.8087170418347,727.8380568940069
-504.45849143744044,491.1271303520491,500.48579380882495
-486.4059896649494,576.2349324887957,757.556697436572
-483.7350161550794,622.4955363697488,860.2405259474142
-516.6212295208686,555.0145054033308,843.9515450696217
-501.1380427128556,491.4661304022103,950.5801009377908
-482.6435723940465,690.475494778166,1223.2685317318872
-540.0290810928045,588.7346851498462,650.3891743448614
-486.6560075860725,585.9735165390485,1227.8782
-530.1410472055499,579.4451825239607,763.940822777574
-461.8567450023056,550.400384832854,973.2093181739981
-545.8646016340604,583.1471626391419,706.2055625361902
-491.1652644808969,626.6016102375202,1261.332092259014
-499.30394263605695,538.3502408461552,805.6455844396306
-486.6545622850176,585.9834668109693,1046.675600000001
-487.86110405656973,552.3361298866439,942.7610543073317
-498.2662290631988,745.7877361739957,1941.1649932894265
-557.9639073815233,683.7226294643374,1083.3374479620038
-540.28884704182,678.7842715172255,841.9267559999042
-480.138862103212,737.5108089366031,1233.8736046052645
-540.6503908077348,535.4491203926732,1328.479401045994
-477.61824026433055,503.35926341372647,977.9580652085422
-486.6627886975432,585.9816921292727,866.6628000000007
-542.7050340019823,706.0151128410674,1153.1176239760518
-548.4927635266622,583.0101626963581,770.3085755340992
-561.2413941998586,603.4270213132468,544.7143122379923
-487.72936747831864,563.3151639633816,810.395482560655
-486.20331745961585,595.6431392957037,1120.725476498882
-543.663838203709,697.8210994079943,1173.8874531769773
-507.23527256382476,650.8113573946545,864.1982423471638
-488.16961353825855,689.6430051454099,1062.3367659712387
-507.21685443816204,648.0600929509619,710.7230842583372
-500.3849945173165,496.33234611210344,863.0775312209164
-538.3589712885155,732.2587170819156,922.9616619049351
-480.1963460336324,736.2461291622615,1217.344241158299
-514.4239972655739,484.7571123880207,1215.419337303848
-525.4456207047538,593.5683264794491,422.1652674660732
-485.15786114867615,571.9379103352585,874.605692992632
-533.8327077341294,747.8817851218255,1627.270140086619
-426.93064619632287,546.6123913041804,1086.6901687270895
-486.6553390750505,585.9857512355486,798.592000000001
-486.6453455723645,585.984986635905,1007.5840000000007
-486.63220995648317,585.9993230698176,582.3784
-536.7090799403877,689.063221912083,1018.0588734429645
-506.7659248543928,615.5889178432768,953.3701053806582
-446.15895813092993,584.2767208986884,1222.5283909398404
-542.0872018034245,681.8982597766139,895.6388196499763
-486.9211125327488,571.5894402645855,765.466444623911
-485.88306311330484,554.2828947714315,974.4389453415225
-479.8233585380399,745.0705500332092,1333.0514257914383
-469.54131479794046,562.5837229654117,1089.8047317990056
-486.64485942939086,585.998716405622,757.0304
905.0729786859283,596.9679050633924,-760.5622614912972
-488.53831561419065,917.7354640358824,1371.8432063516657
-416.6131745460807,515.3303252521225,1147.9228858522529
-485.8856921809015,616.9316198742608,989.5761108328342
-541.5807167980847,703.5810323941188,1114.5900719763108
-482.47112623115254,546.2092797191553,996.6304916383267
-486.33343526643466,593.604562817734,850.1841902669114
-546.1339699841074,690.6350253801556,1069.7805561503526
-486.66468352912125,585.9756060213647,856.139
-480.16792466133984,709.4101155974308,1170.2848534394027
-486.6419486525467,585.9858143771157,739.8966
-516.0984309468631,640.3574436840731,652.730147673064
-527.2167374644571,536.1319931867408,810.9762178535595
-526.8883198966514,686.9729012306402,854.794186926947
963.9158290157484,611.4742873350817,-788.1435259142763
-546.9267778130234,606.3049912098121,669.2020750895584
-474.4054652512177,573.3047848034145,627.9448709624437
-502.3181427065738,751.2228563519618,1324.5771187048401
-476.85130456089337,593.7244650252826,997.7223520904697
-478.65088774660876,471.1049213431338,442.02764036234043
-553.7649395470376,590.3552839494006,1098.8565890905602
-478.2283468788587,575.7443199493277,1123.5110123459788
-505.5226947809306,492.7277344182053,646.7872910821914
-535.5414862885766,586.5806197266331,877.171672054185
-486.86789046638796,577.0029831865513,1011.2043332100427
-486.6505064257801,585.9786585023669,955.1216000000006
-521.8215683359435,588.0660686748953,921.6006813287498
-538.0259436317156,529.7022728163015,807.68227268392
-488.46371526161283,610.8973460078831,949.6463653026199
-540.9487354785851,692.5029561347799,1082.424267803323
-518.1657895377273,567.2904035280033,603.9834502828486
-464.22483467903476,489.6905037062018,984.7018630023256
-486.6490067633549,585.9836887392692,927.0576000000008
-486.6357519156336,585.9770173071447,1002.5068000000001
-524.9127745323276,619.1687928889344,836.5638247568465
-479.78191926119416,585.5766334402763,668.4481641705735
-501.9563651368567,644.7473082026265,1212.2482136831268
-516.1813221916107,626.2528979111971,795.6413195757964
-487.1136039722426,594.0685339241511,955.6622361162887
-501.50227040951336,585.9600009499052,1139.7794241603385
-482.59843944256863,689.0172916815543,728.8723645553366
-486.64845669392344,585.9904761916148,819.4058
-467.84838371828164,594.5219429098292,1063.2198371781578
-487.781843825991,546.5102429123239,943.1774389572449
-493.42227443135334,588.730642150691,626.6976534962681
-463.60491422554014,506.99907777032763,1489.9452046452257
-540.4475321167843,701.1575729143311,1076.0621251882176
-510.0629867904622,587.3680952971735,812.17256599265
-501.5358663406805,649.9716499970416,1285.7720422192388
-546.9095739480363,607.7364356840137,699.0704655194311
-486.6745444799926,585.9687616979351,899.1578
-485.01267936856493,619.7387166586925,995.3704118537146
-486.87553332379093,562.369625013416,800.3901462693057
-467.06900593530054,674.4993571441188,1444.06616215208
-486.6542787678127,585.9823100482258,1033.5610000000001
-465.2173977190837,682.9062395700915,1652.7363658714596
-484.3682633147032,683.2097744080775,1096.8648642144026
-499.01160890995834,539.4553182353175,770.0806741722481
-516.3193410054862,477.8299070876533,1350.1585820749815
-471.11437791030323,540.0640051667056,614.2385315601691
-486.648879175963,594.5394872925898,979.7830751251634
-499.18832674458054,597.4735198528797,973.6717096857982
-560.5844832140046,704.0761439097384,474.70617626895756
-440.08148375945666,564.0811245894492,816.5737901496018
-478.37228858173216,510.22422065128944,834.2074501807613
-486.6482691524202,585.966717771473,972.9088
-494.0804212500525,585.0870918308779,1242.5182202661504
-539.7381303621025,620.8468890762365,671.7334075249255
-537.5178735990244,588.4210415174173,614.2709287432264
-495.37366013414885,617.444951770553,815.0534537616334
-482.5247384095969,574.1886707668659,879.041513217303
-486.39644408993945,501.5167923083036,685.4791904868741
-493.4527909908934,585.1597646183575,1073.3906096857945
-530.4260338161635,692.7487366307678,1415.716736938033
-487.32865319326083,683.2637809195148,1358.9410293233457
-488.20311490702807,526.8423113765728,1116.5381536541097
-531.4932110807315,695.377164149975,1468.9735434436507
-500.5472311709209,639.3743983681245,1032.5902161202855
-529.3366506704524,644.1801395739576,1102.2095458625258
-487.0247524006015,560.6749642779048,652.813651872681
-486.65509228372207,585.971728834706,735.3972
-538.7244384313522,626.0269815588656,858.2031158188947
-490.01123374334384,457.3542446449399,761.5889293182908
-532.2169652186724,697.1124550137513,1504.4786065921287
-493.27917034460324,721.685825318322,1048.7877525490978
-510.4141419524458,593.8711524426105,965.8356135351761
-506.35416041300005,614.9528148378541,916.8832851936493
-497.94259107117887,596.3148180882044,801.7557436285106
-483.6028989072388,513.5451177140367,759.6532275758627
-544.3374250293182,659.1604523040917,748.0953755033481
-499.8179052071264,642.644019740234,1052.4115054150395
-522.054018481444,579.6550118151073,681.9478123092988
-451.73155776264184,569.0242010944928,841.9469671339756
-500.27974370220227,573.0272052488396,889.4819860698044
-519.125554407801,584.0685347672545,534.6768773889112
-496.6298045645358,612.7293426120984,990.5589898861645
-595.7913737360054,586.8392215711219,835.2453395387017
-573.1834813429509,606.2406072612757,752.5157496570207
-468.2396904623174,516.5115428866893,1282.9883353492392
-487.75954048361746,547.5207472884382,899.8923047905978
-486.32705436439846,593.3092923509084,788.0511839745401
-590.5056967232065,586.7953794210632,758.3410310044937
-538.3587422147948,602.7198004643926,494.8033373037117
-443.3199476930258,488.22001348506024,996.3564165067702
-533.4930911075533,539.7672833598434,560.9282139437922
-504.9370313062461,495.62726661660145,603.4634479407671
-456.50935947977723,582.4874278974551,936.8187206477395
-486.6504432862798,585.9909278567111,969.2006
-486.66265099692373,585.9768530092501,761.4015999999999
-441.82847450262443,484.8998743013019,1055.8581512317444
-486.6589174401131,585.9866155786353,886.774
-486.6356008340149,585.9704831327333,951.4988000000001
-557.2036904553274,636.553563987098,700.0455977033128
-483.4166512116276,620.4058805715206,1150.8167891978246
-528.034510433122,642.4103693976358,1045.8033683481142
-414.40127111098764,513.0779865281779,1208.4708805054465
-521.8659419024602,616.5066667802803,709.3178451901753
-485.7250282669688,623.1072688653635,891.961909367486
-486.862084713513,562.7582102788624,776.4632897110729
-485.7520051552524,644.5457532999626,1057.658753336065
-482.1955722653115,532.917136947898,1053.7380904507597
-486.1110614433396,589.1885584084753,907.6638444371089
-492.81076108744446,469.02657135570325,727.1833376647486
-509.4059983007355,584.113523532594,852.0685555695766
-486.2162846186361,595.1409720310413,1024.0199904348335
-544.2111447477096,698.8768083822813,1192.1803270898195
-495.7501186459226,412.7939551237556,864.2360541817767
-544.6208363572664,589.7664188214568,847.2526706366936
-559.4093089338612,685.7217995593721,1120.7384087989483
-500.0806347682965,637.5737904424191,972.7044959217963
-484.1573640092465,692.6986946127979,1277.3113339708425
-487.0284892199513,561.4119890964676,611.3310162765337
-474.900244526582,521.549743582973,1051.9869126947049
-490.60039115935706,692.4541607124247,1205.7351774501874
-506.0853244150701,632.3267413885251,892.4029033359526
-487.89652002076764,550.5779835215949,1053.2613019233138
-498.4316432914288,529.2092508188321,169.70587134418298
-486.73056631207737,583.7219774628702,967.5854572894394
-486.64918676518346,585.9835464520681,1203.697
-541.6652418621488,670.4420153199292,1159.3849210371723
-469.3331543484551,585.6114099594135,980.9773152911107
-540.0032081023528,653.6792038967376,635.5732288124668
-478.2571315817363,601.1187878030199,872.005538654798
1244.9459756604683,625.7224234957082,-804.9640909514874
-513.9180593109427,583.7421996065457,1169.8344790376698
-486.65142155150033,585.978186634422,667.4681999999999
-559.1043655415633,637.9385377513918,739.3310593569189
-527.337603532329,612.531941746152,1321.291892361809
-493.14468160555725,462.2533311066036,812.9608628962345
-486.75021992410916,591.2613184133559,737.9304731065367
-540.4142418668034,691.4392694609564,1064.131426775394
-486.6431543153062,585.9910709050464,970.988
-493.1404838444337,517.97814213168,989.9425213505915
-493.39730871194706,515.3484754296203,1057.3417633105764
-466.5766214235673,585.5483389468636,1256.8165277875114
-486.64885186232823,585.9756121129958,854.8355800000008
-502.715561971861,850.8177754516516,1719.657228587805
-474.33592194135576,489.5526149727689,394.2686664945453
-539.584911818049,735.6966944243795,962.2873479585801
-486.6417032420418,585.9915359234833,821.9300000000001
-486.63494455696355,585.9807206374176,853.5369999999999
-550.5930533953256,589.2689510403632,928.0850693942699
-483.6141799144848,618.2562092903855,1031.4068062867302
-526.4615027444897,620.4874182128617,900.186470386366
-513.7091389884677,588.7019703289019,384.9051535820989
-473.7069246222659,557.75074219217,1222.90602988605
-484.96910794536916,622.7757178989082,1250.8623253820876
-518.8527164835964,645.4812289403349,784.8404992806963
-500.45476862262194,645.3043731384189,1137.2699591216328
-505.84845185191193,631.7813465273675,872.8951369341311
-510.01378747269973,584.0533641271486,894.437245280215
-486.11754242371717,635.6043735457657,939.7572868703386
-557.9642484263372,522.6077709659287,880.5545927370763
-486.96649020404993,571.0700495761273,916.8302487413212
-485.10920252578535,469.342412652198,538.8544283633377
-545.4841010369623,689.4830442543005,1049.8502978292083
-526.7052710067671,586.4786160932913,583.1524795940986
-486.6673345861368,585.9761946198682,976.7902
-458.79638953828953,629.5931262341384,1162.2991050252067
-486.6455331021648,585.9727042810173,975.2714000000005
-493.32197980279966,583.9316665282049,823.4850027724991
-483.83530416127815,660.247224338059,1347.7921630985602
-486.6412993753738,585.9902972268077,1071.42904
-485.2077498571746,565.8396067938756,1161.2701606290866
-486.1918596013702,631.7813712844179,1024.968926283185
-501.79757288757855,619.3502758217746,1324.8726319883
-495.2365969865191,586.5213244793924,854.791016797453
-487.8095869972699,546.0089730600295,964.8201001401878
-474.9402623257529,640.9698495143822,1045.2753221375642
-525.8566980810451,567.8323936693355,1099.2926940750563
-484.319971685215,685.3285906388405,1136.963594281184
-544.409274116334,709.6534258626817,1210.909240977189
-521.6888913118537,583.3075794320184,960.3404344525169
-486.6618730184664,585.983106809033,916.5662
-480.0053448313661,627.358386480317,991.1874682109117
-479.07307399546016,576.8136236635883,931.1432229624361
-464.5879502488124,593.2353790735079,1014.3158117248216
-474.13447025900814,644.7500078060656,1168.7552280797454
-491.9746503414742,648.8514361705643,920.2029047254556
-499.0925128311351,500.7137443216475,623.0369683585487
-486.65688034015216,585.9708965784896,1073.66952
-498.73159608233505,503.1961868302076,582.9270731882087
-485.10525574689336,564.5067364264555,1289.0547117556036
-244.46043511582548,509.31469277713927,1243.0657475692299
-509.1754016752175,684.6642305565512,877.294255337303
-498.36374128633497,505.684520194367,542.8175856628686
-539.2957553528531,634.6336414083983,909.7088683198837
-544.1457812615208,583.2233030482582,663.4688487754665
-553.6114067072581,590.3653671050442,1061.9898960151938
-485.23900687746595,572.712313343216,785.6273597650704
-488.1710066176661,552.0003472740188,925.7408609312677
-493.7702770903247,611.9153127952356,979.291729431231
-549.8104075485503,587.4345521044172,563.1380986286536
-521.8507343418087,632.2908266506549,581.8875988220615
-534.1811805437478,539.0840656676513,580.5258157514131
-485.0952054790105,525.2583919137577,853.8676841461024
-485.90398967960164,555.8573646028062,888.7125561949798
-466.374157188603,586.1266559630335,1063.5265397336489
-537.7427937685129,730.5486429471528,903.29815452664
-484.0331957423068,697.9733656904866,1377.559219842098
-499.30880502213813,402.96073273392994,1139.416067887768
-486.65264165265216,585.976562679733,903.332000000001
-483.4869118592983,700.9222703660989,1169.2209151825218
-522.4744869549697,586.1719459250575,949.5175814679076
-486.67322616492993,585.964203773024,858.7374
-506.29548235446737,576.7740017722745,782.0077782899381
-498.05990568193556,575.1487452954613,619.5964909638689
-473.0458333793076,479.31031883608466,515.9148884657533
-486.1042984324738,637.7577278404182,1013.2786008498705
-462.69212773239497,568.7574272694318,975.4998283366021
-479.8958527949849,743.7980682020075,1316.5225304607948
-465.16136441161007,586.1435410803074,1170.8707382363154
-423.50607710208214,690.1395100097604,1251.8067956401746
-519.810728607014,614.7291345285255,624.4878290748733
-486.59686080045594,587.1603251422026,977.8980133134295
-527.4657085256804,579.8457098365352,670.7232450372447
-491.2269684190701,627.2362074670855,1292.2969225651807
-527.1697851016884,710.6057347486967,1321.5248755347575
-488.3270333926921,609.1341608359193,829.2419789629329
-539.762743049441,602.1364428892751,940.791637514167
-466.8283452262367,586.6106171558755,1074.9503023850339
-486.66453619824324,585.9900357957799,1237.357
-483.29966675521564,506.8180440074421,900.1182069815388
-561.0041466537946,639.3145158506513,778.6168437807936
-540.7887924260754,588.7582541610464,670.2244115933466
-536.8264711812708,588.3691755847981,595.4611236848234
-499.59004002774145,537.2734562452661,841.2112774410757
-494.60032314797763,604.3685548867361,1412.0052339290908
663.0236191159984,606.273658419932,-775.4125515818178
-484.8855024171089,451.65023526640636,734.7688172003714
-536.7442864457084,618.8515179149567,591.0093429037361
-486.6590663830061,585.9765673776501,1015.431000000001
-500.86745522471483,640.5679042988404,1072.5141758854095
-469.5729706014813,585.6083084117681,959.7591903220822
-486.19582003264804,595.7367481763787,1140.0666056269274
-553.6655761441575,592.7725350154482,743.9996183939868
-561.7943402331684,706.0093289991262,494.8504283922847
-486.6698623351167,585.9893777472986,948.9424
-606.3442791561042,841.1013000019802,624.2292718296612
-486.68170107024525,585.9904137820878,969.2626
-486.64813706788436,585.9775382291464,1100.275
-535.3569154866072,536.9242155322208,710.9837252468574
-663.0382863197083,681.369192423487,735.4606686164608
-497.33508064454054,431.41492287982874,845.433782725955
-466.1367735208387,678.699312020893,1548.4013685006782
-545.1887659444883,660.257304655956,770.600372550336
-535.7393071251422,540.046907236766,1139.8906686964408
-521.1655727341449,586.5440764764625,851.3033748763474
-517.9119768233538,578.2996601506377,862.119513134334
-476.2220734944499,585.1721219747578,1128.143638203464
-494.71819882917634,591.5339056883915,929.9715572176192
-536.5152074690257,584.7925614208082,1367.518776361329
-477.34509439709745,491.58730304316066,711.5445113444528
-486.6508326299281,585.9689658033112,873.6641999999999
-516.753068500559,584.2120936904771,440.63845345046445
-497.22311484080456,595.6982759400587,706.2469077908272
-487.9312439931514,632.8977821843916,936.6610001912829
-554.3189533659393,641.5694127964928,748.7611183498697
-497.47325168331554,615.0286116507116,1139.905353909447
-459.2946428193633,472.16013156973304,950.8756079062402
-466.8507410658631,606.1742339016034,985.1292144412346
-483.4930518164979,551.471729172194,812.253837895515
-482.5214900243677,536.9395510168282,916.7171348067252
-486.63975925288287,586.0082906261637,865.1964
-483.30763808246456,553.7394280494332,1018.6990202080156
-511.2939076224775,587.4304101594768,893.2043128097864
684.1341602770408,606.6428632597213,-775.848599731069
-543.9546251665251,589.7127318612651,827.8972658127493
-487.96567839809086,634.0921408360443,979.5721306539173
-486.90854793644394,522.2159157904455,928.3626936801672
-554.285030263833,590.4058188197073,1080.021902003893
-486.1811582768064,610.8673014928045,1144.3393060664916
-496.67025902979367,440.9037649490781,747.4400328325896
-494.09309741438574,738.201446483054,1268.0755966527959
-521.4585416797554,677.9698012118779,946.5254190871356
-523.8696163188583,588.1843124652806,1018.4816612368745
-486.63742581440283,585.9858400186386,997.45184
-484.3136295459417,629.4844970520008,905.9914597641779
-455.8458316021124,582.4148996855772,973.6583109158007
-501.63305474359663,611.888984127967,1394.5017984685123
-486.6713757535895,594.4188088203376,959.874645115631
-450.91639461351883,603.1171828554643,976.4265070195017
-536.1298648660513,588.3450364869332,576.6514462288433
-500.1744171041962,581.535972580507,1219.875808365383
-531.2298480184368,698.8141896895951,1019.4090975753656
-585.7095584050512,598.3616791601182,609.9105315329791
805.8134981816547,617.3495927391361,-859.4425633181854
-560.7813799547484,646.8677129431464,891.992362618416
-573.8325671273737,695.7366714776936,969.387785521748
-488.184607578263,691.8246232094461,1100.3000960047293
-532.9863558509021,634.1264768095342,954.4539435282945
-549.081976200508,615.949468986918,950.4484871398797
-486.650043036811,585.9763709892203,847.807
-486.48190663488094,545.5613834865333,869.5133789689144
-466.82124167928805,594.9916336588012,1160.5390128593945
-504.66835474470736,609.2658220054868,814.5283468251934
-491.02059779496676,486.32091995960116,1195.2213862272592
-486.66465181654394,585.981644933941,884.3696
-485.50751008854513,568.4729918095502,547.0133616973301
-486.6395611587868,585.992578112033,1286.2386
-485.12353777125554,526.0146593686985,833.9693111868118
-560.1422202150266,686.71758732906,1139.4387409763322
-513.3417897413344,488.719004882244,1138.4256264101425
-489.96240577241315,458.9123662137857,743.2922185377356
-499.2686057531348,499.4696989358072,643.0917904784587
-528.1325049894826,691.0069908348652,896.8920497555554
-480.75186986920426,564.521225147101,606.2971172711582
-550.7741268572263,587.4615447820504,583.1325384265124
-494.76970770630396,431.70503242290636,687.755103897484
-486.1936710603818,595.837278350678,1159.4077024708959
-486.47980150293506,546.0415515289649,850.3367178224462
-479.91259488704736,627.9219260789716,1014.5601179052178
-487.3582206506121,506.6138108327734,647.2137223568586
-531.851473305358,696.2449392754106,1486.7261281041503
-486.62888553246785,585.9906126190831,912.7201600000008
-660.7142255962171,680.1156198155186,715.8883078277624
-520.8708419318564,586.1661212519774,873.1182073986856
-504.2850093211223,583.3958318213945,1031.0150697597278
-493.5191652849285,588.7594382556647,644.5228609643834
-484.24525869730815,688.4850538411508,1197.1127224306056
-509.76017693273707,587.3549081545526,791.914553480246
-498.14502687022787,744.2759278543981,1915.8167137625135
-540.864050887687,654.7640913524976,658.0784278720824
-487.16529648420783,573.6192034148609,453.28894191637136
-519.923466940905,577.8015895448373,965.565323033282
-525.0671897548332,611.0469859703884,1205.2805502191713
-611.7792818252497,852.6825147998456,686.6597273826652
-483.3973724321588,554.5816176404087,972.3941972878441
-608.3317330347677,599.0908166876193,236.5359702551265
-499.8229193756712,581.6451942827698,1169.1366407142266
-547.4306789834659,705.2639728136378,1301.936851910796
-519.3262159163605,552.2232032240629,988.3198652517583
-524.6994360356725,610.8027846751392,1185.9450831143074
-444.62677136132606,488.4783762365621,940.4435515584023
-538.9143466853707,588.4889057825512,651.890145912879
-486.65235679538,585.9821349072035,925.9110000000001
-465.3675611587523,586.1440663521953,1152.9800746594578
-445.726094646152,508.6707499420892,1166.651533615894
-486.64647561412016,585.973904873063,934.9718000000006
-482.93503248798606,767.661455744739,1244.652150993998
-482.9842685136191,534.3640924905626,1055.1378653143506
-503.4807191413852,583.4910281250609,948.6229260182313
-486.44340920876584,579.0208651563896,666.7029299648161
-463.50319368340604,489.6334873740275,689.2094020489044
-482.8404735024819,685.676372343099,1132.7347987152446
-513.954241519596,592.6374709137792,715.6231413948713
-483.43617861664825,703.6335797581,1214.6712062490144
-499.90805413215185,543.4267114941676,974.0973716781364
-488.35540148514656,609.4271963145862,849.3093827849401
-486.65266348706086,585.6772317098789,762.4057303587456
-634.2487178605163,587.7669444999481,675.436063506806
-485.0261515120228,522.2419076214259,933.4615832467218
-494.3275812102297,440.111469761753,609.3193351684429
-540.888923257944,679.8101930121184,859.8312441752727
-446.81224466179174,530.1431435853615,936.4516615094856
-533.6816572436469,600.2805612765916,746.9734960624032
-486.65106344689593,585.9838633796883,1054.6151
-478.4450720747841,623.6461821961643,997.8078161865466
-483.4529573396867,702.2781311741896,1191.9460253939615
-555.393329118227,592.9454318193042,782.3553634471962
-513.7580240614984,715.2103045708748,1108.5320635995242
-506.9031908315101,647.0963664443095,688.1002004195116
-486.6313507666059,585.9820200979607,850.5354000000001
-469.6005611256128,640.1795154794161,1566.1168031562545
-458.47840631985446,630.0822733665099,1183.504995425513
-486.73180847174444,578.9133850848168,658.8323306694069
-502.8457486480934,852.7546454559053,1737.7740987753002
-488.92684571026575,624.805728559169,1066.0730967691447
-575.9767549042858,698.4607887698521,1011.9049401032921
-470.43332666516176,458.8645555131561,759.2108614312283
-469.7390388471333,562.8457678049285,1068.9515219072528
-487.6535886134934,558.2014285850867,647.0082263837269
-524.5170482237318,688.9850993571665,1091.343387566506
-501.05198973027905,585.958857536724,1082.2811750594951
-294.4288836044989,672.869094912902,1939.935256040893
-499.88525753549357,536.1933317033577,876.7768204577915
-486.65024818016764,594.3375499947782,939.9660211913882
-503.5264677196906,667.8670381461202,810.3719275723994
-441.5954840085001,584.0783101806574,1445.4491144496135
-538.8434791619366,533.4262584446421,815.2111514972777
-492.8481786882137,584.0645331850178,710.158939921181
-487.50428967732296,627.3734018034149,941.9636027550931
-524.0240161213355,679.7572814319853,739.9275711763805
-486.65608302669943,585.9755881927204,914.4646
-510.69909563901274,533.8201372543224,969.0792652631637
-499.52605050513534,560.0654607968179,802.4517648206684
-486.9325731776471,517.7403439660557,1046.3026962805454
-491.1953518781547,626.9237069383973,1276.8144356049138
-426.016199821448,686.0013891473268,1172.5766956644227
-518.3913654731359,644.6197986438037,762.8224635250401
-511.8790679972344,706.2167095394677,979.115810950402
-484.6057759250866,686.805456647664,997.4648658467393
-486.4190146218766,566.4579033751785,680.5445053643008
-557.8543396280986,599.4100210354145,354.59610804478353
-486.64002180636885,585.6636463301934,852.9089312152046
-555.0458152935328,679.7443585701178,1008.5353663954262
-483.34030216772953,646.8532509861556,1137.4265234450484
-437.6742781356479,562.9279040410593,898.0370932567298
744.9924265268401,615.8859024474875,-854.3914975625958
-495.33969090731534,586.5271616864704,873.8547513231822
-498.9750581924277,499.9015904226865,651.8909529798013
-501.0789600373805,617.8103767105868,1228.7575040217707
-479.93409987480936,742.547420108976,1299.992343572975
-468.7579377443101,561.524062326896,1173.2174436053103
-527.9170572698495,591.3996814784656,494.9367968802274
-486.653808176859,585.9606524887072,851.5132
-486.80779379689193,547.6285644934483,679.2385763571132
-486.63474851676347,586.000186683141,578.0574
-479.27902182385515,585.5503500324157,775.2632356727445
-525.6646522736257,538.0432850062491,751.2453002622958
-513.2056798426584,588.6590280874744,363.87040365188506
-487.47198812689794,626.3900872507918,901.3273492841095
-486.65463770863107,585.9781685491185,838.5272
-484.85145264741413,667.2937711557238,1091.9670009228832
-486.6362782460633,585.9844976260216,975.7471400000009
-544.7364377685994,613.8682143310948,832.0034370432116
-487.63717391216096,478.1840773312833,1108.0794835110805
-523.822902506909,583.1504911568895,1065.1226372643716
-504.1836204617862,608.636814890418,772.4216013489195
-606.2476311855405,598.8618665013691,219.69455102838268
-510.78692851052483,568.2245150960617,541.7951400683269
-651.4331617981607,675.0868030946654,637.598150300553
-485.02717250992805,563.3712540336664,1395.541522119255
-488.2771704632346,524.2302754423156,1198.8603713614912
-474.8838731412525,560.3003482733529,1044.1323169359318
-486.6554830176224,585.9769134470417,807.957
-541.9993923913969,622.3288715352601,732.2762881491462
-562.0112675518612,594.7063080352177,444.1519826286583
-494.2213004038181,613.4702509855902,1083.2616832510332
-464.58100748610013,586.1418309970165,1224.5430711979552
-421.5428898242901,500.0506646841068,1010.1493462017784
-486.9596804111991,569.1098307307653,1027.3136928684673
-484.93779070488654,570.0223699406761,1097.0517436936013
-486.6492222727443,585.9727603316743,1107.721
-485.87705030053803,617.3045218944592,1010.8264076702351
-486.6369037539853,585.9939217436886,1265.6032
-486.65767206057353,585.976877387561,819.540000000001
-547.3630170010099,532.0300815566274,637.9390722664735
-501.49797210873066,611.6402873984889,1374.4094213568635
-543.8396535499737,708.4500164040791,1191.6448546517045
-548.8539249447722,590.0326762125495,963.3771314677576
-486.6535775384066,585.9866053075998,1184.8135
-498.7087474662694,547.3180646124042,816.2850736713592
-514.697581160071,588.0609585575272,836.3686344008909
-486.94563159922745,570.5525344283839,874.56940688044
-485.0293795317625,641.0434066777764,1055.245901396662
-498.649136029072,587.1611814442963,1502.3167240611028
-486.6522490586449,585.988401645434,947.0716
-499.893354665963,493.5103526424445,756.064711457066
-501.56544842322637,743.2969159399506,1225.014143544242
-442.52995641628104,483.6411067551478,1024.3172173976336
-486.6683513017224,585.9613986323884,993.1414
-480.1097169741547,710.6517619800825,1189.6580659811302
-475.56498130309683,525.1881978432953,949.9436561067802
-544.6334114404742,604.7455024740923,646.0915934684939
-461.28847586690654,549.5878412107382,1012.7988900216981
-574.896609038517,697.1017740534821,990.6465570769201
-248.77890242369676,510.68111439384575,1207.5440989920194
-519.5871477065675,629.3008280911615,495.79055619550184
-493.3874512102075,656.5772819449567,969.5905921500017
-493.2362586351903,583.9630133343203,800.8197486574829
-486.6671714869499,585.975511339243,893.6894
-515.5561607405316,584.2798892073329,393.6196123517606
-487.4477037717752,549.3618979902478,854.0075694868601
-540.5077390257518,621.3195343737607,691.9144018937629
-486.7600301712678,591.5539688988138,822.4937057525614
-490.5677415254254,435.5849296630277,1017.7464861276852
-486.6612070129595,585.9784222807039,815.8542
-533.4506355732826,634.6354639571588,972.1931080132767
-486.65015821892894,585.9739903731277,794.6514
-485.13575563125096,619.4730850360725,1071.6001837920448
-486.7508076444219,591.6201326078121,843.6345471078753
-516.5454102606254,588.1886790006557,940.2194091388088
-530.6330320178586,599.3677478035942,650.0645287424808
-482.4657496178206,536.2720144491328,939.5540463724383
-486.65110232941265,585.9833778317757,841.282
-486.6507499087638,585.9754555469437,740.2964
-531.9457188007643,640.3171792237385,867.3579936908043
-528.1424823330594,579.7149482804989,694.0272074926937
-484.3942090882015,628.143623759515,855.071380891442
-527.9751372891947,586.4870770328566,625.1549970956484
-536.569857253058,602.129414352188,451.5781238414984
-487.76842520723767,562.1892326969207,888.1556839556159
-486.44419345501774,579.5501061158861,564.5800768089798
-509.9579459371157,633.5667521789685,1421.4261967655402
-646.8004281329754,672.5657833393814,598.4526555139655
-486.64956195051127,585.978732825217,882.3503999999999
-488.8774902933724,623.7977424052465,1019.3790115465724
-486.65632291106704,585.9883099329793,669.1302000000001
-442.0114970525319,482.442223577204,1045.2865749038126
-486.72814701267316,579.5256811422996,535.4362968751075
-553.4357663488174,618.0222208477912,1068.8933565488103
-501.4991282436549,489.04059011614834,994.3320188325192
-563.0084188350161,707.9612085067442,514.9926330759845
-486.6440237646939,585.9819220482556,668.482
-487.816630261756,545.5117687709914,986.4628863178447
-510.3592822980845,587.3843247999852,832.4306733497756
-512.1880404996682,707.720758634154,1000.6849363496656
-486.397125574636,594.640111905778,1067.4365604139123
-486.64710355457873,585.9849756499133,1006.73236
-493.8515183085551,661.5944706446476,1091.4736967561248
-486.08956349799587,638.3055557850815,1031.6586338698528
-534.28171944318,600.467722683335,766.3555242361351
-466.889101891828,675.3316912969711,1464.9335194618675
-502.89329962548595,673.1485498404247,1062.877483232627
-486.64872086382866,585.6677103881643,785.0315289500869
-486.82206030236557,545.8843995421821,743.9764841608264
-532.1383583605841,546.6066341712956,777.0355632966681
-427.61474162443346,547.0585827418604,1065.7340301480585
-499.47354138673757,581.7687241427675,1118.3974907682568
-485.14259497078365,564.940804466487,1246.4597312196836
-530.2890371211572,638.3343918345281,808.2396837245683
-531.1324557313171,694.4896514065554,1451.2218412301356
-482.20703341136436,561.2159597841842,763.03261286962
-443.7909510324689,434.6793622011096,992.9581858469725
-487.9357333438288,594.9941217068376,1167.0191714576492
-484.350362937359,628.603296793833,872.0444197319767
-486.644464245521,585.9825181791143,1069.163
-488.7245549033569,945.9653994652756,1552.6167732171984
-438.81641972291345,417.0682260183978,1195.9926815428198
-488.2391807959316,586.8256624255519,953.7874643289186
-539.0713553011667,676.7006743907186,806.1195126947845
-486.65986666789786,585.9706045698529,1260.5546
-449.35575669677974,567.8443200369036,950.9510409904444
-451.26315189810293,568.7751885787027,863.7477797487384
-463.88168344547466,593.4679591179839,1070.7744165359447
-509.4619214639947,657.8745573957166,1040.0582288982664
-499.9369217358751,581.6256188369816,1186.0497562278058
-483.87548025779597,589.1294985403231,1448.9829625712323
-515.4790254329776,625.2672573452664,757.7213305145925
-482.6996891086417,574.7166608406333,808.0862510505558
-482.35167727513,695.5124548281922,822.1882436642969
-515.106478634475,624.7756095951756,738.761690779453
-485.2347190303419,572.4880595428313,807.8716048665757
-486.6497567697111,585.9864395524869,947.1892000000007
-474.20663164101325,573.0967285845423,650.2788298596362
-487.5197353872463,546.2624825193059,989.9399793390153
-486.63329083225653,585.9728256193714,864.0436000000001
-486.45108883469015,579.6424488263938,544.1554383068017
-421.648060653406,604.019823995161,1106.938487444797
-501.1788695890373,484.55482889975536,901.907346378914
-487.3716371216933,504.3333645194457,687.2383903751294
-479.9964135066398,741.2720834888016,1283.4635822622915
-526.4110295785076,685.7676956546536,835.6499008384575
-516.4541186315332,587.7430998878525,1237.590260461132
-484.7257749760074,681.0122584139917,896.9448219890962
-557.6136790451365,590.6285085774477,1170.1830895679434
-484.90798095005266,665.5717021341093,1053.0521541237817
-529.4514494314751,548.9262575296004,686.6424211942882
-503.89463769664917,870.237082919378,1900.8227432376384
-486.72419195207885,583.3289581340853,1269.7138654923783
-508.7304587665392,476.85248624787346,885.0747678148903
-486.72521831747645,583.4445123006849,1183.3914685806176
-468.5102185102369,643.6535499573506,1714.706854942961
-474.0679552341626,585.3534246722908,932.3328256597462
-510.1534612853502,734.217433056564,880.8692384437617
-486.66610860540686,585.9779061030769,972.54044
-490.89555130080134,700.0177580780578,1344.7881651918174
-486.80671591430837,548.1991800266026,657.6589115148347
-486.9378315130275,571.8472225491721,830.5343222838217
-550.2114354152777,582.9366466466452,813.0453027231795
-487.37534529396044,592.4850549310468,723.1202457415943
-522.5457761159969,583.2392686704429,1002.2532399380401
-516.1559957183404,584.2472016339543,417.12898632814154
-487.5221776792682,628.3682698084024,982.5995571201487
-502.1304428773151,503.50601354111063,337.04564099462044
-649.118924282101,673.8333091835082,618.0247815072549
-483.63180426789677,554.0858620890081,1133.339190989292
-482.8007344204277,773.8538668785266,1312.7332953137034
-512.1387487382826,530.6887241291024,1071.8657801035533
-538.2644162223739,639.6380155790408,1149.5830196552183
-503.4635910361344,496.43582381269584,430.44034639814436
-486.71614216083026,579.1503805261665,818.539202749628
-569.5858700280455,645.4656093784708,955.4026725943328
-539.2764371256592,588.6935798491777,630.5536789115723
-478.00028068740085,498.20788646896096,608.9888696564091
-656.0801391653636,677.6023573468981,676.7425046727685
-484.2281160360021,588.7260889920069,1177.9642025753715
-482.80107548301953,686.882784560765,1155.3678000987998
-468.0540145316372,594.4417941093384,1043.75594284158
-486.6524353717846,585.9872897003411,904.8998
1304.1234047363905,627.0870663938724,-806.8317618896108
-487.0995680447479,593.9677561053907,934.5934450760608
-556.245729696303,635.8807914367851,680.4025935721392
-486.65545893637955,585.9827518721943,806.7782000000001
-565.9595963479878,595.1692524518087,506.9273024698935
-505.8953881986008,614.3189335068295,880.3969908458116
-502.45381014243685,705.2037366075263,1170.8254916212622
-535.3394009350961,584.8199128520012,1317.1573230997599
-486.6401113060474,585.9921613648694,718.2368
-552.3627046139873,598.3850254903282,269.29691205590166
-486.37719687606614,496.09540596704323,777.8017796272453
-486.10920618609657,636.6805090402778,976.5179598494594
-463.2121342896503,505.5570423511376,1530.7413886234738
-488.1713189202105,528.1406606691678,1075.3768228984168
-522.8777527709753,617.3909991657204,751.7333280942023
-494.50816117713794,591.3917179362218,888.2748277995315
-486.65788405553076,585.9852787013314,828.9736800000001
-538.1266423220327,534.1428287624283,794.3667217783548
-547.6035452338588,583.0618098363245,748.9414469499159
-469.05674612971916,641.9231366036347,1640.4116116186287
-486.7506480629602,591.3985861970095,780.2121314944358
-487.95472714057223,595.0983007561385,1186.3253366572226
-493.3096386401926,516.23808153238,1034.8758961169474
-485.0509150529774,639.8072238147142,1014.5461715365084
-497.0903696074006,595.5680405925777,687.1451015464983
-520.0866997130177,566.1580683814038,687.2160033285406
-510.9789932603653,587.4142835245829,872.9464841736869
-493.6366075257065,729.192764121457,1148.4641095608492
-498.8178475504701,501.1666057265456,631.0549098405928
-485.935499642726,615.0371070804133,883.3252755240071
-541.4976956733306,680.8671983035947,877.734256104984
-517.4819242666181,642.9080571696445,718.7856537274272
-488.78881790486935,622.3042517974268,949.33734127109
-460.7163255416135,548.761815075036,1052.3881238594367
-468.5646455917049,561.2627602722241,1194.070712528421
-476.12511374858923,606.9202258701987,1270.569815050301
-506.5675517379286,615.2607775413952,935.1267629673093
-484.97852264776907,520.7421108957086,973.2588772869833
-512.7955580956911,490.7006665280651,1099.9288592331172
-535.7281884912006,584.8105537014658,1333.9445276027511
-482.3364024283103,573.6949485453679,949.997068461784
-470.68356342161815,460.916308932166,734.8818507641364
-482.27779566131403,697.1495453516557,845.5162939631225
-540.9345878064387,605.565049754761,554.9739124540966
-487.2504671242573,595.4806315375833,1157.8398900054226
-488.18015324352973,690.7402246677793,1081.3180886972773
-483.9855181091634,619.1735638749133,713.7137779269542
-486.49764196511023,546.5169987829429,831.1599249362372
-486.6624583808207,585.9764694551149,709.15092
-537.9398120202618,537.9934939239722,1223.7071846025256
-483.8868225362655,559.2084207545959,717.7175616687791
-484.97539197049036,620.5677195440858,1038.103148276375
-519.3946851702567,587.9215616485845,805.3429246566214
-493.8278422219282,590.9009023428378,742.3359630181725
-531.6640178472637,740.4209053921181,1517.6461466670944
-485.8966216474216,555.0719919815608,931.5757893785302
-487.0855234034475,593.5702142551527,850.3182300625704
-480.1092438919359,738.7523440235202,1250.404317095545
-486.65217206731563,585.9777790704525,613.6651999999999
-486.6574162586862,594.0394534904193,880.2404164975895
-544.3082853114404,497.64342279506695,880.9754898655247
-477.2262443055197,730.4139736568881,1143.2954965221254
-486.61277933406745,576.9638855021948,1027.2856380203154
-487.5220319256548,604.7372215137937,1395.8944596945303
-567.8684360340303,715.7093725295408,595.5670261015864
-560.6110504760973,599.9354765417356,397.2448118507801
-528.245967450895,534.8692103525539,850.7973933799271
-485.992953293563,589.8296142749236,1240.5700974323647
-465.00843539743073,493.06864001242315,923.6640042344214
-493.7358933164255,600.7480886271035,745.6251016088147
-497.6143948710287,736.7425158782842,1789.0729142338346
-486.6469008132228,585.9826353426206,838.9440000000001
-514.3512404000858,592.7557853974351,737.5162316204472
-509.07726196961426,631.8003293847139,1340.1603567511859
-483.9717751959279,589.0271806514577,1386.4402045043917
-518.9232552658743,671.3334446297049,823.9023665289308
-490.7610185424751,492.25934894387046,1079.1021540612087
-486.65991873867915,585.9833478094143,788.032
-485.9393255457385,614.6526599811311,862.075224660082
-482.8291739774088,772.3133332131817,1295.7125250505978
-543.4831312674178,658.0656104011996,725.5903966800469
-486.6558124656294,593.9429173637383,860.3318676923772
-466.5352307770372,516.927330320418,701.3594943844645
-486.0710233817297,639.3843064492324,1068.4192228062948
-487.71030749152806,563.6024368579724,790.9555285800348
-486.3989656196977,565.0939598729504,780.8045547175458
-544.1028037867848,612.0056672594037,727.730420954684
-486.6612003764528,586.0045971493428,1254.8715
-533.4517568951533,589.0366002819443,654.5078648025234
-658.3964087333115,678.8525118425207,696.3158581226951
-480.3666309548439,625.1381959050443,897.6955210334293
-484.1736020552062,651.4364249685344,1098.8436614472578
-455.52065867314604,582.3713261915696,992.0782044920076
-464.1328400339098,593.3836449419952,1051.955104489073
-509.2797627892669,728.5418183264712,818.5256689464053
-486.66741694363327,585.9781406103018,1008.1986800000009
-487.6359651480898,479.491498894862,1085.6233280768422
-525.4401627056432,611.3032207530874,1224.6157758513277
-484.69383985914715,557.9305473283173,1113.9027453603599
-518.3151556777339,578.2000546179918,882.8086571099944
-506.55501423344685,546.6073302010313,648.5681506744671
-486.7227544247121,583.5871552475417,1075.4884695915205
-486.6498212930592,585.9946965811614,956.015
-486.64515195906506,585.9882460498945,994.521000000001
-540.6798997718613,526.8108965129841,888.5562038289131
-486.6498147263519,585.986258393556,1091.488
-486.6669821888595,585.9744642029032,1012.0310000000001
-557.2442777996985,682.7179780481915,1064.6371429216535
-482.5342499103301,546.6714981834848,976.3275428494198
-494.2830894663291,603.6158905442994,1322.7667325742996
-494.41497561408914,591.3222673261937,867.426395105147
-465.58005982107534,586.1246541167359,1135.0894687346954
-486.40998494203427,576.5145194360919,714.285496361142
-554.5251167644533,592.8515743450666,763.1777193974561
-556.2499334054019,593.0286404541458,801.533576699678
-449.63438484641574,534.1262798260254,816.4810762061884
-493.6996083079857,585.1401502056012,1141.041673909293
-486.19628164248024,609.664703516492,1052.7785213954012
-486.6552553604522,585.986494641616,955.0120000000001
-509.73765650125574,633.1240920288517,1401.1097652611122
-488.5110611633652,586.3200611590732,1242.016925943901
-486.6084173158047,587.1087238814397,918.9993809375189
-517.1871980182898,567.884880407815,562.3680558077301
-487.85809726484763,594.4478816171795,1051.181742127281
-437.06484874576495,562.6435577810821,918.4027564725149
-484.6530331642266,671.1687519740083,946.5905180657517
-500.611433639413,645.9696187120655,1158.4845860648377
-482.73819763981555,653.5654659791348,1218.914597382269
-246.62488484770165,509.9958001363864,1225.3053027680073
-422.87837336795474,691.1555198336421,1271.6155895914305
-522.889178225153,569.2164612194649,958.5575180222469
-486.63158693298146,585.9868322262707,1063.059
-506.57769249268335,576.6345856460953,804.595860329011
-461.75735910614276,482.34662334304903,798.236667553999
-520.832222840457,583.3580839757064,918.427596785591
-486.44609604151583,579.4421206698744,585.0046368505317
-479.6757545421938,585.5745267667605,689.811150655608
-538.2485108702201,619.8507063124866,631.3710558816915
-502.63437140844053,754.3872782816022,1364.4026667801531
-559.3620731474198,594.4059750987822,402.3026732659573
-486.4032039467411,564.8109504521511,800.8563736143947
-548.0901117751814,694.0515496210455,1129.573317244229
-548.7273641837064,695.2116015995302,1149.5035172645132
-482.8165625584468,549.4460356131331,854.5096110027431
-524.4890662351886,680.9573216250176,759.0724349987198
-486.64810470244265,585.9816102423995,985.2354
-544.4663846947988,557.9598934389514,113.65210226912205
-613.5849844397635,856.5440859431287,707.4700771848126
-428.96051606005904,547.9650425613636,1023.8213159063248
-486.35374115003015,592.6809534196568,459.2066269501514
-482.5945640586715,537.6168123288109,893.8805756904294
-486.4819710135989,545.0782623664675,888.689956797592
-514.0728278547508,716.7155436082514,1130.1010315127103
-486.9727982327058,609.1754764879247,901.6891284160093
-542.5535938990456,695.7120290172738,1137.3019828407273
-513.2854660577782,528.2013197424508,1154.0955358492179
-508.9712747577223,656.294321360181,1000.9786293592664
-482.571356805043,547.1340525026158,956.02452968081
-485.7364343809977,646.7335538995242,1125.3238496989832
-537.8761603278422,674.6132169133825,770.3118307789646
-533.4910043602551,545.4292288062964,822.2312708126043
-536.1225395080371,601.0206730835445,824.5005327851586
