X,Y,Z
-484.5737484799779,579.2216221435201,1071.628590330239
-502.35899345591497,607.8435147868383,1104.12176001584
-531.0628790646342,627.8645080869139,624.9333635904585
-540.3567218262901,586.0330199065228,626.865452902906
-548.2292344037767,597.3583387248877,537.731440627143
-493.23319963410677,523.0173037332653,754.1288296405871
-496.7769708309811,946.639726189577,1593.6892111551472
-500.9603265662663,645.6846214149077,847.9691327383098
-494.68074755085945,580.0231564952587,848.1956
-494.69016228971077,580.0228157663141,794.6298
-491.44376709180233,503.694298130718,839.6159759195351
-525.7391860073881,561.6086115195906,582.8774596510196
-496.5746512506803,908.9864256425283,1352.6598884621144
-523.9252500529383,558.515501864449,813.3540407533123
-495.5475307107713,541.3016753849201,944.4600605211754
-510.783558364529,666.3220476153945,1043.5005681794207
-524.9036286239482,659.9310522025407,721.880573137336
-452.8367260840005,500.9837828202104,1208.2803246973526
-494.6910149406083,580.0149197647172,655.8756
-485.744700118551,498.34559335782774,957.100849533662
-494.6278207444834,581.1750025863408,938.6362538407575
-258.75392851328024,505.335413704287,1190.2069788916501
-552.061934908942,697.3716423801951,944.2809149195205
-491.2183324607363,531.072798773313,960.1690760544268
-494.20300145305464,590.387014198784,1256.1437634864462
-491.5123372927301,619.8919938063434,1006.9470847279093
-493.5684698075004,562.7802605832726,525.7190362920983
-528.2640265481791,582.0076662938008,843.9493835444731
-495.46323691993575,596.8282490776662,1171.7802791948975
-501.0257022964656,582.5999349029778,537.5438663809913
-490.8091995575187,647.0056292209279,1199.900909889222
-481.3303396360707,475.35150306678224,491.07909056515723
-513.5298298247676,607.7544869461732,843.9066168008723
-509.41090759942654,579.8979812561638,716.8330818346915
-495.04829080324316,556.5500132410305,548.9718878545696
-563.3750609106924,629.2817539441969,660.5792158093575
-494.6778498371509,580.0353904835872,642.912
-491.002523742834,760.3131022495343,1228.008319413709
-494.6865759390221,580.0241830779573,914.8220000000006
-475.2595533393842,588.85830713421,1121.7147504359702
-490.80627168898536,769.6137713769288,1330.1292826103215
-494.49452974056567,600.2275144294817,935.3257940602356
-513.4624817436586,536.0298427380862,433.28039717868495
-494.6988567331655,580.0174737271972,1066.39312
-494.68725262973703,580.0087359994911,995.2264
-528.7814092275898,571.6479602632241,1006.7434717073324
-477.44696615826115,634.8447615868088,1591.1852494884245
-556.2634241880785,525.3133434848415,656.053790322275
-542.7395081194236,531.6255217290516,689.7334683716398
-494.67820067164394,580.0219925458482,1087.3996000000002
1850.3469405073993,746.4606721189621,-851.5098452378807
-493.5306643842173,562.2092823669443,568.1262498329634
-523.6970650728144,633.6005902721008,630.7845008957655
-458.7783922470221,562.5686021932383,885.6829246940667
-498.25493494664806,443.54896063950906,852.6021040336825
-491.0224375931157,758.7691747182992,1210.9877519253614
-494.91606139939677,570.7298395174494,1074.0919205625914
-491.0775175674944,529.0378394719914,1031.2467347379384
-509.0718332551255,635.2468718283931,1092.6001949890606
-473.33169802501607,506.656450180309,790.6797025662232
-542.9339638266365,532.4118866496439,599.6240415010861
-536.7221110061259,585.5406304041722,516.7071482531653
-550.756751208889,694.7300657492127,905.889845832544
-494.67784949530414,580.0244823919487,1307.983
-496.2773060061868,601.7305942064746,728.9879009547182
-494.77915443868505,573.0311682920171,638.2360082921138
-469.59793199740534,543.9948255391483,992.9788243739233
-494.679745669574,580.0338785295953,969.7217600000009
-494.4579391271968,570.8376032048236,670.9649794973616
-496.3687296078824,580.3315973168906,1052.0313172329852
-493.12685109408494,558.3084964084574,1310.2818263459244
-490.19135722913575,554.8729818578454,784.5064001420405
-494.67709250802636,580.0197796722133,933.4554
-498.173713046438,446.64950320628515,816.0074634025918
-494.6842201044542,580.0206503727762,878.9476
-495.4593220005181,493.7831569281848,766.9637174513897
-508.63548334987104,580.0085341375616,1024.7198346848052
-538.8850603502792,525.7097620513209,949.9188126178171
-476.72771365536755,579.6395553153939,1044.7115312353403
-517.6285287426499,724.6513370099558,839.7873134393628
-485.47692795952025,587.3099075578696,890.8570476793228
-508.9963235562309,486.6793361497961,928.2418973403297
-515.2096374582864,570.4012864275333,849.5978635914299
-493.05293284594427,635.7447843293901,1075.773677000034
-494.69760657269853,580.0358570797766,1272.386
-495.7177296975101,551.3156227592101,692.3118957905477
-495.8623779666664,547.101725035971,924.9818728156858
-469.07577512437604,473.38781336932743,841.5506951959287
-494.4712826057689,572.9665372733334,687.0983764238445
-492.573347479462,670.2233323347507,1045.294874842367
-494.69153630947494,580.0188062381134,1167.7996
-495.497167635413,619.4738932517214,860.8443309787864
-494.69260411742016,580.034990342695,858.1650000000001
-553.4214805583888,583.8475181622551,866.3423005566259
-546.4995292015424,711.1609962573162,1305.4350474567018
-505.4301674280673,589.8645645467138,725.3261859701493
885.2642104463866,590.9308922420071,-761.8988086462705
-450.1510578716261,422.76304421500845,1060.2567972746954
-515.2756927383441,531.8052917605223,547.5038515886927
-493.17244343373704,565.7850252013645,896.7907067618248
-506.92600302334176,540.7662751273147,838.5869506017251
-490.2497835986128,692.9440059214933,869.2554363080432
-542.9703038344101,580.6174146177259,855.930656925098
-494.6780570259898,579.6715953333078,1011.2880305256731
-449.5961143875775,420.8006028875816,1082.8155468780608
-493.25241736868315,523.7684114947757,734.2302292568351
-494.9916767483005,565.4856363160022,873.6136910325375
-509.1776423034519,533.5413829878789,1131.6668265028866
-494.9248146150203,556.0391467280965,824.1859723156963
-494.69383018096573,580.0245007025699,1016.50626
-484.0611052241911,579.181156774301,1165.8767323591233
-286.00639394559767,674.372868670823,2168.7396406564944
-495.96804870520305,588.9716204636438,1147.7379008665089
-476.04650415904325,580.6098923678202,965.2280478260026
-494.67794389222604,580.0271067412186,1067.9788000000008
-550.0283924939083,598.6902345354409,551.4272782002565
847.8336196799628,603.5299754918972,-775.0166248644255
-483.4159965795309,555.4800175366531,964.6384516770429
-505.7788168320985,732.397774787029,1814.962481206822
-515.8972099479597,644.0948862310652,756.1493839677121
-561.834295194692,592.6906639967942,290.15527854730925
-492.1704372751233,582.8827333020263,1261.3736466352584
-500.9936311865358,578.0720879795535,732.7701553377258
-495.27387653941787,589.2344116063005,1098.3122770730106
-484.4671517526531,589.4509451307565,1264.0513219534
-528.6264639750823,559.9005532529734,707.7259970255903
-494.69787282555444,580.0245584940817,840.4880000000011
-476.8943323310791,636.5834792914104,1665.4801274987658
-507.4392804458448,645.1676823993654,971.208661662352
-494.683594889005,580.0165797441364,713.37
-495.9211780033588,545.021205127716,1031.7751596113767
-561.1448536535531,520.9659428395393,768.0306889630938
-524.0368001119782,587.1937496898659,824.9563693414386
-494.70269848430644,580.0163617434686,1008.1068
-496.3502343055893,602.8998291665354,809.2576115051053
-530.1113484600946,580.5943227465256,892.2825254840137
-492.9508497137158,615.8856008502246,1102.3327958372818
-482.95380820149785,579.4344363875351,816.6245237253057
-495.94239249223597,588.8760402328089,1128.4316957610076
-495.3155587617498,564.8710932635253,725.4874232425406
-526.9284101278872,581.4089244498115,1160.235433805233
-494.6826623811371,580.0185168651658,1151.0692000000001
-494.66731977194513,580.0294905831531,763.0210000000001
-496.5314914291539,580.9773884372407,1220.540246994644
-493.4658430727868,561.0586884518209,652.9405449515168
-509.261009527007,605.2006375526821,1334.22427844809
-494.69575127220696,580.0208159479444,1025.843
-508.09813533647866,575.6318051485614,1202.8942134693382
-528.6883389771906,669.873104879,905.8163003873959
-515.0426065923775,479.5015670761825,754.4682154434302
825.8128028142655,612.0613291542197,-863.0550626134136
-494.76842150643824,573.249995672559,597.1040710063155
-480.39693243849223,537.7698520991403,503.5116473454809
-545.6095161750204,555.3338968222472,9.234904796337958
-490.68911399013587,648.9918746764938,1257.6201802380726
-506.55143809540004,580.2473416425179,1025.0895537067256
-547.5390028878892,597.8444785996761,492.6781222735294
-494.8498295624122,540.4779354292853,722.1952482488579
-494.19420106863026,641.2374980783188,1115.0820152268886
-494.7058193725552,580.0081061637504,912.211
-494.9730701873789,565.0060246690317,830.8374225002856
-493.00916579896125,555.7523871931342,860.1406931723413
-499.36377388606206,622.2423303037433,1338.8168361333203
-517.0149088079145,587.4393611593243,860.1668713132717
-495.9086452951867,588.6068798724996,1070.5129566806638
-494.6781472139676,580.0185404931901,854.3726000000006
-494.40659150691727,586.6183718173634,440.36916469786536
-516.7040307776349,624.9712778221237,1299.593642446831
-560.7964631594386,581.5521877264837,622.7857360396531
1205.3421984411652,619.0300609432313,-805.3554503794567
-493.32079322387017,559.0575732507332,801.3657339529466
-522.7329144263854,551.0468521582709,740.5582185664641
1367.594365412604,612.7023638419614,-807.0201232722029
-494.25184889811317,634.7967555087916,918.8212502443589
-494.4663046634264,588.0613265809232,935.8843075145193
-498.07709636933737,449.7589536013159,779.413526426203
-487.88158633058356,709.7870195633448,1267.626630574513
-539.9291587661326,593.7815521294641,688.6492919414436
-493.16121453861933,465.08701521910695,518.7264632123694
-502.2416838451536,577.6876506919702,1027.4177653853224
-495.7398394334971,514.8092842132662,984.722729631788
-494.6859390809989,580.0312520516919,809.00322
-494.3853150061045,586.8458767889065,478.10087904472
-504.0491929769937,605.1691555812254,883.9365588048622
-498.7318092988162,688.7410092761047,1245.785355214941
-544.2450633245958,580.639413303579,897.9330225774556
-568.1651484856807,632.6894443735862,758.7928483395885
-489.7596428117424,493.121644924518,620.1989412120636
-490.0618415069723,554.1706887781988,827.6292409496895
-495.92847280232036,545.4296884662908,1010.4163332880535
-577.6074570128781,684.468819887677,884.3520500906575
-494.328056551748,587.9953883509004,685.6257782188319
-599.9902030225744,593.1892250408428,694.6597819971455
-495.6476626273911,474.7843134076341,1062.6914918516673
-483.2860580930678,555.1980245573991,984.5022220519378
-494.69270232396866,580.0225654798978,1141.211
-495.82309390169326,589.0890850590154,1132.9330211511437
-494.22960874453383,639.0837103926065,1049.6620066707117
-494.6970162717914,580.0310963507895,750.298
-494.6743967187681,580.0349715909597,843.5632
-493.7611361580275,641.5460955960605,1148.1076623415415
-494.6702707876043,580.0274957106084,927.5070000000001
-503.4820047385433,580.5777953987181,892.8828280981862
-263.0635123370844,506.6957111392253,1154.6841950847468
-547.7993862771721,635.209782455321,1202.7596463886875
-494.68641033254653,580.0232229343433,970.019
-539.809901794396,694.2563646713464,1039.9802367701132
-599.5201309156764,612.53422356427,652.7649709447871
-496.0770305936312,630.556094329166,1065.578191701611
-510.46670771429945,579.9005576318141,823.9882402768503
-494.1037917374615,634.5434962145276,1105.3644743704356
-570.072833415187,594.2435667138984,418.1038037167922
-496.85344662414855,506.7127969716168,874.7003948601562
-486.0456738766238,619.682776604174,1089.6708004867364
-495.2240737409138,567.190872063656,498.5753233782477
-508.2209852963988,649.1046772925382,1075.4476248507935
-494.6940452032409,580.020819606165,966.9585199999999
-494.6918863788683,580.0285706603199,473.0164
-494.6789941255929,580.041326231385,778.6636
-508.6996570500562,604.2440096031551,1253.8545454255996
-513.9323252680047,604.8963420361788,919.7950834902811
-508.87273237429395,577.942160578847,680.760716095358
-548.0622816866103,621.053783952269,896.6663740601607
-474.84781309699474,552.9102336083902,1381.7256025611123
-523.2770530809662,581.2400221189151,942.9364220555889
-462.5021798768462,630.4316309876714,1459.4744882202842
-511.5568771288067,579.8831658023264,931.1430533146049
-494.90598575842705,570.5273105301662,1116.037174726232
-485.87647903597644,595.9149991385949,952.1332370629509
-474.6433920504642,600.4695272019301,1004.3003025920351
-556.5251660503427,608.0358324522269,839.3179611265039
-494.7049839713741,580.0159349317015,1051.65132
-494.7021735508497,580.0217642783962,904.3810000000001
-534.8434185998963,703.5588256393976,1301.9359342838761
-496.1672783427134,524.10132591911,1013.4586560440483
-496.4682678284771,519.3450492760571,594.1656043032048
-488.2558031261169,702.3329503501534,1151.38777036845
-494.4210637482697,492.7912288898849,731.2719274727277
-491.2334051940975,643.7745168534474,1225.5750424071657
-494.79053339289567,572.3214701999668,782.1980704350526
-452.3523325067258,430.6007200606414,970.0200290247622
-521.7281048440273,616.885988879046,662.9426331679392
-495.7009450331193,470.8649793612156,1130.0601179459534
-486.67340408858627,579.562516698832,903.4807118907672
-516.8548807458046,646.9761435097773,824.0182930596819
-523.9126517413724,764.2785835138584,1276.200412470764
-456.8607968666929,561.6549120058528,972.8861528609322
-479.6405354827728,535.5394514607387,569.8625908124468
-505.94076705878524,569.3441237413689,598.712649270339
-534.4850685557017,702.3575107219149,1282.1307798442103
-496.2729268993562,519.5469596411294,1157.523029473648
-492.94541876357835,554.8025764825236,923.5571646013684
-557.9263031536184,583.2749312002388,907.9232809571903
-515.2096317540165,539.4428909275423,690.1156850825412
-491.6837076315942,611.9691419372571,1011.6513570557931
-533.3154480390622,698.7847342312218,1222.7151401609387
-502.9329256774199,609.8471821538633,731.9065311620311
-484.4808366144425,476.29434962613607,854.834409875548
-494.68466684890745,580.0208229034658,556.4392
-507.78943775284915,530.7398510485705,858.782005995861
-523.889786690746,619.8437910062216,776.7015827404963
-535.6714326646111,635.8943139414239,1027.0039053938988
-494.70395788404767,580.0225420721997,927.6788
-495.2660338613209,566.4919221046549,566.6488982039214
-506.2740328505124,569.0245859264174,640.233628096163
-302.4875234980673,373.9229717293035,2068.269522778382
-497.4966402018631,526.2608379739789,838.1270602882416
-496.6353970846212,513.515960228478,723.6432823435377
-425.1615996936671,599.3041853664588,1234.5857566373754
-520.5637472469652,703.3673044180393,1022.4925257127355
-494.69614534889706,580.0199143101187,1091.20676
-524.2970768005605,582.9988194783617,489.8845126144019
-509.5475355360272,612.8011482150741,1286.4542158269803
-494.69262026701153,580.028078200437,1141.7908
-505.51393649958754,423.4785985843821,864.5369635727974
-529.1164027255195,573.8713789392103,640.9003505505768
-566.7851992361823,678.8282237334963,1102.0819044307846
-505.2242173884056,724.8947834839528,1688.2158647381953
-495.707649473879,468.27040474750066,1174.9739897488598
-571.6359931734339,643.2504858647264,953.207408026717
-495.02547996270414,570.664914996802,1153.1697485180223
-494.67387902385417,580.0304746852573,894.2926
-617.0715381722134,617.9691024964054,888.0081724868644
-562.7057233219753,581.5898777302477,662.7753984722417
-492.96648397415584,617.5845951705853,1290.8349786366193
-560.8951764770518,586.7388777187422,724.4867127835221
-495.92458287804266,588.6802527876771,1089.8192848249275
-573.6683980047137,598.5187338933479,619.9204846230681
-494.681904782095,580.0239064177408,1244.9678
-513.203566564951,603.9502421618822,856.6350302519427
-484.24216537444045,739.9149641556954,1344.6628599080123
-494.69296749721775,580.0260316503718,818.0150000000001
-499.4273969743276,622.5450569296286,1354.2993993671384
-494.6944541404664,580.0178491332166,986.8454399999999
-494.6725503579605,580.0265611251534,793.1554
-490.9295488491134,667.5562834054626,1222.1087389533275
1225.0683492487515,619.4962592712661,-806.0195341977906
-492.76027409601465,620.0088765589624,1315.99692277576
-491.5704064994202,693.7164707485422,1146.984845426341
-425.91375524425075,599.1075662198939,1213.3684034030418
-267.3835477472676,508.065545729768,1119.1628643584131
-485.61845036297564,587.2102346872123,869.4701835120342
-496.5923132468274,515.4609268438487,680.4841440743062
-501.4780683936033,718.8571939730739,1089.0180574704307
-542.6172628985476,578.8770000587247,1283.4437086106957
-491.61961261953365,546.4162210448674,769.0350715476864
-494.313489491718,579.9817976908521,938.9795395201864
-488.5671790671595,618.1117788605077,851.2192297948508
-486.91663532204984,570.6177528570063,973.9016260778033
789.5282777838183,602.6788293699656,-779.5141903337844
-521.1875375750451,586.5076032649488,671.7052931654729
-519.9086744378292,525.3358908333312,1051.0367772696347
-492.5310059086837,652.5075891412553,1625.217752149617
-490.00063535699405,553.824561187379,849.1907726613874
-427.1072569556791,691.4867706149073,1391.1448844599659
-547.085800258593,614.4058704837273,651.4232402646599
-508.8586289724708,729.5710512042094,1125.850945386751
-549.5686782367479,687.6985268462001,1100.7737239307774
-486.96015223596373,469.227284318735,398.2837046610923
-474.26740565481487,509.8517356144961,723.4757314702479
-546.1812730915358,619.6203473499613,838.8524338067409
-493.80295668795,637.1761167578077,1012.7772629695294
-511.32105752911707,577.5861398872153,927.9366939325457
-491.84100335101425,548.7985753199084,661.3592386373595
-493.7077984434827,643.7494040733154,1215.7721492461542
-546.4520277334652,528.9549643485249,697.6078241135228
-488.55534156147223,471.87052834449696,955.9971007906568
-541.3708300674002,698.1461625234045,1101.239288901674
-495.24898353145545,566.2621488927269,589.3401582834953
-515.0520287501554,628.6259141003316,970.4952883741271
-496.6821804424503,924.6677429056297,1453.0899638829983
-551.4091270329191,696.0542136086889,925.0851371832854
-549.0960084990529,696.5116302649263,1095.459406586995
-450.5942521355182,496.79114330907566,1312.5673433294621
-494.6599477066993,571.5229526081947,924.7193362766401
-491.83621037944,552.3732787489266,763.9226206430628
-494.69963132304065,580.0213623550219,1137.54
-492.14168943395407,647.5692809477481,1156.5079707712966
-543.4697079040577,630.7100299575364,1043.108607053548
-494.6799612414957,580.0261849296701,964.518
-488.68421701876923,558.1885138171333,628.2029263019775
-507.99355224402007,567.3777189730068,847.8376146132874
-527.8679736267081,581.9849190275391,824.5729293870772
-533.6967314228082,699.9731850806088,1242.5206711888081
-501.3660468164985,452.84529275881073,855.3433314605629
-538.457204638315,620.4590014994758,628.060305438509
-543.3981372025455,717.8727938020393,824.9071048982707
-509.9045986715055,740.670622573348,1265.2389112619778
-490.67618144536505,568.593236407949,831.7028068854011
-494.68829881741385,580.0295124607665,1044.451
-545.8649268784886,597.2827287426777,453.5126596523486
-485.544339366475,720.0077897587281,1083.4929600288515
-480.6470546251,538.5381434873125,481.3956997576098
-502.407651008318,597.8363041105131,1345.1053563304101
-471.1702079334865,482.16734067463267,710.7205114209437
-467.1010912838283,623.1936904795701,1141.3807203118147
-531.6461566910307,582.436541179119,357.1036636599289
-494.68431337909396,580.0151852819142,752.257
-501.91981932877684,596.7058734625402,1211.2476648445543
-602.718856180752,613.5141424237722,695.5360825682675
-511.2453979350962,852.8144050213516,1792.5156807321393
-530.5021843063355,627.1277199254321,603.4085320384936
-494.6896749900043,580.0291096430042,772.6212
-539.056934810586,580.5434810225462,632.4694514696871
-475.04630977391525,580.6540066790109,1056.727772950378
-494.70754245920716,579.9952972420413,871.7458
-533.7911304060397,686.3449303857828,1149.6474917245764
-499.27943004770555,634.1863288894465,687.2631381442291
-528.3915991601943,609.240664646889,645.6276368410515
-485.1312685111029,588.8436069009133,1134.3529679575934
-496.3128230622913,580.8794046178741,994.8224478233541
-494.6907474104519,580.0284798042919,494.8888
-494.70342180311286,580.0267472353859,689.18046
-494.92465143172376,554.9462960724879,895.9681383645225
-612.3005468212559,592.6851893535138,202.18466542008892
-513.6834013074429,625.3177534953838,853.4490183352243
-537.8233184374585,631.753080917732,788.5298320093424
-496.0255999886649,542.5006984914698,1159.9265927750341
-546.5724112398898,669.7655963429174,788.2361473546285
-495.7501461979641,550.4162496597426,737.8124240738488
-571.4596851251299,677.421531928288,1243.1608871871488
-609.0980915604528,615.5102384074796,781.0787658116717
983.2321890869262,605.9983043618658,-790.1783569548461
-529.1088534214637,670.9783689289734,926.2535686839632
-453.8530231733653,599.6068316918927,1221.493317945064
-488.5259923180706,697.347902343897,1073.8964720885633
-471.42786836271443,500.28295510475755,1510.2448182896387
1337.033385780529,612.2190285077943,-799.0776266997982
-494.70974207295285,580.0238973224205,1070.652
-485.2086100882325,587.502551922176,933.6308842871297
-481.20696031473267,506.05133365938536,1317.142738765258
-490.7624245159416,542.5305105830666,894.9754212825517
-502.7234825038522,609.0063705915479,690.2873284476776
-471.63727698764296,563.4788081654559,907.1875838258281
-494.9201761639215,570.6104240356112,1095.0644573352236
-492.1912938584451,582.8643997237232,1240.526023422019
-528.2839532665716,582.5038218001777,1147.7861282825015
-495.2990690058109,589.6255378083417,1177.7188574166455
-494.697029307461,580.0234469617749,1182.132
-504.8462861121029,432.96823974859126,766.543288724457
-548.8186867488698,690.7488437832568,848.3040542093481
-494.4018294044736,488.731462101199,800.5142540849517
-485.11421938261765,482.921116332196,752.2789723202545
-494.699737469658,580.0343970665971,989.5828
-494.6694209743946,580.0261808854997,748.182
-496.74130722154223,510.5950608047878,788.38173306868
-521.9632900541505,551.847068762587,699.3101211098908
-493.0423032706062,614.2234341726728,1016.8674260580353
-510.3489395335955,698.1486426939916,1151.7623761353966
-472.98713446038664,580.1779362541856,1188.8336674363127
-542.4209962078926,678.3471250520872,934.6548442534445
-612.7159236212228,831.6055314392497,603.7538983038224
-536.1859762701579,634.6026629024907,818.6504193460221
-491.678684475939,689.6377066807268,1078.8104300047853
-514.8342244528371,628.0647800141542,950.9877140396985
-510.0249209108374,695.7508691258045,1113.0514320822779
-560.3297666946173,521.6882511537908,749.3678464852101
-518.463243907062,562.5393827412839,520.6141508842977
-535.0381867955625,606.3404648202205,1301.8709551332654
-523.9091161576109,549.8353001428138,802.4297255555064
-552.7136867594654,698.7039457293403,963.4756188819796
-494.69154448940276,580.0115469885986,999.8142
-496.305202617566,602.0194346941249,749.0553709678351
-496.3600111496921,516.2826593450686,1260.425826842736
-494.6774211737288,580.0289217360388,1190.661
-555.5221117465326,584.0007510038605,924.4050320052081
-494.7842225973782,585.1446702670085,695.6756622718761
-536.9654154184775,637.6767512597876,1083.4098681969097
-545.6167600812755,542.9787973227878,836.1123433527044
-494.6933327041736,580.0275296523657,634.7704
-542.7855320590861,580.5916484343262,749.2740151836014
-494.6920470106695,580.0202838861779,769.0623
-480.0187752780198,465.12084240821605,612.7262163930602
-494.22131341890463,590.186998379981,1217.461567866631
-494.68644025346293,580.0228426201534,755.2280000000001
-541.8360220400514,578.8894110355,1249.8693595015682
-495.60959125166073,479.97922973019405,972.8642271720026
-491.8278735327576,615.6269401055652,818.5553714323655
-499.2206962924879,633.3729711881401,666.067396218755
-549.1731207119392,663.6721906297398,1139.6542868382312
-494.1525622748268,583.1987244252491,888.0750962328032
-265.21927812198237,507.3875583734359,1136.92348307814
-495.00293635558455,602.9375922101226,879.8243632199378
-505.1187319034225,381.5545663625679,1098.8129861769585
-473.63004777094693,507.72949512043544,768.2787053979
-516.9213338825482,625.4077339847879,1319.9102663967003
-475.6635478756848,580.6252967019917,1001.8280990769963
-457.8407269733566,562.1057082065583,929.2850351308285
-524.2389206234961,582.2015605139694,919.3140937738362
-551.4558009022421,667.1747529893864,1218.8639512368165
-494.68453653641654,580.0241022949291,924.2692
-495.75139872055433,543.0420639288851,834.7975959356859
-444.45175178420504,556.3945756558378,938.9082630007501
-518.7718971571162,532.3894602508874,941.1246501893629
-549.1050377671045,582.6269486618482,708.0623245123313
-485.7759147215761,489.51840029989705,649.7220502636358
-555.421941934972,609.1814299345378,902.8413662252243
-501.4594094248487,451.1475362442502,876.7873224425896
-503.2657500928035,597.8856928919529,1059.5085830962785
-496.4557077999225,520.3216841642611,572.586251707367
-491.5711768541455,506.5856050488523,779.4171308727482
-546.930972466449,586.8898414269369,825.1494013048708
-541.7240323955757,644.1688245638213,1290.232792092383
-500.9312407475495,514.6154595177593,922.266326441151
-494.33258343578655,588.7281047229928,1078.038222674522
-471.1998676114972,479.1672255616515,1065.7863677421988
-493.9303619516272,610.6162651616057,968.4577330376503
-494.68346729726954,580.0319460301359,828.6568000000001
-485.86204225804454,499.32006751369136,936.5647218444133
-494.6839418336119,579.6890253021234,898.1590294844641
-494.25167397894757,624.8152654994044,984.3105986766541
-492.27985528959334,624.9089578881063,957.0609809768198
-508.50113152277686,579.98989344764,1005.5536280103745
-518.2201271338718,628.0885977229127,1441.8084608252752
-493.7961504647151,615.763165948079,828.9713867000567
-534.5244502564319,627.7758158485631,670.2932420468404
-506.7466906699001,580.2554753015146,1055.136252987941
-495.77485692701043,588.7132674818049,1056.6696299673738
-494.6906495378662,580.0245070864174,1008.1114200000009
-495.0224806529359,570.587661838041,1172.7839057315277
-473.55880345336027,601.5780525168236,1099.371879998303
-487.1429786242479,511.0941134062948,690.1353643144805
-496.29731124995214,580.3056842011074,967.5953138788243
-479.3898321128616,534.806986573597,591.9800633808297
-523.2440127202356,655.4864016563834,640.1323867145129
-492.50795027114464,673.1297902498402,1016.9543897937644
-526.2167293409339,581.9013939804832,747.0683758049697
-495.30382335471677,589.729485634107,1197.5704721206755
-494.73782952605234,573.5824240915066,728.7276800078232
-495.48180775835635,543.8957271312654,831.1833628304116
-505.02573233262683,617.3693361147573,1106.4792591620744
-448.3547283416847,475.54884247167206,1115.1682636208475
-513.1091155334884,536.8824425869775,410.4359712352494
-507.6055837198269,645.9524342288395,992.0564889296463
-502.23790198424604,597.480674298667,1300.4859404565823
-509.24413368234946,580.0017614716271,1101.3841018194164
-548.680823626009,590.5099616045275,969.2611905438405
-467.87070562604504,541.5592730968684,1111.7472967083052
-484.3558185770869,485.58447511319696,1224.0656085175629
-496.1492047423492,680.5442570172183,1005.6945825442708
-446.86999893744155,557.5193140654565,857.444811938628
-472.4864849871201,503.87014120029494,1408.2547427799907
-553.4128087615409,515.710970406743,1029.6526136709213
-489.94632319436255,566.5373463446649,1115.5243127293563
-495.79761117865473,588.902611875094,1094.801319077568
-518.520407336152,655.1042825664034,1118.3662915018422
-482.0391430197192,566.9248786941527,672.6308390071031
-509.8883257952823,661.6257713899015,945.6963052187632
-567.3240552294731,593.725039842082,375.45448066546896
-540.462758067619,737.0394256831673,1554.3603473171877
-542.9604294174057,630.2221958655786,1025.3699410795195
-517.7612997789506,578.1352954472752,873.1317725414256
-565.1744942417865,637.9446064521701,809.9763724414775
-476.96841978346947,555.8294460397442,1152.340389499172
-491.30140658835853,642.3490175539406,1181.621378384129
-474.4427187687065,600.6777807585938,1023.3149529162773
-494.6928618559273,580.0192987861,966.188
-506.83936762864505,642.0164252466815,887.8173578353998
-507.68048099006296,490.9686569268026,682.7764462132386
-551.1544999163143,552.6516368768371,92.17943490060162
-494.21876914609834,604.6251304100056,1121.5535229441066
-421.61344300641576,506.32110474856194,1228.7148136025576
-528.7904854522699,624.8852543983066,538.8361558167513
-536.8228960660408,528.251324838928,870.2771477070818
-494.69262551433667,580.0163303123345,776.0966
-490.8865474535287,645.6835544031619,1161.4213165238311
-494.4245178642718,557.1921611756453,921.0573233384251
-547.060249739649,728.1533319928267,942.8874433380474
-433.40941511124606,499.15197329830653,905.1670577559565
-490.85955549372875,534.2998030546474,802.3682156998632
-490.8862875747859,534.9801153656507,779.5316225136447
-491.0374019377077,643.0442820240587,1084.461948389537
-493.2182880299481,559.6630862899283,1182.4975477452426
-501.7975836143578,579.170911206643,1157.921840115272
-551.3643097195668,701.3650828634194,1172.5148618858232
-429.61653468261557,687.3593262904828,1311.9140199158105
-494.4433783405932,569.8432557813092,822.4140477118626
-494.2412302339526,603.437534555979,1029.9924834533297
-494.6771469509058,580.0348627577396,686.1484
-495.8452714454884,547.5262255018113,903.6233904047433
-539.3688629554069,733.3265300417916,1499.547556398973
-495.50021561023254,597.4137941453184,1239.0336909072353
1768.6909672629918,522.3649185958011,-820.8321072220206
-484.8028092058373,438.2474102167039,720.249812570456
-494.7140380730698,580.0206961068767,867.6616
-496.16976793379945,547.2054790514958,866.3782396462068
-496.05166678839464,629.3695195704543,1022.6668027053782
-494.68712617393885,580.0157081863186,777.8965999999999
-477.37374196331825,556.3501405309571,1110.6340109018274
-514.9086018440098,532.6573863744845,524.6596576632961
-510.20561391105866,696.9322353148232,1132.4078254747076
-469.7632975089173,562.1015778290474,1043.9217873837936
-423.1198325237865,507.8165390779997,1188.3505304808607
-563.1993156036431,592.9425449166315,311.48066123077615
-541.5327150732232,580.5715089226063,710.3394423378412
-531.4595721550268,611.9099448337247,772.8729548736143
-548.3793216488525,553.9988353794511,50.70756386006758
-492.786026309705,673.9925890278171,877.2170147803281
-493.77947591694874,616.242809536808,850.0214792924603
-494.4828516881198,573.2734780302585,625.8246121247552
-556.2992155973759,609.5856305775019,926.5302769163688
-495.2898886528062,589.4352012690147,1138.01554004504
-494.694216620298,580.0164271786062,757.6863999999999
-519.05774785938,588.1198210453965,1007.9634983547758
-495.26399529105197,589.0215880794142,1058.6090724374117
-532.183500072561,587.3479483416768,381.27052185758464
-494.69163715976947,580.0446348633873,1307.415
-518.4780131202006,528.4332905902372,948.2492273123197
-494.9328473558144,554.2172916657944,943.8229045827211
-529.3157355447602,577.3730422984418,939.209944362554
-502.8371953636588,609.4182921348224,711.097074248429
-496.14169280461533,679.4605976584933,986.7125383911385
-494.6921347403827,580.0239749306741,1338.204
-475.7320608109676,599.3544430989614,909.2288467936401
-492.88204061869374,662.2606444756957,1111.6458715057206
-494.75809108823387,573.6587177743194,706.2833562793728
-495.7631623444679,588.6357988377963,1037.6036975110749
-495.714030531193,515.5635245579299,964.5854954785295
-568.7779210637927,588.6059949160067,422.81114177752784
-495.4520037962145,596.441742315202,1126.9446202223237
-507.95082084633236,553.3253302840078,848.7900525729335
-554.150544590816,601.4694372488877,678.2647814855256
-494.68411816256867,580.0172327463481,779.23
-491.1973084029423,661.2734952057485,1080.3012466468304
-565.0195193977656,584.622887512621,1151.9182994838748
-483.82483239684734,818.485354550802,1491.2046677554547
-310.01659129960717,381.9856906681614,1957.8195247087601
-496.8033885340478,615.876117807145,926.1580294013329
-508.1698228774003,567.21667520988,868.598011821296
-494.54338304414523,541.9659308866521,773.4616588244498
-494.4788197303824,600.0035041472013,915.5486165111196
-495.7566834200693,588.5337686341063,1018.5378875130626
-467.53852708648765,560.5183168953282,1203.4447030744336
-494.65731222568456,571.2061756482507,986.2415111641754
-465.5749425215422,625.6016568265576,1247.4122118583136
-506.84965927056237,580.253038706058,1070.1595830755666
-579.7773673067677,687.1598108591754,926.8702147383916
-493.3405759498121,559.3553326355179,780.1623320421718
-509.78589120127754,739.0537216970063,1245.328594611508
-551.7912151232381,591.1203014849302,1068.4887489305754
-482.51985511787916,579.4152711411656,874.5014170461902
-502.3495178891126,585.3027162722128,846.5602449945649
-508.30806178881994,514.398423526311,311.92718876624235
-487.9284677868368,579.6309522995464,647.1247897757803
-507.2901550346123,644.3820502972438,950.3607339684104
-495.0320266111503,570.3919885357498,1212.0120076781627
-507.09304238932623,520.2712043992078,216.69640538288206
-494.6767151177173,580.0267623560093,708.332
-427.392049150978,598.6822999404121,1170.9331267236623
-524.9612913688356,582.2636321445808,960.8546864902474
-490.78867274365916,682.213597433426,1178.4226225507314
-422.94618286818195,599.9344665941903,1298.2388231863151
-513.1902439655132,571.3415318155758,691.4817171181212
-495.0537465083055,556.1795613295558,569.7131601364455
-494.9635706743977,513.221028984965,1006.7941419730075
-508.79325445944346,580.0016670041675,1043.885857420647
-494.64218368672755,581.1880234227937,958.2691344153664
-499.3401600378145,634.9936951471013,708.4591263195985
-620.2629721263932,618.9537718181309,930.7797387602984
-494.69960176461996,580.0117646724239,874.5224000000006
-492.9869089275387,555.4322736019374,881.279453301345
-495.8799679548001,491.5530991152632,546.1813723517324
-494.71200842382086,580.001012792281,1114.537
-494.6803014442903,580.0185112373188,1018.3406
-494.6864623736201,580.0237361351367,1245.1593
-496.1704948615775,546.8074362196296,886.1240928945113
-494.3907536598349,486.0232400980992,846.6757002730639
-494.6921938983237,580.0283614895854,945.228000000001
-508.7878041427484,640.7353769610554,1179.8751681895765
-548.6021770915636,662.7997755091656,1119.8517204393652
-503.084689180655,580.5585144867364,816.6278186028309
-490.797110005029,568.9046293465608,784.3989198157789
-531.6150977637451,672.6933111512635,720.9434883959273
-495.8734876324097,546.6809817531398,946.3404360948169
-575.8550573779512,599.0145357691238,657.7019305507386
-495.42948795154916,496.05643495114487,726.9386745618824
-494.38172239431424,587.047161300146,515.8327150128318
-495.38466499089327,586.3539644893738,680.4671462731995
-494.44680893457917,587.9688605411363,913.9534419130042
-495.06689393998386,555.0639063287172,631.936882612376
-434.24733129230344,540.1707403243624,1107.7822090401578
-491.1964468900585,751.0195083096162,1125.8869068987085
-476.2567514982975,580.6120968665272,946.928194054799
-524.9245312282073,469.8336505378352,1388.3026796318454
-482.2265941471901,579.4040932462209,913.0859897398841
-494.69878717717097,580.0104267653148,978.39742
-494.239109342147,636.9275340885683,984.2420751420635
768.4181046310769,602.3103698160144,-779.104456744577
-492.8073332913996,672.8362065384836,857.112861598933
-494.97632082916516,512.4707410285375,1026.4506671084257
-495.3363862132146,586.0743598025688,616.4423368163382
-495.01620603384936,570.4855329115856,1192.39793675187
-491.68056470673355,617.5236527390521,902.2849754991257
-492.65936167537166,666.2909289982961,966.6691969011001
-519.9302070513359,588.3951918276471,1071.305044450865
-420.89618413252583,505.5660856905301,1248.898121488396
-499.108055763586,479.3042376152997,1214.263134018913
-496.00984714179276,481.5442288024351,693.2108564370968
-451.4921450974707,519.5321704481983,1076.3861364077557
-551.9628895291003,526.4334048715436,1453.8551545859832
-483.0672904288692,516.278980553976,1031.4229840536475
-504.2305604841349,614.4389004958839,960.8121033215075
-443.84243699944705,556.1040406987149,959.2738254092806
-548.4051814948243,582.5907181134885,689.252772733842
-498.6794289335253,687.6698085730545,1225.9201286435011
-488.2138443928152,620.3434944089574,944.7107813701075
-477.65935843733587,579.9760933957268,1036.1236363903972
-495.1996462068787,567.4289943222833,475.88421672430945
-475.0740750635159,600.0253981096289,966.2716459138845
-495.5650384149976,540.78262772379,967.1153909267598
-506.2846394289477,581.1699243887663,1428.9774109148884
-646.4167072758712,581.84217253869,713.815428232045
-493.73828924806,618.1422414400529,934.2223672082482
-494.6905611752113,580.02216107203,977.758
-494.7835679425152,573.6507614330803,514.8400103573605
-493.0212069745876,656.2356106938664,975.4438051892364
-528.5260173509498,580.1995638434545,853.8657067642553
-494.68778779266677,580.024731711917,804.876
-526.7542879565535,577.5663512330543,813.4713214477696
-561.0715407822872,664.2607028617322,973.1074741941122
-486.3911221941253,460.9603109898419,484.1405504502562
-492.59578251605853,669.2485269890662,1025.6378771986688
-491.5836265340138,545.9449573454772,790.5704054411428
-494.6913495761996,580.0175232480894,688.6654
-513.6901501997431,604.5775733692722,898.741781001039
-522.446041260657,617.8733536331331,700.8622903612837
-491.42248892280395,502.7296835410322,859.6822491368168
-517.042907479748,720.8672064735574,798.2250181272839
-512.4007978539344,492.496055285844,559.506472818138
-507.62498701669324,538.5425323261607,928.7653100104341
-520.419613381632,561.108945001192,625.1641133441675
-542.2192605714874,578.8868648634186,1266.656660932172
-493.94931996334935,610.2335466538239,947.2076526258386
-469.4110692653369,474.8731327964738,819.7470168072143
-499.45861998400915,622.8601755157979,1369.7818470917075
-549.1286840078176,597.6373788887215,559.3440698522885
-491.3145052013192,532.4228425365468,912.7837340247515
-493.0809805787644,634.5174662328291,1035.0736866696936
-494.32174394531853,579.990386369725,917.6387416565091
-493.81559194487045,615.2884571018612,807.9211668412677
-494.6868099337619,580.0097862366852,869.8553999999999
-494.75069318173064,577.5790321626951,1118.6395315915918
-475.4434230615452,580.6435794287169,1020.127852304504
-538.9099577578722,585.8381855617819,582.8018603302224
-494.2350562475822,623.7630387529694,943.5062032481245
-494.7084094798138,580.0182142904608,789.03276
-495.4042743647333,586.6414905072136,744.4919243915255
-494.67333888382586,580.016515325874,761.5563999999999
-494.4349459375658,557.737481544235,880.9532992493735
-513.7615728758874,571.0965414773141,736.6580296882014
-505.1165186915591,429.1730574368826,805.7407921479091
-430.30606524925133,495.04375826782234,989.2339411316991
-501.89040688980776,595.0178377194591,768.0615237302015
-494.69181135160306,580.0486420606176,1219.8425
-510.59158783098746,580.0081379399708,1273.878875729027
-494.68829901243316,580.0168856577254,893.7914
-538.4374050773067,580.5318952371066,613.001972224285
-494.8527909044369,541.0443545972096,700.6154420452954
-464.1761258305437,576.5019845457352,955.3639432433035
-490.5562219971662,684.816096080134,752.6111793746497
-494.0480282365347,583.7574065759686,1181.8159219341885
-492.6668141727814,679.7925929292328,977.7366336359461
-514.1575780720971,483.83068737550616,689.4808318712059
-478.0156119116232,828.9943675943762,1605.0306353320582
-566.1493205840793,588.3020338954382,380.96068863460715
-471.8382349334365,501.7231334789724,1469.448798179173
-508.9836154663908,611.5647305598795,1209.5620986172742
1185.6166056741004,618.5809771434276,-804.7977296148583
-601.9389299393467,591.5786948670896,117.97194830632534
-495.80481584122526,541.0298026634213,921.368092204897
-531.1470551526095,573.5035041621633,722.5279469412365
-531.3893742801001,679.8602579348928,1033.3841168635797
-502.26109709447337,585.224367419296,825.7118233604706
-527.6740551227765,560.4720994179809,666.1095839597026
-494.9700105243264,565.4120749276336,787.1961062939299
-476.83555808088363,512.7318561304442,1218.332877426773
-511.1134566074279,668.199824813132,1082.6225630904694
-490.2784818157904,502.22195504721617,476.2848076684395
-494.7099523379852,580.0157082256949,773.4514
-505.692275764211,590.133651182231,763.529770654957
-550.868021272141,598.9625300547049,571.0100350347902
-518.7739430978809,652.737243566334,959.7561279881735
-494.6857193908222,580.0286355881683,988.9602200000008
-488.31720015635574,556.7970694532276,716.2886101308221
-496.694956665689,930.96002317944,1493.2588208623506
-507.6363503254893,575.7555244034052,1135.241893379947
-494.6570382836453,571.1000746307844,1006.7489002914442
-523.2814338987807,582.8988367161783,447.8152764055285
-472.2666401490251,503.15498839777956,1428.6527302095449
-536.7395901568902,686.4476630001055,917.4625942247891
-518.2920798764626,654.3105246882486,1098.8264308733337
-528.8403968456932,586.704268371222,279.65988426579287
-450.80824248558747,481.0917113374944,1015.9984647175417
-473.9795413405641,673.6574014056381,1569.5237715565527
-525.4190506096061,581.3243298917413,1069.6940268917583
-494.46820589638196,570.6852836248331,692.6004753096039
-494.68286519316825,580.0137502483456,985.4262
-494.2284560632511,637.655849565163,1006.0483792749657
-477.00132084633196,844.3293983645351,1750.5317374704236
-481.8428322690131,479.4290422086333,442.41858396348977
-491.607623638266,612.6837903185728,1051.4547057863133
-550.0244509644776,597.9356964680233,580.9565599463374
-486.34793543669775,579.5474281890486,967.569632743088
-492.3334304854043,680.498564116403,1157.3021795170193
-493.9801554887172,609.4723087135872,904.7073978768202
-483.7143800299773,820.5534872678702,1510.5935947576493
-490.59671823587496,687.013201309087,1268.956334126849
-510.1790056686468,835.3390014588801,1629.4665953929837
-494.44815690139785,588.367148634281,1001.6767428800121
-506.93510905581525,580.2591646352688,1085.1829781791525
-513.4413721112292,604.2700848926124,877.6883694472835
-494.68417017058164,580.0265319796625,890.5878
-495.47252937911867,597.0327919392469,1194.1979776712546
-537.2965604698854,580.555492461604,666.9181170940245
-524.06501537074,657.7127619677381,681.0064404062033
-501.69705476817944,506.72408300860707,1124.463971111962
-494.69649358449715,580.0211769690034,989.8996000000008
-516.7774396535751,649.6237836963181,981.5858882385442
1809.2861166381426,743.5220353691479,-849.7354531111632
-532.0432816088248,630.81137227438,1035.3113408426705
-491.5457849684476,613.4002718299944,1091.2580431888318
-473.01742175031563,505.5970771010931,813.0813893433759
-519.608603936309,525.9561490870119,1030.4794812226853
-490.01716932572253,497.6745112785404,548.2421060179624
-494.8278836059708,543.9476876706976,592.7188079328466
-527.5770699128486,571.9439969632838,944.6759168620766
-547.7010526514737,582.5584406896132,670.4433551381395
-491.4701692420658,614.122589674444,1131.061224778102
-597.5226328223407,592.8913055103976,660.5906636770161
-509.0334197528973,731.1448910997622,1145.7642579183312
-544.1897698307134,578.8436091828714,1350.5922331441207
-511.193230107986,492.1952770448315,406.3164847748027
-499.33579842210656,621.9246310934072,1323.3344205093003
-496.1032803953094,548.4189701556488,807.1411178672895
-485.6857511899789,569.0933942429617,1251.7662592647212
-477.28434221779116,839.9637241767261,1708.9579671535635
-490.68407350550524,681.5769441957079,705.9526895015787
-523.5765004497534,581.2584340263633,961.0447348668671
-507.5913710707948,490.04893357454415,713.8416116530361
-495.36214833758595,586.1676754154228,637.7839345876257
-494.9097465695959,571.1509514745992,990.2014942694805
-539.9249011347376,524.4376602011271,989.7393680475772
-468.16018036102423,541.9723654350595,1091.9527251010381
-485.2357564762765,484.2398973207979,731.7674765064878
-493.1991735314341,466.8450242328967,499.13402676114333
836.2833570922721,603.4044995979862,-788.8995799326331
-549.8621275767905,599.9346108997809,575.3392181057193
-492.1529817055093,646.9022557033367,1137.35769559691
-501.8638399777551,579.1587085057013,1174.8345859583242
-508.80372026559826,487.8772564209954,906.3650957186103
-495.9922520572045,482.9753969872138,672.206739482188
-490.56287939507774,688.2029476816908,1291.5904916883628
-502.0940662397629,595.4541737613338,812.8996244590661
-644.3864511091408,581.8284820647657,694.2891885140009
-537.846028286119,638.8548700518918,1121.013753486191
-494.6663920887231,580.0282380402408,1147.7934
-498.8348713652522,485.2590092052395,1098.144728869462
-456.39795786404056,561.4179616397059,994.6872939991711
-494.68705874788793,580.020504440017,929.635
-542.2181212748042,538.8718898479203,844.3582157246334
-542.2299416875621,583.1329140713655,675.4489998328079
-494.6897664540304,580.0323253812708,886.8296
-474.34526601329526,671.9708553537022,1527.7899064247972
-521.1938814346402,560.5390634776587,666.984308685033
-521.1211798541831,483.6939742336799,1118.8245894804118
-529.6179839957567,573.7755543983011,661.3073868359888
-494.7906881869137,585.5272148266351,801.3796265549885
-531.7889904389406,680.9513182659377,1052.7607967089102
-550.8868401694331,580.6812640813204,1002.3499384323688
-553.0883074649169,577.2096862317583,684.4975681737772
1260.3413547198143,610.8293368710224,-803.9808465261322
-497.47175290716723,526.9325985408233,818.4314502264975
-501.28905912177197,454.5369863455021,833.8987961235956
-494.6452852834618,570.0707517428417,1211.822947803396
-493.11436723695624,518.5089391094294,873.5203557296913
-484.7710483268229,579.2496591946739,1033.9293031677823
-538.1374266709565,685.9862631846825,1398.0847642562264
-569.4369514756249,581.7471224600672,802.7371327144733
-540.8779825126992,540.0352828834596,799.161633329391
-509.27655829422633,577.8845326965943,721.9567567241377
-514.9170895076113,570.55104588528,827.0100254615734
-452.40699521802844,500.1423317352202,1229.1380354671116
-475.09974850778895,487.9283752299426,1150.611493670343
-427.9616075435813,491.97634501175526,1052.2839476319293
-516.088450049301,537.6903606378498,752.8684056031277
-495.64869748486217,625.9191652631741,1124.9785828729448
-494.68796815536416,580.0075539158518,932.4436000000001
-470.6711216463282,476.9158683449578,1106.4782434280125
-476.6490999820958,511.99432784266037,1239.8282011288368
-501.63343567826814,721.85591875244,1128.8888212647553
-541.6841906370796,636.3786060200673,926.4727083453845
-494.70507324702294,580.0157224047857,862.715
-564.6077881811389,675.8422316855042,1045.9800769542003
-496.8002682954443,508.65740266452434,831.5412524314328
-471.9557637517146,563.6988767953923,884.3985367943266
-506.1986420391654,581.1561108990509,1410.6562306788344
-474.65063200983377,589.1331957652392,1180.1063572309085
-486.24154532671855,458.8925717924683,505.6045393660191
-510.91908685858243,579.8755749236511,866.8500008329095
-517.2909306156421,587.54458171484,881.2808899400372
-522.0932697994181,617.3771860306006,681.9024193334682
-493.87977591855497,547.1293568655035,1038.6188026085301
-494.6937284334058,580.0136151160252,1111.77836
-634.2942061821011,581.6949101552066,596.6531105260387
-524.7917917922769,581.3132933947078,1033.477764000356
-550.3283262457489,665.414522614881,1179.2591852020307
-538.1839050707849,542.3617781915962,708.7689576160046
-492.7079750634125,677.4765975426903,937.5285277439834
-494.2138010985932,590.0892344725002,1198.120455492694
-490.01230907309537,566.7027904659767,1091.8724781521123
-501.11864634433323,647.3578461936463,888.5967754203293
-503.91105885434035,404.65629580902623,883.1127610826456
-524.1059720946864,472.8010219036769,1330.5572960641955
-492.69307533653136,551.3167431472605,1156.084146345681
-506.64896958307645,580.24880872603,1040.1129038850531
-502.24292164075996,436.18706324276934,588.9794400485988
-494.70279218445876,580.0195436677247,1092.9479999999999
-501.82677845627336,596.5454898353537,1188.9378131660442
-481.6049935995851,508.24386193960936,1255.9171037145907
-494.9825461977671,564.3846464134234,896.2992126831914
-473.8034446771926,674.4970288077278,1590.3908698922064
-494.79977906864724,585.8247750012999,885.9428366632649
-477.8016404440996,633.6920831911737,1541.654940544089
-540.568218721415,627.7026007758956,936.6750873902938
-484.0509964532075,588.4432407642923,1147.5011341896507
-490.3642606343683,503.741424413093,452.2993599159927
-495.9063423778921,554.2428955087867,1024.137679916148
-507.21753627152384,492.6143323929686,672.172881211829
-636.3049117652711,581.720870115091,616.1809755151577
-530.9328392653297,580.2156624521134,968.4647416011134
-508.9813146827614,653.0486910093879,1179.6864555347206
-494.9587396358504,513.9708566163033,987.1376009099943
-533.0528838901946,582.5201019024322,399.54989380139193
-433.54638142077647,539.7428968135926,1128.7381796724146
-509.6948324395903,613.1015181247699,1305.6773262898196
-571.5107351309998,598.0017443561167,582.1377537921231
-494.6677032717171,580.0231006632755,960.0604000000001
-494.6858208826011,580.0191807002318,560.506
-519.9466721764034,581.511890707642,933.6051215249761
-494.670591858453,580.0141439492852,842.1798
-494.7634435189775,572.690719086917,930.7254025577332
-495.1171961761288,587.7302790352169,871.423057604422
-493.0443654411447,615.7552212881897,1191.2447677736432
-291.8467028187274,671.724482690807,2087.213706383568
-493.12698010926374,565.392935755599,941.2798101047151
-495.01853176845816,603.8553540304713,945.6990538621512
-495.0106701009331,603.5497878749038,923.7408185366721
-520.4669119609107,524.0929379209917,1092.1518846987199
-496.9449065364163,618.3753325481962,1042.8938481806993
-494.6842094955814,580.0234888011285,988.627
-496.2541777423626,601.4177202916597,708.9208009815898
-492.9956779018339,657.1018986720369,994.9010347000022
-493.0257366084352,556.0725376204648,839.0019265570944
-288.3365505019492,673.3082965562069,2136.1290568565164
-523.7762168085862,582.9507658509151,468.8502284595899
-527.1724101115287,560.7711402302168,645.3022391334669
-502.8877871991476,580.5325739533803,778.500310593249
-495.1174211529635,587.8260913431036,892.4918858220616
-495.46258465197616,492.65236122107854,786.9765568845633
-454.5334007489928,578.3150126313403,1205.4787611653787
-465.8779619854381,625.1288440761858,1226.2056398391
-496.3505178100654,580.8907233984751,1035.8620527751348
-475.6838077061245,508.3144177177196,1347.3048153748985
-499.5475255821557,637.375669568702,772.0486977367514
-540.4647867868935,580.583957437269,771.9246013606191
-532.3487934882037,582.4810576465915,378.3267988327325
-494.35370591553124,579.9703629218661,810.9347477771946
-495.6860151409726,518.5872060199572,884.036739140241
-496.76438746823055,615.3782135448441,902.8108253993242
-494.6956733840352,580.0256933122807,906.0242000000001
-514.0430121139636,570.953908562903,759.246099433893
-494.0538366687315,583.6938845752832,1142.650474982534
-535.06842171486,628.449181288805,689.9991316327862
-514.5078652768125,474.5076952837878,639.8022109810287
-482.3056597023142,638.2111803994397,1148.4618408775164
-495.97105640388554,484.40539201074716,651.2025413254561
-640.3589031175713,581.7738960984466,655.2339752824076
-487.3963594403822,579.6013156297413,753.9397097637556
-507.10047712173036,540.2110692201895,861.1315651810252
-518.8372492240114,732.1984526597073,922.9135479272061
-495.0880358065792,554.3107490052898,673.4191517001965
-509.2288164890556,510.00193092204495,383.3507730080055
-557.4783483482861,690.4823344988101,1169.510005057214
-495.62445692552546,477.38103365821013,1017.7778080780827
-495.9889656090029,627.5846925053254,958.2999005084021
-632.2725102079894,581.6678898741845,577.126167222869
-558.6926003370475,523.1367721681528,712.0425868364027
-494.67115085718183,579.7320398131051,739.7784327482719
-516.5494954542864,646.0132799227115,801.3952421042582
-519.0652520177916,531.7981661493038,962.0420125255881
-481.6514684435979,579.3699257331881,990.2551987921277
-490.8380886059563,646.3428225201089,1180.6611568618912
-503.5174618808546,611.9327333827234,835.9545834185702
946.885191526555,605.2659050549671,-776.6423353742939
-538.8567488868723,541.7797968539005,731.3671401074162
-539.549848987572,573.2620972573613,810.2386737484059
-435.2353671609749,678.0980177632084,1133.6418773103885
-495.2556960955185,566.0311568084504,612.031384838767
-426.08189712381227,510.82421163290286,1107.6206094664806
-488.3202974040573,701.0908507446529,1132.0146163621396
-494.7684860441127,573.0876965165102,840.9486398332305
-492.02452741810566,650.285931503713,1233.1072977517824
-491.5077657572283,613.7623162979669,1111.1596141472007
-519.2366444963836,561.974040107015,562.4344442285673
-494.6742835909531,580.0109895799926,973.3626
-494.702784280591,580.0218615026565,1048.356
-542.8389960890008,556.6808904823861,-32.23727268588408
-514.6005331975998,627.5158996394589,931.4800023809022
-492.29443731512583,624.4637799284106,940.0875638756384
-491.65903305965367,550.6995185841743,856.5324764772583
-494.69574421292873,580.0237102124925,882.384000000001
-494.2594141440045,634.0826018847997,897.0144466293362
-495.31390874330873,667.9730349725173,1155.406366577524
-483.4558977066479,518.4821840498644,970.197655806134
-506.2540074456874,580.2440408270126,980.0195212085888
-520.0302153829471,561.3963940166449,604.2541064355776
-571.3425882248598,581.8021279041852,842.7269310936025
-495.91479811577756,488.70474179830126,588.1906158275818
-523.8830603242432,581.2667966575926,979.1529588496699
-492.9369346850599,616.2871261331118,1123.6994368735336
-494.68738745227347,580.0293992458703,776.2982000000001
-489.5019537950234,488.56125489193755,692.1551064079424
-566.0931222944091,638.6947199974891,830.4384092688524
-494.92848172138883,554.587494275997,919.8956457275904
-511.7295030224973,577.5081074653808,969.1326591293405
-533.38232164189,685.2698961345654,1130.2701058792854
-488.13725406583626,620.8835848414226,968.0844139407245
-494.74080968047247,577.7384222633514,989.1559135351185
-449.02107584089526,418.86001895866,1105.3759289720588
-532.1990187239087,682.0166462648688,1072.1386903943576
-485.939794403012,620.1846043246665,1112.5753068039721
-494.7747735964176,573.4492483960644,555.9720351261603
-494.3672881878297,587.2623025946991,767.3731505705765
-496.71453903582346,581.0979649615015,1425.7382456192006
-476.4752268587149,579.982961537027,1160.339225150808
-495.0400799511069,556.930397326824,528.2308370046991
-567.0229619377092,639.4589391447837,850.8994746436242
-501.2539654137363,511.1274531169654,1012.1328069511432
-449.36509355148746,477.76265135617246,1075.5008990277538
-545.7444584105879,529.6493130697821,678.0113134845325
-494.67902330397396,580.0349955836114,690.5638
-488.1201878579204,556.1126479249785,760.3316780802072
-501.08534260249644,578.0597117842613,755.4354082135428
-557.4314147794416,577.0128907864969,791.3374962914589
-494.43825069464447,588.4863849705187,1023.6074631978577
-513.8333515488357,535.1861214872145,456.1249998277731
-537.7622318026872,685.118214716249,1380.332465839932
-494.2392016561557,604.0300130334131,1075.773028754372
-496.12226617971237,548.0073246391198,826.8866869902183
-494.9150825745064,555.3247753198093,872.0410608574105
-532.8602035760466,587.4792493743635,401.59233619276574
-505.83863459396207,590.2446898602345,782.6315945607034
-494.64487973146606,581.1160854299886,860.1047377385779
-510.506385965095,495.7330627365832,359.6197328031293
-494.6789760596939,580.0227158169812,813.2826
-490.8072369637962,542.9948824233684,874.6724793039873
-494.40529564103144,587.0568095187509,725.9512010351426
-492.52455308995604,672.2042042079972,1084.606679571347
-490.34860786838726,528.2646265503355,1007.8995388843118
-496.1752550878175,681.6247785344258,1024.676778829488
-532.9359577250266,697.6037216458833,1202.9091073063892
-491.8744104595621,615.1452550158815,797.6231972246334
-494.68885896644815,588.1888371657568,900.1782021323701
-526.0021179645114,578.1735669191403,487.35846349067566
-486.7209074282391,570.377100373219,1016.6499683635976
-504.86038512241703,686.512183453719,1843.3547420404905
-528.1121749089857,580.2056676997437,834.7661084288542
-529.6923213115547,644.6889038149625,917.0235562229856
-539.6299012046484,585.9369048745879,604.8337748506217
-494.69119264492065,580.0088044690639,997.7568
-550.7328463395252,600.2322949001707,595.9239714161494
-495.5127203692532,542.8615647541965,876.4941338959638
-475.9580867353552,599.1383161666035,890.2145643251764
-432.7474854458983,682.2040896884171,1212.8749616191315
-541.1373301585963,594.1591919757317,727.413093964928
-481.9495032614918,579.3855025290815,951.6706555187325
-526.0700882701121,582.3517351408358,1023.1651344243137
-544.746797162675,525.2046192034827,766.8166188741191
-514.6503745522286,640.2466129988732,665.6573942663617
-543.6597517474311,625.2782648025689,792.3066706958364
-533.2160491067539,532.6840814442544,730.9036315063295
-483.6131857316732,822.6157608859105,1529.983236522643
-496.3962244028312,580.9213730607244,1076.9016407895954
-495.15517809458606,588.3175701341427,997.835933220008
-548.566485434214,604.435889447663,634.3650463529407
-474.04671906662634,589.4180933816801,1238.4979677143983
-494.67742491951594,580.0185664034211,934.0457999999999
-470.8242818306086,480.7050715464002,732.5256676305864
-493.02783658519957,636.3642719529437,1096.123495868752
-485.72430034025183,587.1048311239399,848.0831596499055
-552.413495862872,624.4176491052881,1031.5661639301904
-476.06380184312707,509.77435486554214,1304.3136103133434
-425.3434276662624,510.0682642221952,1127.8029942432386
-482.5210397590686,604.2512423322185,1586.140962036953
-494.6760001904013,580.0268616127827,1029.0662
-545.0443796837355,530.3329738670897,658.4141622328261
-517.5849211329783,626.7567923775225,1380.8589874260078
-543.3177639824823,611.9375079815497,550.5183640630573
-493.06321914258115,564.8120552487235,1008.0135554686203
-494.697310473764,580.0218805639413,924.2800000000011
-540.0973800794945,582.9977384828477,611.7805025874036
-501.68563181045056,579.1819519855726,1124.096265866478
-543.6421238045959,531.7252758204164,619.2207976025627
-474.87499825122677,511.97962606293356,678.6726403363901
-559.1725322996531,586.5573408612291,686.1307788423339
-494.7554303485622,573.2835592662212,796.0602442900619
-426.65053112795067,598.8977297026336,1192.1506525101695
-448.854841871228,476.6546229534715,1095.3343686750436
-494.97562604108884,514.7000639245182,967.4803909615417
-494.6394772798467,581.1360224786323,879.737613412529
-537.3564217305166,687.1414583526941,950.6754456366987
-480.89497188967505,539.2868611287977,459.2788827416224
-492.31753851766416,582.7154890006241,1136.2880176038254
-508.8485758500833,611.2552621105842,1190.339031032758
-509.56440983086804,692.1457851904781,1054.9853165791897
-507.72107984501645,636.0696803882404,1031.3729092571457
-512.4769019896894,603.0157563511925,793.4747527772078
-494.6769060400336,580.0243365000397,826.3996000000008
-508.1419492555315,486.21582688409177,776.3460019718307
-501.5225952541673,651.513974243223,990.1672137793242
808.2131713930012,602.8398529962581,-774.3690938685559
-610.6953841745399,615.9859642875078,802.4648824473529
-494.6803771780278,580.0281447387691,992.31816
-555.2978631701881,550.6438298515625,154.3889611881877
-482.4378809576283,637.5810016908605,1127.881848777865
-494.69951091381745,580.0133019064342,1081.667
-494.7062220279022,580.0193764778853,879.3434
-494.68458929079134,580.0265370673892,864.028
-499.61829727939175,638.1627377315885,793.2455084417953
-510.6717167090619,700.5460910754803,1190.4733509678179
-502.0685736543287,585.0760633011412,784.0150276874102
-528.382765785637,571.7398780163057,986.0541894463174
-494.3380392592235,579.9979840262208,832.2755402809395
-494.6858710368665,580.0291167457998,987.1474
-476.5153214517377,579.6402175616288,1065.9299298682042
-494.6824327323766,580.0322833014247,626.1232
-447.4868905794765,557.8109519213235,837.07949582259
-494.6861605161448,580.0292016744424,903.3098
-493.8576986394571,546.3395702493474,1081.481940622584
-537.3103135426804,607.8259979331627,1417.8822575580011
-493.9105609299279,547.9039999122308,995.7553674257996
-534.6390310932447,606.1036756042989,1282.5360051514535
-457.18157569344976,527.4552590403109,836.4444454289301
-472.3832044757746,580.1949908148617,1242.5057882267263
-495.2745020868142,589.144057639719,1078.4605926986608
-479.03559630105474,579.9868441715928,891.2053948688764
-490.44968809455986,688.0459993235988,799.2703428322706
-534.0150135359545,678.7082752751128,816.6652613376036
-528.2181123973846,624.1433267954894,517.3118649974693
-494.9449009287853,565.8321345967353,743.5550043551125
-493.75844797937043,617.6625170996354,913.1722790223348
-490.96670040372464,666.6510837278063,1201.8509150899285
-558.3186099864524,586.4726963240912,666.9524520951927
-493.07040771929496,615.3788546507508,1171.3269638533507
-508.5113681927637,566.8906131935436,910.1188600686284
-490.96489893524904,644.360038503494,1122.9417764973034
-504.6000006709173,436.7447928930437,727.3442611455326
-494.32447295688917,588.2003334610463,723.357597700558
-531.5022116647951,587.2231683088507,360.9488268004649
-513.7542865063442,608.0728285287643,862.1498009169352
-513.5634946246066,577.2460840076092,1154.514672063266
-494.6874275843047,580.0337869810703,1162.4261999999999
-528.7959770768916,564.2357535411413,857.820753278842
-503.59718179815764,580.5875312141288,911.9465051523181
-483.16822519770653,554.8965727435962,1004.36577787343
-498.5819822278572,491.20281463563003,982.0257449306082
-454.31540741024537,599.3845887690741,1199.237986394586
-491.638353845186,618.0054735034425,923.2171552848629
-451.58196611765607,480.0390502639236,982.140496807163
-549.7553892032829,553.3248392324597,71.44422434113136
-492.05827692686717,582.9997633560604,1323.9163629494028
-506.5893988648629,498.4289196342827,562.4475930241185
-542.1744343082469,580.5648642844272,729.8063054774564
-473.08863849025283,587.1193679104117,976.8002799159899
-483.91992213132335,816.4182857737719,1471.8155412929984
-551.6885536258878,599.2437566547934,590.5935318929305
-616.3315208586719,839.3293491009936,645.3742341670318
-573.564760730965,706.0246678531837,555.4051517462714
-555.5148208027363,687.0555637323539,1109.7180408151885
-531.343273178939,629.8442000511783,1001.1224521217327
-485.5288618775335,622.1426222996813,1204.195054604804
-494.6797006841339,580.0284186832073,691.7404
-623.5808142790147,854.7478958894476,728.6181443003238
-498.98003306925693,482.2847613656286,1156.2040663588261
-494.45278977660246,559.6594983984456,740.5894636121951
-492.98187884565596,615.4654051872692,1080.9665578055915
-494.68007737702555,580.0215523448823,1190.09536
-625.3924317622632,858.6182126610702,749.4268099730384
-508.6048637171343,489.1069635841642,884.4904003897841
-501.02085543669955,459.60884595022435,769.5650930627562
-494.6999743080505,580.0315223172943,1149.7845
-296.49667689151056,669.6341444229386,2021.991234122009
-491.26653459827776,643.0562172276103,1203.5984192153076
-547.0247468942121,712.4465668191004,1325.8552776157721
-486.1118234090209,456.8281542111331,527.0692244403976
-518.1728128774694,587.8340285401464,944.622209361627
-494.99218182331197,602.0002478571578,813.9499858257375
-539.4686850732228,672.2495996289285,830.2186863529358
-485.2424236253187,588.7201275675036,1112.7366865727236
-489.1505985644767,482.49703061547734,788.0980701033926
-476.9369998041193,579.6452185331502,1023.4931029051095
-490.12023053099665,554.526517000159,806.0678887239014
-493.09386110404057,615.0136041561534,1151.4089158049617
-501.3089238613793,582.6983750164966,591.0195012998802
-508.29144715569737,632.2593496727561,992.7902582009259
963.7497310320632,591.5405172862322,-762.3701604803591
-521.5183028741217,707.8543200368574,1087.2010268185209
-491.16016244554885,645.1871524207855,1269.5291839300535
-494.67108572637153,580.0281466348273,1110.98448
-501.17129957778116,712.8485954338541,1009.2772663627771
-529.9808934863715,571.3530671057124,1068.8111328101372
-496.8994182238257,617.3632621053935,996.1998816384896
-451.81269970055973,483.3140370815295,976.3315167062698
-494.43547633326057,569.9837025768211,800.7784506100061
-494.8994619611258,570.839518580739,1053.1193373907274
-477.0388847522984,513.457210904337,1196.8372147464447
-531.7922959806788,562.8511515561754,998.5553738460978
-494.26070764615133,625.3309057193974,1004.7130511290088
-476.71604780750613,637.1623442284463,1690.245181564642
-494.68476987125905,580.0374331616235,1039.1158
-451.98257101273475,520.1881364783353,1056.3912204807389
-521.8453547126742,578.4304291002604,322.79140809914355
-494.4911898517971,600.4633505543643,955.1028449012629
-477.1456786497515,842.1434546058429,1729.7452653582232
-490.6442283222832,685.8084391876769,1246.3232385533918
-564.3566449236546,584.5846161798258,1133.8859600440164
-514.5596068474672,533.4961909180304,501.8143568034809
-520.7766530206898,582.6418167073723,342.6413118203497
-493.1352337277658,632.0410366197127,953.6743510053177
-502.1710939501954,607.2201336524433,1062.533835634207
-494.6963697181136,580.0247580877376,1204.4279999999999
-563.6988120066894,584.5315514905956,1115.8535013391565
-486.8146796610681,467.16140131752627,419.7480119378959
-468.4495473525585,542.3706179494962,1072.1578348827097
-541.1839012562373,739.5336165535214,1590.9013096283684
-525.0972533213426,581.3292346231304,1051.585998119172
-494.68893562463427,580.0205498490661,754.8646
-543.6126007602174,680.7662802992361,976.4302729324345
-494.6643473446561,580.0288153467931,1212.0948
-484.948038593227,729.1899855414555,1204.033359254573
-458.1187199592855,528.7777809763359,796.4539772030327
-494.84492496292023,543.3643368035728,614.2980434009959
-509.72464495420627,693.341738376788,1074.3409850995167
-552.9180285996772,682.457619065583,1029.9963707123293
-530.1586969319478,577.9323012744726,651.9255581202699
-494.6306832436485,581.2215274464153,997.5348898115012
-535.5502313960949,588.0064191847655,482.8801905707423
-553.037347342955,591.3596283989837,1108.1797483098342
-492.8511659258661,442.0754485263141,773.414089551705
-495.9484338412317,485.8324927451997,630.1981356006049
-289.5062943200069,672.7900751775167,2119.8237329262693
-496.05561092539847,629.9580976956256,1044.1226564396895
-532.9934712305446,684.1908529004986,1110.8925707244284
-477.7833551245699,579.6656177468071,938.6194811900107
-508.01840531741254,637.3972712054278,1073.8024050344263
-517.7714374106567,652.75974669088,1059.7459639221881
-496.30151353608335,580.8622948438019,974.3026438726192
-495.4333139188518,596.2489407891301,1104.5267924592108
-494.6938340199474,580.0094472721444,834.2228000000006
-507.16233959242345,580.2457333126846,1115.2295592005
-544.8112566923191,529.5397384438832,752.2708732903611
-475.8800439671061,509.04718401727314,1325.8093903919917
-490.27027900567964,537.9084150102644,1098.0053046013907
-543.6982320969801,617.7008086570765,761.7666713955167
-494.2407169504463,638.3529251893688,1027.8557896211146
-494.6835245080879,580.025845903499,1224.3324
-495.87593427304546,490.13745881183127,567.1866313322331
-530.8497881729481,587.0880997372165,340.62615565878525
-484.3448880048968,579.2188143012864,1109.3277454028735
-484.9116454894124,589.0341558115276,1177.5858199911104
-492.6480947057621,667.2738261771017,986.3256468556675
-494.66633225763053,571.6196082912703,904.2119006245762
-475.06638891421017,588.9396230520433,1141.1787592464202
-485.7751679966691,569.2133568177899,1230.3920440671527
-499.68815735708813,638.9661052191191,814.4416330770345
-492.5553438645338,671.2209175470682,1064.9502878035025
-488.48476320243344,618.6807241195554,874.5917302837058
-496.2037895174103,546.4005398478425,905.8697431147814
-515.6372724493478,530.944047676441,570.3476251899287
-494.68371801978947,580.0292917183754,719.1912
-457.0811680779009,598.0628776840349,1065.705660283093
-494.4138148827774,494.16402722683665,708.1923507419531
-506.68365831131496,641.2222628422063,866.9698540804209
-599.9285765010461,580.8484314105049,777.1181918559034
-494.21409209150625,605.2188259590926,1167.3340465368215
-479.8927010652508,536.3074861161372,547.7466616084341
-507.4927119140625,492.21133395192237,662.7216502698585
-495.7779357037816,549.5165724841468,783.31294773457
-535.652846272973,705.9193827803488,1341.5471403718673
-482.7926798275769,514.8251468439348,1072.240285227679
-542.0437714319937,532.3296875838055,668.8880832209819
-494.6724639665081,580.0311747913815,885.9074
-494.69352297730256,580.029237026359,908.302
-494.70718721356343,580.0368237718372,847.3414
-496.0197499298647,534.4728263152246,1202.7217137667976
-555.8496150060705,600.6402003152417,688.5084518888345
-526.4421149272312,582.3720537969556,1043.9352526180396
-502.16516152357985,597.2881617950102,1278.1763335100218
-525.8249538789369,581.8526077736018,727.691870069444
-512.5045724840429,485.1247018010895,499.711480197451
-494.44336084591373,570.2687387274239,757.5072971116052
-491.76985892751145,616.5728842395042,860.42027326006
-524.6793509295258,549.0356403996018,843.6778228207073
-509.1832915434211,485.4583712443185,950.1172678772252
-490.67759670813507,684.6123314539418,1223.6895162352214
-548.1062981812267,582.7790228844588,650.0632514775023
-494.6936294699376,580.0158947565482,1227.8782
-538.2089620051723,573.4829402593159,763.6301015749921
-469.87513538362873,544.4150918197589,973.1842486796011
-553.9439613689683,577.1874958652829,705.8661203481253
-499.2060848668775,620.6729659515397,1261.4045056315517
-507.3509003453405,532.3573315343203,805.433591238791
-494.69213609372173,580.0257917367899,1046.675600000001
-495.8995301289606,546.3552367076145,942.5643625012942
-506.31206836630963,739.9431094315248,1941.7051731067208
-566.0562308687422,677.8400237026035,1083.3810074884452
-548.3730907996555,672.9073011732908,841.9470391272771
-488.1709606150416,731.683416266852,1234.215683876265
-548.7142803175911,529.4668171994119,1328.1279168323163
-485.65041604830276,497.35176683018267,977.6359203105156
-494.700361663836,580.0240250659692,866.6628000000007
-550.786716864171,700.1519459963505,1153.2512628932404
-556.572057885076,577.0505379816827,769.9691360751032
-569.3368639579849,597.4829658031174,544.3558842431938
-495.7678115592521,557.3391190638745,810.2971472934706
-494.2406294551679,589.6926665866646,1120.7560453198143
-551.7435552666557,691.9461047024517,1173.9445028974058
-515.2921525509237,644.9144314940339,864.3459313786292
-496.20862372573833,683.7808051342192,1062.6414518389302
-515.2761431989852,642.1680564036697,710.9034914065214
-508.43027309887157,490.32456559503487,862.6146965040275
-546.446865373287,726.4432045705107,923.2238607222146
-488.22843048994673,730.4187479222835,1217.6863197623882
-522.4758988139695,478.74734888972444,1215.0669574582266
-533.5200774459611,587.617821736618,421.9147103186684
-493.19425771056103,565.9689537732979,874.5460123198844
-541.9008051381718,742.0287267348481,1627.4423013946496
-434.91952141623915,540.6226327059346,1086.8258015838317
-494.6929447938719,580.0280997004973,798.592000000001
-494.68297636983016,580.0272764897056,1007.5840000000007
-494.6698829649945,580.0416193166202,582.3784
-544.7895088243313,683.1936390640644,1018.2055924334995
-514.8196413511782,609.6548516127765,953.366551151936
-454.16655964086567,578.317762095669,1222.6263191961277
-550.171431758678,676.0212996404803,895.6591027357586
-494.95891062840724,565.6196921169798,765.375519077906
-493.92004522620755,548.302312911876,974.3238657291218
-487.85543520910187,739.2431744907888,1333.3935040612312
-477.56645462227675,556.609056329728,1089.7806933132313
-494.68251812265794,580.0410372333631,757.0304
904.8839665291052,591.0723527280488,-761.9767492797746
-496.57802565437805,912.1318263410747,1372.7444439651806
-424.5981995116722,509.31954278429924,1147.985421898593
-493.9226845948747,611.0005001750674,989.7077865190721
-549.6623825095849,697.7178789514461,1114.723710553042
-490.50579166943567,540.2237403302379,996.4904494084922
-494.37074451214175,587.6535349436115,850.2171707558823
-554.2186773469239,684.7601807528567,1069.8569369607244
-494.7022730669496,580.017942354744,856.139
-488.1992848541313,703.5707373329112,1170.761284020989
-494.6796057824838,580.0281250315152,739.8966
-524.1662075352856,634.4554484477103,652.8026425865577
-535.2786182479877,530.1445231310511,810.5453597346145
-534.9641739115473,681.1111073034172,854.9543984066635
963.7477390195581,605.6550066030643,-789.7057317670096
-555.0105498391906,600.3629347613816,668.9257536506248
-482.43085924448724,567.3344292163305,627.9627824531478
-510.3691085955443,745.4057700196684,1324.978220979798
-484.88082320349804,587.7731335904093,997.7921154589566
-486.684797554994,465.09433492680887,441.2123002920067
-561.8424883920079,584.4002719864021,1098.5927270315983
-486.2597938774479,569.7791807173833,1123.5209838116098
-513.5702635730458,486.7211137631409,646.1562388165302
-543.6128618026428,580.6234090741846,876.9316862261242
-494.9056104822448,571.0385906300414,1011.1740666935269
-494.6881537875695,580.0209881396147,955.1216000000006
-529.8848049094481,582.109931787039,921.4544937509522
-546.0943299383755,523.7109126868604,807.2514470892372
-496.50291244245,604.9608836266526,949.7293412582629
-549.0284575950045,686.6279574097039,1082.4813175742713
-526.2281860971498,561.3180419545554,603.6852594327324
-472.24871561269856,483.67374132517244,984.4027609638856
-494.686604151181,580.0260026777155,927.0576000000008
-494.6734245832913,580.0193302528419,1002.5068000000001
-532.9816436820533,613.2382479827525,836.4960358909319
-487.81276031149764,579.6185635665547,668.4877239655151
-510.0055907929659,638.8341947916556,1212.3720677971505
-524.2454508170479,620.3313123469791,795.6616443929676
-495.1515175882473,588.1175123239336,955.6983329605112
-509.550113057461,580.0023701916257,1139.716222409227
-490.63122938267543,683.1831715852511,729.2828542190532
-494.68607982325693,580.0327858249877,819.4058
-475.87076811936095,588.5712572498514,1063.3232195768053
-495.82024551450513,540.5246536134993,943.010658767514
-501.46643597413777,582.7756613175525,626.6700549591136
-471.62954232053517,500.99675030542244,1489.8465513251172
-548.5292008112333,695.2944180755986,1076.1957637687628
-518.1193378591552,581.4115265259323,812.0572222063086
-509.5847319940867,644.0623901938363,1285.9481652008462
-554.9947600994547,601.7959288885729,698.8501271395132
-494.7120980638497,580.0111473942887,899.1578
-493.0489325809576,613.8099622052878,995.5010243958561
-494.9132789127393,556.3932111698632,800.2583632368128
-475.09215035382203,668.6070162581958,1444.3218920264464
-494.69189455034666,580.0246247683199,1033.5610000000001
-473.2405125545956,677.0139176315009,1652.9920949076518
-492.40388198258916,677.3390716681647,1097.1531907800104
-507.05862057648255,533.462365664371,769.8686794695183
-524.371269491776,471.82012352857373,1349.8062010524338
-479.13807042399264,534.0652200477944,614.0971226371571
-494.68654784192995,588.5886893976689,979.8123298386926
-507.2357243642964,591.5248062859382,973.6492849658108
-568.7118950931892,698.2620985999606,474.83177302709083
-448.0743982999959,558.1024395526929,816.7132940763629
-486.40443262419853,504.21674797898504,833.885306566501
-494.68590255598065,580.0090538776558,972.9088
-502.12304207145735,579.128849924972,1242.4855994728812
-547.8218715938835,614.9194404224488,671.6042875391724
-545.5968409117172,582.4653085121611,614.0148280027194
-503.41936647606326,611.5165466126819,815.144850219335
-490.55892806163433,568.2214522209856,879.0061228300492
-494.4339245363708,495.50056997801084,685.1105502082498
-501.4953739945072,579.2015554581028,1073.3579890480212
-538.4936122208517,686.8642578156841,1415.8369466226172
-495.36683118285146,677.3836029467252,1359.2573165916738
-496.24172524834376,520.8469706834235,1116.3617455220497
-539.5608345717892,689.4926607609318,1469.0937534454442
-508.59645920016646,633.4612834244999,1032.714070264201
-537.4057259253868,638.2653949968314,1102.2118239498484
-495.0627353416721,554.6951463231105,652.6781956816257
-494.69269751045294,580.0140884811308,735.3972
-546.8036434977998,620.1012781218951,858.1238000418496
-498.05081303676775,451.3206488247849,761.1170411348648
-540.2845262683456,691.2279880261071,1504.5988160535803
-501.32310565823263,715.8581493220033,1049.1473135691197
-518.4692738467927,587.9193252831576,965.7360004721712
-514.4078176049302,609.018785800927,916.8797310924306
-505.9899529269287,590.3661332157096,801.7333189944412
-491.6383492782488,507.5365588969732,759.3502158115894
-552.4263496909548,653.2678678456114,748.0637257377412
-507.8667824621043,636.7347520730827,1052.5876286240934
-530.1196035136527,573.6922970873608,681.7144804614622
-459.7363066844305,563.0505373901526,842.081649576681
-508.3277333856431,567.0596877020058,889.3586000820108
-527.1900467683388,578.10928926513,534.3776312357265
-504.67559282639013,606.7934698922857,990.6126987144996
-603.8920137406378,580.8820267851679,834.7964686796672
-581.2790057595384,600.2965128195274,752.157319229608
-476.26646451990405,510.5131116745224,1282.8184972061256
-495.7979119277493,541.5351834739228,899.725525307893
-494.36439320646423,587.3582439938807,788.084164577453
-598.6063260653211,580.8381925974411,757.8921607362406
-546.4406845792466,596.776452374625,494.5060698959863
-451.32845109608434,482.19668794779636,996.1650571525416
-541.5615836276033,533.7791962730465,560.428730131634
-512.9846035510031,489.62064358010457,602.8323954210026
-464.52036480515926,576.5266798375526,936.9443390595698
-494.6881091526036,580.0332212036628,969.2006
-494.7002391602657,580.019211231536,761.4015999999999
-449.83699876005585,478.87653076922163,1055.6667912230305
-494.69656933017154,580.0289317099687,886.774
-494.6732641039598,580.0128314027677,951.4988000000001
-565.2988143334219,630.6372015580789,699.8645585743805
-491.4517157730247,614.4756030230542,1150.963033291653
-536.1035838128766,636.4956277609608,1045.8056463851717
-422.38627105406704,507.06722430456813,1208.5334164189217
-529.9347935375504,610.576134824641,709.2500564697544
-493.76177121201954,617.1840837080076,892.1221459813643
-494.89987892158524,556.7817606617234,776.331505889655
-493.7887810764205,638.6396719743318,1057.887134820435
-490.2302651515606,526.9241915569474,1053.5731752173526
-494.14815316174327,583.2335275423932,907.6578170881168
-500.85193229434526,463.00105600880306,726.6767773955469
-517.4612675604571,578.1544035191214,851.9473601100333
-494.2536196818869,589.1904835106646,1024.050559337373
-552.2908616996169,693.0018133735525,1192.2373768259758
-503.79134049654476,406.7683248875252,863.5050554308135
-552.6984331832164,583.8113744655558,846.9888070036931
-567.5016461597434,679.8391851962278,1120.781968321667
-508.1298853868607,631.6606572725937,972.8283504645915
-492.1929782133943,686.8279848210441,1277.5996608670675
-495.06644493410386,555.4321888143436,611.1955604869681
-482.9299556302211,515.5488291490146,1051.8315236385229
-498.6414953965909,686.5881787685616,1206.055471195167
-514.1398207201817,626.4093193196295,892.4647337578955
-495.935035589765,544.596052118573,1053.1336310529614
-506.4787538741666,523.2059681764395,169.08099665427676
-494.768155788317,577.762530882082,967.5753054408701
-494.68680879972226,580.025853713054,1203.697
-549.7442092921083,664.5478608693184,1159.4566902852075
-477.3563575459398,579.653398230121,981.0562534224232
-548.0921655889279,647.7865987563398,635.5415787652137
-486.287155607793,595.1747719839301,872.1075615377541
1244.7939497672396,619.9458537138505,-806.5712404943461
-521.9732887076875,577.7831094509054,1169.7132841783136
-494.6890557355955,580.020542242446,667.4681999999999
-567.19952196243,632.0221557969005,739.1500193665707
-535.4003816484733,606.5906351338432,1321.206459183293
-501.1858864150727,456.22778807227064,812.4543003133714
-494.7879746839076,585.3085989510625,737.95719766728
-548.4939638035444,685.5642718593156,1064.1884765023763
-494.6807913864873,580.0333709291217,970.988
-501.1821573392326,511.97801476464747,989.6652685320311
-501.4389830784262,509.34834768215273,1057.064510473118
-474.5998028922927,579.5903417446391,1256.8954657046954
-494.68645290481345,580.0179682069947,854.8355800000008
-510.7646454337855,845.0484136878979,1720.0493896420583
-482.3643807079045,483.52290707481916,393.7598563650706
-547.6727847136945,729.8811979812335,962.5495460183464
-494.6793718523386,580.0338506373996,821.9300000000001
-494.6725883512795,580.0230795974308,853.5369999999999
-558.6702577686508,583.3132995169115,927.7591470369837
-491.6492453291844,612.3259357430699,1031.5530502945944
-534.5303325416153,614.5569022604395,900.1186818504248
-521.7746500009916,582.7470540476295,384.7109931136134
-481.73583235194064,551.7741428983813,1222.8669275046645
-493.00547329539177,616.8456500669515,1250.9990583336203
-526.9205289903857,639.579210044596,784.9129944091754
-508.5036070653873,639.3951307820641,1137.4460816100939
-513.9029709399945,625.8639078704205,872.9569675270071
-518.068997689119,578.0942884442152,894.3160507097671
-494.15467588472416,629.6921755192644,939.9417182700023
-566.0375808040287,516.6183999890652,880.0071352123634
-495.0043184632309,565.1008315219401,916.761696950251
-493.14577100215683,463.309938285996,538.3171987330487
-553.5688019119061,683.6082058378872,1049.9266784952274
-534.7767068118478,580.5213612601813,582.9124919732899
-494.70492800289685,580.0185253924669,976.7902
-466.80996349770567,623.6731622208653,1162.5873003476156
-494.6831641061094,580.0150456025888,975.2714000000005
-501.3652154027893,577.9722713518072,823.4310572136435
-491.8708366382489,654.3454165640111,1348.0068529746725
-494.67897935050405,580.032589728154,1071.42904
-493.24438612978724,559.8683035025851,1161.1999105274572
-494.2290736401701,625.8626529907303,1025.115100333119
-509.84533973856105,613.4150046904144,1324.9002216934182
-503.2813299321756,580.5640783968474,854.7553339778682
-495.84796982068656,540.0233992639393,964.653320380917
-482.9671819622854,635.0626972254466,1045.5617879904328
-533.918724964482,561.8634332702491,1099.0803790054183
-492.3555893200023,679.4578857466724,1137.2519209480645
-552.4909883368605,703.7902344562336,1211.042880520273
-529.7508538302918,577.3480902481065,960.1662248856624
-494.699461713476,580.0254495638351,916.5662
-488.03671350423383,621.4395374430912,991.4573099964122
-487.10457725288506,570.8484529666121,931.1531945501038
-472.60695432099146,587.2838353999267,1014.4391776638354
-482.16137479754525,638.8428651341072,1169.0416934527666
-500.0173666099547,642.9534072870892,920.4235772227971
-507.1385911312632,494.69780227012257,622.6119287386585
-494.6944748599392,580.0132327881686,1073.66952
-506.77767438246315,497.1802447786829,582.5020335683186
-493.1419088442651,558.5354207675423,1288.9844615086417
-252.2808086422815,503.28823721188587,1243.4900018083385
-517.2351974460316,678.8036041950037,877.5311830208602
-506.4098195864631,499.6685781428421,542.3925460429786
-547.3740099139391,628.7135481888934,909.6258288198193
-552.2250952452646,577.2636642057862,663.1294084929384
-561.690860435579,584.4104078521145,1061.7570882607322
-493.27539799959004,566.7433602256201,785.5676791257541
-496.20971972532425,546.0175688218867,925.6158889173392
-501.8138199562877,605.9790994977191,979.3578070044543
-557.8974991772707,581.4780464593996,562.8027392889725
-529.9243346338467,626.3804506296108,581.8846096748754
-542.2496885878563,533.0959696708902,580.0263310683074
-493.1317090584864,519.2583777918566,853.6216828402512
-493.94103288887163,549.8767599762896,888.597476159616
-474.39575235229086,580.1690802347634,1063.5987120530172
-545.83069890763,724.7331211592257,903.5603538148993
-492.0688063285879,692.1026579319255,1377.8475466375373
-507.3522156170761,396.9189758996795,1138.9202722584582
-494.6902424181676,580.0189149081941,903.332000000001
-491.5215338920775,695.0755113553691,1169.7096668466627
-530.5376441055043,580.2144333775858,949.3647894466562
-494.7107786559559,580.0065915979188,858.7374
-514.3483143127091,570.8092017321369,781.8337727952768
-506.10785228564555,569.1812605745866,619.4731056448945
-481.07427214807785,473.2806244415351,515.4060794494414
-494.14137904380505,631.8455727884881,1013.4630309110028
-470.7099828378905,562.7856350991941,975.5547822173432
-487.927876917091,737.9707331459792,1316.8646063616968
-473.1829871722143,580.1859443931412,1170.942910804009
-431.4792085181275,684.2882402326832,1252.4885104815676
-527.8795587376394,608.7986183997118,624.4200405346646
-494.6345082008611,581.2035637257674,977.9020128393302
-535.5336407114117,573.8834542922496,670.4125231628703
-499.2678034016217,621.3075523295627,1292.3693360705392
-535.2383239675032,704.7431231248534,1321.741469566985
-496.3662262617686,603.1977012158217,829.3249548806859
-547.8376006783258,596.190076424352,940.6128242916002
-474.8503022387695,580.6534483260504,1075.0277594115
-494.7021153507412,580.0323591196579,1237.357
-491.3351566248334,500.80945757466264,899.8151938289782
-569.0993394665711,633.3981093096347,778.4358029134844
-548.8659762017503,582.8026192331777,669.8984900641103
-544.9053866626814,582.4134802349233,595.2050245882183
-507.63700616999495,531.2805394406248,840.999283986367
-502.64305535385506,598.4227425436998,1412.0340215524238
662.8653132380496,600.4550791182246,-776.9393429869051
-492.92207368363006,445.6177583786578,734.2315873449684
-544.8279670175014,612.9241112851166,590.8802239594679
-494.69666743747166,580.0188816607542,1015.431000000001
-508.91668334565793,634.6547885202053,1072.6380300548692
-477.59609350207893,579.6503482844405,959.8381276616532
-494.23314501510094,589.7862670515348,1140.097174491454
-561.7494074290462,586.8195400384482,743.6650441194488
-569.9217577202826,700.1952802656151,494.9760251798741
-494.7074122433942,580.0317121304853,948.9424
-614.5298112926298,835.4589803125014,624.564956447163
-494.719249290933,580.032749173172,969.2626
-494.68578341461216,580.0198516427342,1100.275
-543.4265055363212,530.9343490139654,710.5794940962484
-671.1794922238255,675.4675413067985,734.9687525621525
-505.37853227494816,425.3731385632825,844.9379848175395
-474.15991431169505,672.8069722477454,1548.6570983178995
-553.2777140692033,654.3647061507438,770.5687225484737
-543.8032326125735,534.064581815996,1139.539183020808
-529.228823207598,580.5867996870533,851.1276487621271
-525.9721891332786,572.3364495380983,861.9191451777651
-484.25196707040095,579.2138363282883,1128.1774180631155
-502.7622730562189,585.5807152802356,929.9537674363982
-544.5816578637871,578.8341930382949,1367.3793849239553
-485.3758987185015,485.5601861233812,711.2561921132876
-494.6884902167503,580.0113127776219,873.6641999999999
-524.8175524453652,578.252854440886,440.3392076096299
-505.2705307082065,589.7495477785283,706.2244830267219
-495.97000198299406,626.9831307512975,936.8444779154108
-562.4105004226803,635.6560456722934,748.5918905879578
-505.5190627524198,609.0927194759117,1139.9590629324298
-467.31511030935667,466.1309255029246,950.5798651634375
-474.8709064392601,600.2343145964089,985.2862613527623
-491.528219588364,545.4871506345819,812.1060681821194
-490.55619973185685,530.9465955822242,916.5522193063089
-494.67744355636137,580.0505940056682,865.1964
-491.34289217635205,547.7586756177152,1018.599484460457
-519.3502388370653,581.473856291425,893.0889693074997
683.9758543248554,600.8242810268703,-777.375392325348
-552.0321602690196,583.7577273730254,827.6334042086614
-496.0044121628837,628.1775031459695,979.755607956543
-494.94640842766444,516.2137870214699,928.1677658048482
-562.3644409631261,584.450892230906,1079.7890954870745
-494.2184469775168,604.9289023491951,1144.4436666920208
-504.7137259849469,434.86196991758675,746.9442340392025
-502.13700175241956,732.3737871125265,1268.4351566811774
-529.527488949212,672.0950710366719,946.6902039215154
-531.9328379383301,582.2281854258403,1018.3354739315552
-494.67505856178377,580.0281531051728,997.45184
-492.3491033761261,623.5665926284327,906.1409228183442
-463.856847357707,576.4541439157395,973.7839294912883
-509.6802041280423,605.9477896528529,1394.5012955727705
-494.7090079037812,588.4680439567629,959.9038996666707
-458.9204601970855,597.1756224161741,976.6840718058172
-544.2087704686182,582.389348236344,576.3953474456811
-508.22093213431424,575.5753867705607,1219.8071856351144
-539.3056926564154,692.9531181701205,1019.560548307111
-593.8156972974189,592.4126124084644,609.4875311481379
805.5341091313712,611.5802733867802,-861.4534651216745
-568.8729156895649,640.9543593712999,891.8231349188513
-581.9392531758917,689.8660738310407,969.3877202171969
-496.22367930034306,685.962389997728,1100.6047835856882
-541.0599366328045,628.2062045110628,954.4137736662236
-557.1612926968592,610.0118422629771,950.2193815053482
-494.6876470290513,580.0187061284101,847.807
-494.5194049912368,539.5738370212055,869.3452087882628
-474.8436994423523,589.0409048614038,1160.6423961534244
-512.7217057187368,603.3284478152359,814.5281257160519
-499.0606283191828,480.3092389592174,1194.9106828061783
-494.70224812794413,580.0239736585938,884.3696
-493.5440219733832,562.498131762057,546.9226929545534
-494.6772055325928,580.0348690075098,1286.2386
-493.16005784499134,520.0146327190827,833.72330936704
-568.234573191829,680.8349623659724,1139.4823005361905
-521.3936948853707,482.7092385574397,1138.0732464009157
-498.00202061082996,452.87874480796285,742.8203283503783
-507.3146840532629,493.4537568842825,642.6667508585685
-536.2083743462535,685.1459050475281,897.0435007275647
-488.78409347500747,558.5437792128898,606.1817331322858
-558.8612123860808,581.5050433282634,582.7971793400782
-502.8108969292657,425.6794259138002,687.0241080305996
-494.23096761497845,589.8868131126138,1159.4382712522572
-494.5172958231367,540.0540085720295,850.1685477403759
-487.94397138498834,622.0030743865157,1014.8299598350071
-495.39636643894073,500.59716477771053,646.8882643268286
-539.9190895493673,690.36043923541,1486.8463380805913
-494.6665556949015,580.0329252533325,912.7201600000008
-668.8554354244343,674.2139658200938,715.3963915383122
-528.9339663232693,580.2086327065166,872.9654159982147
-512.3353354925398,577.436256952401,1030.9267404049187
-501.56331051448797,582.8044710811075,644.4952624800388
-492.28087890707593,682.6143581267006,1197.4010486635982
-517.8165575580533,581.3983174127308,791.7992092708432
-506.190843709634,738.4313181210171,1916.3568920074863
-548.9529965077932,648.8714924728013,658.0467779843202
-495.2034689046218,567.648547356515,453.1928090468131
-527.9836851602072,571.8383758632401,965.3649549374932
-533.1299211018909,605.1057098586674,1205.1951175826787
-619.9648144546068,847.040185935859,686.995413347857
-491.43263945316903,548.6008556175384,972.2946613807459
-616.4552832778897,593.1424142259827,235.86871151855777
-507.8694282887037,575.6846128266275,1169.0680180357263
-555.5104397960022,699.3889517564464,1301.9939017053143
-527.384362085786,546.2443201776312,988.0461421684508
-532.7621792433938,604.8614994506448,1185.8596503565107
-452.63643927636485,482.4558635198342,940.2036889098422
-546.9933011731073,582.5331820831507,651.6340455791513
-494.689955771928,580.024460715091,925.9110000000001
-473.38916929322204,580.1864804071677,1153.0522470955639
-453.73638929551817,502.66156091684354,1166.5656128961123
-494.68407915672515,580.0162663494182,934.9718000000006
-490.9694205933972,761.8623258569976,1245.0285354260066
-491.01949902847446,528.373075934855,1054.9397555665378
-511.5309767433953,577.5315026482167,948.5345974137812
-494.4807751447047,573.0566800727299,666.6737270941981
-471.5236221462071,483.60430954407366,688.9136606657842
-490.87445966099654,679.8132369472917,1133.1557812135395
-522.014750736681,586.6854534167524,715.4911558494897
-491.4707585611977,697.786848839914,1215.1599555572093
-507.95429316142395,537.441343221556,973.8549620255053
-496.3945915028603,603.4907386916512,849.3923586749584
-494.6902380268243,579.7193499959567,762.4042307101666
-642.3579433473183,581.8101307845268,674.7628070474985
-493.0626323570316,516.2419080922119,933.2155825360135
-502.368770472669,434.08586309082546,608.5883392829571
-548.9731183721879,673.9332539198685,859.8515273452244
-454.818359688742,524.1413929389876,936.4198633050886
-541.756500391496,594.3342052622551,746.7946831622678
-494.6886733696199,580.0261889621963,1054.6151
-486.47519624028337,617.7231398202505,998.0512108061623
-491.4875603014493,696.4313841211551,1192.4347760527667
-563.4771345711865,586.992453569735,782.0207902524062
-521.819045955936,709.3639781132208,1108.7699312421346
-514.9625007976447,641.2043156645211,688.2806079776298
-494.66901240663947,580.0243444820574,850.5354000000001
-477.6258540136896,634.2608760634985,1566.420379951316
-466.49202897035457,624.1622710771627,1183.7931925616763
-494.76954859898206,572.9489790962841,658.8021135159172
-510.89478714397046,846.9853143069734,1738.166257759486
-496.9664658227757,618.8808039831724,1066.2408509542577
-584.083470326857,692.5901710756923,1011.9048747132015
-478.46180289048175,452.83483455654823,758.7020502007439
-477.76418400401553,556.8710974000865,1068.9274834090986
-495.6920227984551,552.2205431977582,646.8115348140864
-532.5862778007124,683.1133160119775,1091.515291809567
-509.09983417887815,580.0012254073429,1082.2179732942423
-302.33114447599473,666.9726486853758,1940.4652514974707
-507.9322335374618,530.2004074215672,876.5648267398236
-494.68791955078495,588.3867502006009,939.9952759142527
-511.58182134830804,661.9956786607709,810.6532648077847
-449.603043889912,578.1193841956392,1445.5470421977943
-546.9130221644486,527.4364250473695,814.8069226472728
-500.89139374323827,578.105152867558,710.104994499515
-495.5426788614823,621.4528369060038,942.116521159961
-532.0998473631037,673.8954981340578,740.0877825489198
-494.69367463552044,580.0179210439965,914.4646
-518.7520304695308,527.8293344024562,968.8073207232756
-507.57319874973814,554.0884796126484,802.2460991961368
-494.97043401910264,511.7382162010997,1046.1077684376064
-499.236163315441,620.9950670234157,1276.8868489310075
-433.98926849112786,680.1501649241497,1173.2584051749145
-526.4591474336721,638.7177987988075,762.8949585147554
-519.9400558978382,700.3704051116604,979.353677749514
-492.6413487362597,680.9481624779294,997.8408328308757
-494.45645166894246,560.4830996435788,680.4335309625534
-565.9498497426512,593.4632789619441,354.1298386356599
-494.67765836880267,579.7057228027811,852.9074315561511
-563.1381859571031,673.8617265151274,1008.5789257273229
-491.37515785217465,640.9473221090424,1137.666822795648
-445.66715961895466,556.9492438622178,898.1765966087378
744.7130371789699,610.1165760156157,-856.4024011170422
-503.3844373691668,580.5699068829852,873.8190684432569
-507.0198367564417,493.89402593877986,651.3383655666579
-509.12679109845067,611.8750652258398,1228.7850938447916
-487.9661672940151,736.7200510268435,1300.3344214627105
-476.78308660105813,555.5493887892371,1173.1934050893071
-535.9911924485004,585.4468168813563,494.6756068507969
-494.6914139544697,580.0030072966526,851.5132
-494.84553356905144,541.6396730961053,679.0366076329994
-494.67240705010727,580.0424868891507,578.0574
-487.30982323220405,579.5923070281242,775.3027952716367
-533.7265684377187,532.0557862699279,750.8144401638837
-521.2711952526722,582.7041068494506,363.67624308200357
-495.5104015596494,620.4695046088307,901.4802681472037
-494.6922362055534,580.0205259053226,838.5272
-492.88756791531705,661.4060434480966,1092.188201494816
-494.67394602334434,580.026797576079,975.7471400000009
-552.8157477161344,607.9305921270416,831.7743316007894
-495.67529735769494,472.174830077158,1107.6041831242671
-531.8849067736628,577.1909720507165,1064.9484267968478
-512.2369718132481,602.6994393857174,772.4213802574218
-614.3711766598178,592.913456103701,219.02729279356467
-518.8450085144657,562.2518136180923,541.5243122382782
-659.5743374482381,669.1851739711965,637.106236070731
-493.0638000332608,557.3999569691764,1395.4712720905363
-496.315736207207,518.2349719115477,1198.6839643190287
-482.9127811814203,554.3237487463925,1044.093214553004
-494.693071302358,580.0192590781293,807.957
-550.0831193427105,616.4014321989159,732.1471684255962
-570.1086513817609,588.7555381713366,443.7354524723302
-502.2647762702136,607.5340828250694,1083.3277603476156
-472.60260553480975,580.1842531102025,1224.6152435432818
-429.5263111519723,494.0214625414296,1010.2507242433805
-494.9975036554906,563.140064209705,1027.222767042501
-492.97419195014686,564.05340964374,1096.9920629830763
-494.68685920768803,580.015128412109,1107.721
-493.9140445617072,611.3734007248297,1010.9580833890444
-494.67456685532943,580.0361985455274,1265.6032
-494.69528460099855,580.0192207955167,819.540000000001
-555.4363912106635,526.0406839366963,637.3916120722934
-509.54510067153296,605.6991097045434,1374.4089184483678
-551.921358191807,702.5868319382652,1191.7784940369042
-556.9314487630832,584.0776813708802,963.1132702293014
-494.691162800194,580.028924754341,1184.8135
-506.7549536601068,541.3327209098902,816.0426650125011
-522.7569552092405,582.1049048646752,836.2335323669574
-494.98340020999126,564.5828066643174,874.478481645467
-493.0655330036411,635.1328177491482,1055.4236312306691
-506.6936499499491,581.2042239775724,1502.2616721526058
-494.68989941049995,580.0307204401194,947.0716
-507.9381271847317,487.50279348200905,755.5121245243619
-509.616401764014,737.4798381982998,1225.415245231862
-450.5396398909934,477.6185801167371,1024.0773541154538
-494.70592992953607,580.0037701838869,993.1414
-488.1410740550432,704.8123869768692,1190.1344963018578
-483.5946896106948,519.1872849505266,949.7882670859179
-552.7153515030964,598.8021560702414,645.7943261455466
-469.30686327197645,543.6025503143338,1012.7738205343634
-583.0033553796143,691.231149930313,990.6464905744173
-256.5992830239197,504.6546577915026,1207.9683538372165
-527.660751030402,623.3904451270321,495.7875672322947
-501.4314865385386,650.686372974832,969.852989418156
-501.2794776382541,578.0036300929692,800.7658032093399
-494.70475677921013,580.0178480164582,893.6894
-523.6206881922785,578.320618142325,393.32036489723
-495.485971711857,543.3769205767917,853.8387078839521
-548.5914373586327,615.3921159553847,691.7852826292997
-494.7977400867735,585.6012819167779,822.5204301675683
-498.6073758895793,429.55129565332396,1017.2745949491748
-494.6987991852279,580.0207592802287,815.8542
-541.5242555600792,628.71516260587,972.1529379631982
-494.6877987094449,580.0163510219713,794.6514
-493.1721076096396,613.54302712875,1071.736916514816
-494.7885160251294,585.6674462003709,843.6612715203663
-524.6047585082579,582.23264509934,940.0843075364401
-538.7079033075709,593.4213747064733,649.8857151891707
-490.5004469265573,530.2790658043897,939.3891310496606
-494.6887542194711,580.0256939631099,841.282
-494.68838462890517,580.0177830939108,740.2964
-540.0215016007762,634.4051725718787,867.3542324856301
-536.2103403469537,573.752747189003,693.7164884730755
-492.42964895808836,622.225743391689,855.2208433364074
-536.0465320173751,580.5298521063723,624.9150106963295
-544.6517620510285,596.1860943715858,451.2808578075219
-495.80690475360825,556.2131647180784,888.0573483054574
-494.4816308933316,573.5858629611137,564.5508736529966
-518.010894355978,627.640443985154,1421.4920515118845
-654.941607540497,666.6641514111243,597.9607410617689
-494.6871939684015,580.0210553496095,882.3503999999999
-496.9170654287293,617.8728506743146,1019.546764802476
-494.6939569242147,580.0306258284852,669.1302000000001
-450.0211994389806,476.41968080412516,1045.0467109108254
-494.76586389112435,573.5612914317821,535.4060798041675
-561.5150633102744,612.0846074086103,1068.6642514916605
-509.5443982010156,483.0328153679469,993.8691845685382
-571.1358623001993,702.1471424242734,515.1182301448891
-494.68163365003784,580.02425515315,668.482
-495.8550297995548,539.5261811856643,986.2961061757424
-518.4156635128543,581.4277334086929,832.3153291321235
-520.2490510890757,701.8744395065016,1000.9228037115342
-494.4345268807997,588.6890813000769,1067.46909432448
-494.6847638564336,580.0272875850179,1006.73236
-501.89559605999057,655.7035304283604,1091.7360954171913
-494.1266959042714,632.3933584892005,1031.843065246702
-542.3565810307696,594.521355002735,766.176710911907
-474.9122044873143,669.4393767058674,1465.18924816981
-510.9448068471636,667.2652616235098,1063.0614101364556
-494.6862821408672,579.7098249637279,785.0300293004103
-494.8597883179227,539.8955232893466,743.7745159466026
-540.2025450468966,540.6259598744007,776.563807314621
-435.60358611652237,541.068850587958,1065.869662553602
-507.52006737188617,575.8081299187202,1118.3288679438874
-493.1792293388887,558.9695026023405,1246.3894811348591
-538.364819720947,632.4223846848149,808.2359225414216
-539.2000626877864,688.6051572581307,1451.3420511058475
-490.2409253880428,555.2374050649069,762.9451836560132
-451.80436595419997,428.6362054903509,992.5787722211436
-495.97425454719723,589.0430029058612,1167.0442466132913
-492.38586902473753,622.6853694311341,872.1938833669053
-494.68208392544125,580.0248269371166,1069.163
-496.7642175508963,940.3617953793739,1553.5180054237237
-446.82983428085345,411.02506747131474,1195.6132677197688
-496.27813179036957,580.8686600893734,953.7828397776858
-547.1556273684287,670.8236861266992,806.1397957866578
-494.6974405181895,580.012937940917,1260.5546
-457.3604512461111,561.8706938960379,951.0857224746826
-459.2678715812531,562.8015449115121,863.8824616736771
-471.90071326885936,587.5163994853199,1070.8977828587606
-517.5188616736496,651.9775899412417,1040.205918926852
-507.98346676785275,575.6650107216606,1185.9811332414913
-491.9113581824845,583.1737827297518,1449.0019825840627
-523.5431087668887,619.3457054546054,757.7416552059328
-490.7339016106764,568.7494255147931,808.0508605644902
-490.38443485527205,689.6783574744693,822.598731725056
-523.1705607981178,618.8540413964165,738.7820159504114
-493.27104548041416,566.5191538650747,807.811924700582
-494.68736371135174,580.0287461548457,947.1892000000007
-482.232017824208,567.1263796054883,650.2967413420197
-495.5579970545132,540.2775091922722,989.7711178518753
-494.6709633984515,580.0151671038475,864.0436000000001
-494.4885308093267,573.6782018785345,544.1262351321586
-429.6259177106963,598.0787520102115,1107.280421975968
-509.22360904401353,478.5472940031428,901.3547616829121
-495.4097655671462,498.3167310077338,686.9129330238959
-488.0284597583318,735.4447312369257,1283.8056591688853
-534.4868589056057,679.9059153732198,835.8101120780052
-524.5104610051944,581.7865375453165,1237.4749167992784
-492.76137106979695,675.1549492560462,897.3207899384747
-565.6931259721541,584.6735550525348,1169.950282007781
-492.94407027199304,659.6839920888228,1053.2733540314982
-537.515620214634,542.9455950219078,686.1706661424231
-511.9437149709415,864.467723893719,1901.2149041172402
-494.76181608337265,577.369486294778,1269.703713600761
-516.778044145309,470.8458522251992,884.4437141645831
-494.7628441220004,577.4850392893948,1183.3813166870004
-476.5355107442001,637.7349106012537,1715.0104317282132
-482.0950515326681,579.3952635423001,932.3783640240238
-518.2177371827102,728.4274086121475,881.3503862530891
-494.7037031789341,580.020244569501,972.54044
-498.93665572409964,694.1517745263991,1345.108459028949
-494.8444375714066,542.2103025074991,657.4569432586991
-494.97570351952436,565.8779744014066,830.4657701464487
-558.2907809860781,576.9769880087247,812.705861123588
-495.41355357488465,586.5335869411033,723.1503930157353
-530.6077592908202,577.2797644381935,1002.07902992517
-524.2204963238289,578.2879502722062,416.82973986950276
-495.5605806450553,622.4476959908354,982.7524757544913
-510.1765016921763,497.5036008892853,336.27132944822927
-657.26010427244,667.9316768516428,617.5328670187557
-491.66736655047316,548.1064724912121,1133.2597585057886
-490.835151984337,768.0547135972008,1313.1096812601345
-520.1916507734295,524.6979509909679,1071.593836813471
-546.3380299738969,633.717718376283,1149.5428496459879
-511.50966251589307,490.43340236161384,429.66603370341096
-494.75385108727824,573.186931582528,818.5044500318338
-577.6810537160259,639.5492091781737,955.2216319413883
-547.3536224308089,582.7379426573159,630.2277573231086
-486.0310708515949,492.1807796466409,608.7005509035266
-664.2213532491305,671.7007002430398,676.25058812754
-492.263954466267,582.7704002368241,1177.9832224978743
-490.83505894174937,681.0196511418465,1155.788782455172
-476.0764351609205,588.4910870007184,1043.8593256830407
-494.6901036175964,580.0295814845842,904.8998
1303.971378064496,621.3104670234445,-808.4389197014334
-495.13747248264986,588.0167412141202,934.6295418796292
-564.3408875928362,629.9644065138623,680.2215536080936
-494.69306868311696,580.0251099223115,806.7782000000001
-574.0569895781591,589.2184905563211,506.5107717208589
-513.9491201816209,608.3848574729217,880.3934365852137
-510.50511632611233,699.3488129753973,1171.117819110446
-543.4058390208249,578.8615534495877,1317.0179318750481
-494.67777983630026,580.0344644514312,718.2368
-560.4582142686575,592.4382884534784,268.83064261345896
-494.41467034092693,490.07919077840666,777.4331397864964
-494.1463087443037,630.7683357043251,976.7023904798856
-471.23671173431103,499.5547435100591,1530.6427356144563
-496.20987401988396,522.1453680572586,1075.2004161742718
-530.9466013944757,611.4604693881463,751.6655393998382
-502.5522472034045,585.4385184865762,888.2570379934592
-494.69555254953343,580.0276029342507,828.9736800000001
-546.1962638388836,528.152940784335,793.9624891106018
-555.6829052836124,577.1021425658616,748.6020047478673
-477.08203868566216,636.0044967855465,1640.715188423996
-494.78837977246644,585.4458832820633,780.2388559809494
-495.9932902364628,589.1471501966839,1186.3504119474255
-501.35134524249406,510.23792913664215,1034.5986421434588
-493.0870920990942,633.8966193227718,1014.7239018392922
-505.1377805428697,589.6193169448511,687.1226767908521
-528.1491652327911,560.1856584375744,686.9178099664357
-519.0353505470275,581.4577101113861,872.8311402983618
-501.68056053146347,723.3650784508284,1148.8236711593056
-506.8625470351765,495.15910015301694,630.502327847774
-493.9724899837138,609.1059888473774,883.4569511776515
-549.5819131518169,674.9902453624445,877.7545392345627
-525.5496778482034,637.0060768186672,718.858148514302
-496.82838787050764,616.3793639355017,949.5050944173037
-468.7347085775132,542.7765277597497,1052.363054392598
-476.58979633481795,555.2880854729747,1194.0466740093216
-484.1551405527898,600.9777174851308,1270.667789933061
-514.6212167182198,609.3267438358326,935.1232088459816
-493.0150508232639,514.7420788190801,973.0128752455282
-520.8474707185562,484.6908947564525,1099.5764789025063
-543.7946339647772,578.85218918079,1333.8051362505041
-490.3706483110727,567.7276887604689,949.9616778318892
-478.71204634569926,454.8865831935459,734.3730391344494
-490.3106151438201,691.3154032535538,845.92678517289
-549.0197023542783,599.6245942093985,554.7535760444556
-495.28849401441335,589.5299221691366,1157.867202803691
-496.219172211114,684.8780197275082,1081.6227748196009
-492.0204170541979,613.2508762373741,713.8935263344183
-494.5350871075959,540.5294870238395,830.9917557299531
-494.7000952663798,580.0188129227353,709.15092
-546.003670491983,532.0112105938942,1223.3557016664458
-491.9220494944723,553.22768795006,717.6180262463303
-493.01168202977533,614.6389393536542,1038.2337613875013
-527.4578878802613,581.9654475874962,805.1967376952568
-501.8718886879242,584.9477335522577,742.3181732940344
-539.7321001418843,734.5678599282305,1517.8183075436013
-493.9336315561022,549.0914033637182,931.460709645364
-495.1234342647165,587.6191939894948,850.3543268990254
-488.1412710725731,732.9250071368645,1250.746393105181
-494.68978043765424,580.0201242468759,613.6651999999999
-494.6950874904446,588.0886550616193,880.2696712137197
-552.3782226541407,491.6362424138422,880.5254231443098
-485.25475302425457,724.5960813000387,1143.7634079944842
-494.65038675986534,570.9994372387035,1027.2563162918616
-495.56026510902234,598.7919785495078,1395.9581958638587
-575.9958425452505,709.8953303548233,595.6926228453563
-568.706563787857,593.9887377841205,396.7785421854129
-536.3078678926081,528.881723198765,850.3665341183043
-494.0300612479746,583.87456961117,1240.5640700746355
-473.03231734783685,487.05187692062026,923.3649021615029
-501.7800566482101,594.8040218416352,745.642474655195
-505.66018102441785,730.8979252551699,1789.6130907138834
-494.68449958430756,580.0249708263229,838.9440000000001
-522.4117815241493,586.8037420509568,737.3842455677193
-517.1302571845249,625.8739913170441,1340.2262117624025
-492.0076041975426,583.0714973300403,1386.4592244067885
-526.9922685929428,665.4586717918096,824.0671523915804
-498.80104540273805,486.2476697772213,1078.7914507374887
-494.6975137761615,580.0256888327661,788.032
-493.9763242920508,608.7215356644174,862.2069004488707
-490.8636142305204,766.514167790295,1296.0889117928225
-551.5720273674269,652.173041631462,725.5587472689274
-494.6934849596055,587.9921167700378,860.3611224191716
-474.5578685594178,510.91832429059093,701.0741413521083
-494.10816740498217,633.4720995924805,1068.6036544808849
-495.7487644393955,557.6263831271713,790.8571931668159
-494.43639988015775,559.1191595512986,780.693580379506
-552.1854887885013,606.0684120769587,727.5254767655215
-494.69882670998004,580.0468871770404,1254.8715
-541.5254208533447,583.0812815631413,654.2259508454454
-666.5376069520203,672.950866122761,695.8239425427967
-488.39799157490825,619.2193438506786,897.9653628896333
-492.2091186046264,645.5346293487727,1099.0583508820384
-463.53167776955024,576.4105686844064,992.2038231214092
-472.15181694486864,587.432119062377,1052.0784700195022
-517.3439745438704,722.7518334171516,819.006813598546
-494.7049729998562,580.0204774836352,1008.1986800000009
-495.67405552312675,473.48227316713604,1085.1480293984027
-533.5029594023777,605.3619019405431,1224.5303424584463
-492.7301985022025,551.9537799571247,1113.8065600747555
-526.3753643640616,572.2368322091811,882.6082891581583
-514.6078972951884,540.6193694528347,648.2809977572144
-494.76038418389726,577.6276792632434,1075.4783176928408
-494.6874722344037,580.0369858117824,956.015
-494.6827811457488,580.0305395269475,994.521000000001
-548.7483431909302,520.8194946902458,888.1253752073678
-494.68746661641035,580.0285745248898,1091.488
-494.7045533501746,580.0168102568698,1012.0310000000001
-565.3365778523055,676.835383101557,1064.6807026706283
-490.56890108900484,540.6859692342996,976.1875008631465
-502.3258187251015,597.6700795426523,1322.7955201954992
-502.4590777375529,585.3690550525021,867.4086052671375
-473.60164298228483,580.1670881059542,1135.1616409460241
-494.44735213502463,570.5483297755188,714.2360960704663
-562.6089524441186,586.8985718349802,762.843144960895
-564.3337336778554,587.0756674797432,801.1990037125472
-457.6405192123234,528.1245116596269,816.4492778145777
-501.74223411819,579.1819053878307,1141.0090530961388
-494.23355435455505,603.7263157869297,1052.882881820169
-494.69290725051064,580.0288107729493,955.0120000000001
-517.7906102715756,627.1977812063217,1401.1756200174173
-496.5499621869674,580.3626621294916,1242.0123154991193
-494.64600075494536,581.152005299975,919.0033804345072
-525.2496366366704,561.9124881807581,562.0698634091816
-495.89660916052867,588.4967693407939,1051.2068172557986
-445.0577182026641,556.6649066800587,918.5422596160033
-492.6885094878826,665.3007811649518,947.0132819420694
-508.66028171595826,640.0603694132401,1158.6607087588325
-490.77270024840254,647.6624053835383,1219.1408627224134
-254.44526880930334,503.96934637163554,1225.729558068966
-430.85150404943215,685.3042505744613,1272.297304371475
-530.9511559905318,563.2475314456176,958.3452041900978
-494.6692457261479,580.0291378924137,1063.059
-514.6305490315128,570.6697680320781,804.421854308052
-469.77778154914245,476.3174505683287,797.9409264310653
-528.894167296422,577.3986084103826,918.253387609461
-494.4835249712744,573.4778846099498,584.9754337294477
-487.7066326520526,579.616431954657,689.850710633883
-546.3322112781566,613.9232874263939,631.2419365529346
-510.6853125691787,748.5702083621211,1364.8037679387119
-567.4594604548097,588.4552192572028,401.8861428091084
-494.4406095167126,558.8361733392743,800.7453997079514
-556.1748018253761,688.1767173682092,1129.6496979024698
-556.8121013395266,689.3367369885113,1149.579898263901
-490.8512282177842,543.4604964875675,854.3695687806936
-532.5649104701226,675.0955261706035,759.2326467882004
-494.68573075549875,580.0239069329468,985.2354
-552.5459502376875,551.981890247185,112.91526329283903
-621.7705181521696,850.9017645996046,707.8057619522533
-436.9494219781054,541.9752578834416,1023.9569492208482
-494.39104051854565,586.7310489860022,459.2350257373621
-490.62923436984283,531.6238795999849,893.7156607898208
-494.51945100415423,539.090728097261,888.5217869593641
-522.1338207289637,710.8692371812288,1130.3388983608006
-495.0106484835637,603.238231788321,901.782677648928
-550.6333769907119,689.8369941168478,1137.359032691205
-521.3383655500729,522.2105475893175,1153.8235926207344
-517.0281783692158,650.3973792097751,1001.1263187797217
-490.6060204445289,541.1485144489816,955.8844874821988
-493.7731849892575,640.8274896820235,1125.5522305206075
-545.9604072986447,668.7362443610732,770.3321139092986
-541.5551782137486,539.4485640552145,821.7595155821423
-544.197362329199,595.0743295920653,824.3217203552911
