X,Y,Z
-475.6484429882271,585.9088551122362,1071.5910678591054
-493.42614056552975,614.5183014841141,1104.0469689049903
-522.1139472569475,634.5260306074401,624.9323526249356
-531.4124800091336,592.7180497402684,627.154275390495
-539.2828841416604,604.0398542159528,538.0588038836792
-484.30408030582703,529.7215086446416,754.4037529707282
-487.84575085254073,953.0512996057594,1592.657501221819
-492.0266947401392,652.3293753151747,847.6725129347642
-485.75116578474785,586.7100732050608,848.1956
-485.7606208205448,586.7097458409551,794.6298
-482.51494360839797,510.4000916048381,839.9542157985009
-516.8003495143873,568.3010233246262,583.2090717289536
-487.6434576560555,915.3979796785586,1351.6281816485339
-514.9876517124924,565.2083034873341,813.6556338763925
-486.61769574784694,548.0009403216393,944.6490343672785
-501.8456106579174,672.9638132816197,1043.291544356305
-515.955120525459,666.568074772294,721.6906262291966
-443.9206732690982,507.6962663182495,1208.3770459807279
-485.7614465611589,586.7018266494474,655.8756
-476.8170407268019,505.0502663393918,957.4606291265995
-485.69821262834876,587.861434332544,938.6317666756299
-249.97115476548333,512.0688201091211,1189.7287675050611
-543.1000763577767,703.9924940094373,944.0568337410214
-482.2898252912637,537.7742584208718,960.3908435272888
-485.2735759388911,597.0699942586913,1256.1094532812094
-482.58444072385873,626.5577499338328,1006.7450322142909
-484.6394545058006,569.475653701131,525.8207214214491
-519.3225199549329,588.6938457021826,844.1114020033796
-486.5333388777631,603.5081837129214,1171.708613162226
-492.0926821846874,589.285462621647,537.5743696636263
-481.8815583186356,653.6586926013697,1199.6461498059411
-472.4024847368157,482.05237706377466,491.6444613527379
-504.5916224060488,614.4288001295662,843.9091816256257
-500.47495316757113,586.5849581836655,716.9230145519202
-486.1185770704442,563.2473237935315,549.1235724620514
-554.4194883228624,635.950033393827,660.7756366806195
-485.7482536124271,586.7223291823868,642.912
-482.0750664415118,766.8946060883911,1227.5814085982431
-485.7569810707157,586.7110956490271,914.8220000000006
-466.3387300768627,595.5411944369334,1121.5994984344668
-481.8788207967152,776.1952799095527,1329.702371507295
-485.56510678435825,606.9047737874153,935.2544532005182
-504.53014907979764,542.7233199387115,433.8344459368875
-485.7692809617929,586.7043780584935,1066.39312
-485.7576613874771,586.6956168491058,995.2264
-519.8419420760436,578.3372998732004,1006.9661428051205
-468.52531020653623,641.5066310169332,1590.8448617845384
-547.3285003925514,532.0049774519367,656.6620744189406
-533.8006353076858,538.3218208284886,690.1831517372998
-485.7485948268172,586.7089103779374,1087.3996000000002
1850.2733444560981,752.5086811757924,-850.4013452555628
-484.6016556488373,568.9046705840699,568.227934887918
-514.7503478919207,640.2559179760788,630.6995637810535
-449.8681265237983,569.2649090742466,885.533685705678
-489.3249320712182,450.2534456809355,853.1264555829032
-482.0949706711028,765.3506928566128,1210.5608401952907
-485.98642309665547,577.4202714604419,1074.1258612271004
-482.14901721815886,535.7392939983984,1031.468502041321
-500.1354750967912,641.9077014855143,1092.4596720737704
-464.40788068770166,513.3629626713702,790.9987000114752
-533.9980739833304,539.1049739005749,600.1793349336307
-527.7779286970554,592.2256194706625,516.9959687980939
-541.7948408722768,701.3509582414716,905.665763165635
-485.7482129691575,586.7113914436815,1307.983
-487.3468560098722,608.405415355348,728.8944712793177
-485.8495467557741,579.7215949966878,638.2698982860015
-460.6784596853727,550.6961785061545,993.0076399509136
-485.7501586816261,586.7208490895282,969.7217600000009
-485.5284648400461,577.5289441850637,671.0204026224317
-487.43843267091256,587.0183845992965,1052.0364245951419
-484.19774104350176,565.0023094152575,1310.3606512849956
-481.2636386932927,561.5702295998562,784.6046042838631
-485.7474712021308,586.7067095680087,933.4554
-489.2437165641077,453.3539845176236,816.5318146572677
-485.7546365449475,586.7075590208957,878.9476
-486.52959557614577,500.49093272187156,767.326544976796
-499.70067751634383,586.695437902122,1024.7900021699004
-529.9488970394443,532.4047440634283,950.3985403962333
-467.80635433891075,586.3266531183997,1044.6237697157937
-508.6804728397701,731.2220207724883,839.2384204383706
-476.5519296189241,593.9932731187946,890.7791849904197
-500.0649536616911,493.3782120289005,928.757601996685
-506.2731861658715,577.0914403079664,849.791503840795
-484.12426963454254,642.4032657916941,1075.5734990315543
-485.7680684696754,586.7227908835371,1272.386
-486.7878049786982,558.012703102374,692.5320647315115
-486.9324149952149,553.8001205954433,925.1247838621883
-460.1526668058342,480.1015857603138,841.8801560129995
-485.5418285966384,579.6568828407244,687.1311480004382
-483.6452666578457,676.8496103267148,1044.8177092630776
-485.76195289637326,586.7056774648084,1167.7996
-486.56710660564477,626.1387556437573,860.6721232803784
-485.7630097016954,586.7219581727607,858.1650000000001
-544.4759807760815,590.5333565791308,866.6343111269497
-537.5470659797847,717.7901577609063,1305.2591368321134
-496.49546132001115,596.5467453054193,725.3506111204958
885.5004079662485,597.5490441894333,-761.1131879824406
-441.2290930544218,429.47685368863404,1060.6777538583399
-506.3433356841481,538.498787054895,548.0579018492455
-484.24348581864683,572.4777014899469,896.8577262656127
-497.9929428845494,547.4645272483872,838.8577452249496
-481.3234236839694,699.5477849366819,868.7912355823595
-534.0267374549371,587.3041473592305,856.1965437494747
-485.7485074087683,586.358628181817,1011.2897145295027
-440.67414898583957,427.5144129066075,1083.2365035000073
-484.3233454656581,530.4725834650559,734.5051512396599
-486.0619609070209,572.1783991035611,873.6905342385153
-500.244568969646,540.2396449611997,1131.9376215247935
-485.9951972974477,562.7349376753862,824.3336032382527
-485.7642770013663,586.7114207546338,1016.50626
-475.1358043076798,585.8683854648455,1165.8392099069056
-277.1713696907027,681.017040274997,2168.146068994379
-487.0379444818004,595.6549913131043,1147.7096680008094
-467.1258260456766,587.2965210622016,965.1418886850863
-485.748369514253,586.7140634774782,1067.9788000000008
-541.0807052987025,605.3710329636664,551.731357653117
848.017627005127,610.063694303298,-774.1435498094052
-474.4909038744886,562.1767564386714,964.6827084787284
-496.84353150287325,739.0050408551626,1814.3517677185114
-506.95447471134,650.742044632425,755.9436331532919
-552.8906837330471,599.3749348960578,290.6689374219644
-483.2418922605657,589.5685450051992,1261.352416345637
-492.0612057430567,584.759857280259,732.8301803408993
-486.34408342850566,595.9175164679714,1098.2815728053345
-475.54169422300856,596.1340684037509,1263.97075285516
-519.6875512605336,566.5930205117186,708.0576119082805
-485.7683129928146,586.7114587665703,840.4880000000011
-467.9726329122459,643.2453779870527,1665.1397382492776
-498.50270108842915,651.8187794867505,970.991713031706
-485.7540395913859,586.7035024530885,713.37
-486.9911431129285,551.7196619211559,1031.9180719573483
-552.2099060731518,527.6575922002238,768.638974586891
-515.0963371872913,593.8780001197924,825.1022191937388
-485.77315252347626,586.7032615013413,1008.1068
-487.4197645509512,609.5746604894124,809.1641816948447
-521.1701955868307,587.2810817179251,892.4773511417882
-484.0220238789816,622.5555728797087,1102.1859677447123
-474.0300577611865,586.1216034203782,816.5739172493999
-487.0123043796484,595.5593997574642,1128.4034629424218
-486.3856629895331,571.5644074422795,725.5951405464
-517.9884515762824,588.0954076764814,1160.3506180338456
-485.75305846177116,586.7054325589952,1151.0692000000001
-485.7376909468876,586.7164226687219,763.0210000000001
-487.60121262371035,587.6639214859069,1220.545350612424
-484.5368580431541,567.754060882484,653.0422297695644
-500.32640244504296,611.8786684872034,1334.2240223089825
-485.76616818982666,586.7077405268897,1025.843
-499.16403524421685,582.3202177003209,1202.9705642524082
-519.739881617945,676.510094782047,905.6263542630082
-506.11262923731374,486.1903856508766,755.1704675536441
826.0755997062461,618.5377943929395,-861.6027344776485
-485.8387932292994,579.9404348801968,597.1379610637784
-471.4739116713885,544.4759653784413,503.67040219936865
-536.6856526776469,562.0180558075292,10.051716774700708
-481.7614437961038,655.6449612805009,1257.3654192698875
-497.61720812664544,586.934147563586,1025.1225474912794
-538.5913424985647,604.5252611468719,492.98220074476814
-485.9201923264595,547.1784374545391,722.4212090472968
-485.26481054889473,647.8927449079465,1114.8452452548242
-485.7762764575373,586.6949884675564,912.211
-486.04345753941766,571.698885105205,830.9393389801164
-484.08021647199894,562.4486609767421,860.2485516303525
-490.43236548782534,628.9128592223838,1338.7350954983372
-508.07672357719525,594.1234039857025,860.276987109584
-486.97852826236317,595.2902602700451,1070.4847237746685
-485.74854201211815,586.705461539769,854.3726000000006
-485.47720628043,593.3009973757128,440.33728808253807
-507.7658245196724,631.6405113935978,1299.518187817374
-551.849611954106,588.2386704105734,623.156653787774
1205.5136684807094,625.5158411175673,-804.3556982372083
-484.39177395586466,565.7529695859914,801.4674191315094
-513.7952993576698,557.742076256103,740.8631139344855
1367.7949052108233,619.2360125222174,-806.0369027068737
-485.3224910269423,641.4519764434535,918.584481192973
-485.5369149919775,594.7445693296957,935.8477859720809
-489.1470455544393,456.46347313242285,779.9378806767872
-478.9563739996365,716.3923659647871,1267.08831290791
-530.9828470920263,600.4633815034198,688.8466311180082
-484.2318024496408,471.7861170088824,519.3230555619291
-493.30924221494934,584.3754319542036,1027.477790497007
-486.8100107627399,521.5151901253316,984.9464687651202
-485.7562804648235,586.7182001689954,809.00322
-485.45588391418414,593.5285341325659,478.06900227709923
-495.1150068599022,611.8439281470364,883.8755731460809
-489.7999445827236,695.3684562120784,1245.4231530718607
-535.3014975332921,587.3261456200034,898.1989093843409
-559.2096144824345,639.3576980047071,758.9892682732252
-480.8306979619015,499.8200060118497,620.7495617332336
-481.1341208934766,560.8679379725877,827.7274451122875
-486.998501709671,552.1280886963953,1010.5592444355625
-568.6403242522747,691.1085016529003,884.3419507812919
-485.39860402264003,594.6780620078473,685.5939013734674
-591.0413113483569,599.8737431375448,695.1259330043649
-486.7179323318205,481.4829141262614,1063.2212755541204
-474.36097690033125,561.8947548141282,984.5464787964287
-485.76311720814283,586.7095152289874,1141.211
-486.89307684276946,595.772352645592,1132.9044919399275
-485.30024235312294,645.7389321455662,1049.4252375881865
-485.76740349177794,586.7180341087324,750.298
-485.74478423038386,586.7218974900406,843.5632
-484.8321330671247,648.2009987661061,1147.8503991929294
-485.7406540156571,586.7144475241238,927.5070000000001
-494.5487365286958,587.2645022546635,892.9224304905478
-254.28074004351765,513.4291154727309,1154.2059837291629
-538.8511098614135,641.8772602266732,1202.8017151475779
-485.7567998126642,586.7101662496088,970.019
-530.8574111987668,700.885544206125,1039.804325743791
-590.5758062621751,619.2166081433991,653.2990060538862
-487.1468222681449,637.216946794869,1065.3714595412685
-501.53071588582225,586.587558764048,824.0781733701199
-485.17452510693647,641.2028505149284,1105.1567811424072
-561.1292293795163,600.9278229182819,418.61746228134683
-487.923461641431,513.4151895338246,875.0868737456747
-477.1207509329529,626.3480860526374,1089.3975270892813
-486.29419952629314,573.8841713804567,498.68304044184305
-499.2844391092567,655.7557500199156,1075.2306770111848
-485.76444469212265,586.7077458442044,966.9585199999999
-485.7622883829449,586.7155055907563,473.0164
-485.74934569765946,586.7282787059289,778.6636
-499.7650293321881,610.922056468245,1253.854289280846
-504.9942988899011,611.5723716741536,919.7938564401641
-499.9368376181583,584.630035006629,680.8588679882519
-539.111864325122,627.7246235809057,896.7514517241663
-465.92474802481433,559.606078823811,1381.7532729817322
-514.3371309133454,587.9264754356492,943.0516058170257
-453.5879322035057,637.0945024939064,1459.151794605687
-502.62095171811006,586.5701244306993,931.2329857400537
-485.97631675349476,577.2177672265216,1116.0711155160407
-476.95128167522535,602.5940672240234,952.0190587755169
-465.72420661098204,607.1458859352483,1004.1248188525271
-547.5759082597906,614.7138562492584,839.5429734962843
-485.77541009813785,586.7028518920703,1051.65132
-485.7726496574837,586.7086700771736,904.3810000000001
-525.8946864916979,710.1869212277504,1301.6877887569988
-487.2373057695986,530.8051426949578,1013.655867118436
-487.53822538890336,526.0474792352691,594.5520853571556
-479.33052369676307,708.9383543544598,1150.8494480482348
-485.49149113888416,499.4969683811639,731.6828206104805
-482.3055725228942,650.4291289816491,1225.3045342234623
-485.86091072677937,579.0119080228294,782.2319604852679
-443.4303149429775,437.3145731816862,970.440988498976
-512.7840976220264,623.5531632467723,662.9172942782112
-486.77127984140134,477.56353414122947,1130.5898980099873
-477.74754251307513,586.249670457664,903.436763056973
-507.91214205094457,653.6233039680862,823.8125421918701
-514.9645869287797,770.8492803188324,1275.651518255297
-447.95055007414294,568.3512063159751,972.7369142135991
-470.71750998073486,542.2455683613266,570.0213457532616
-497.0062677272376,576.0357301087239,598.8502581488748
-525.5363986825796,708.9855551259127,1281.8826363632386
-487.34291549689624,526.250810672999,1157.7202415507293
-484.01647085328136,561.4988490800217,923.6650230400674
-548.9826087801914,589.9611423039212,908.2839662352059
-506.27426289653386,546.14135161128,690.4358720969
-482.7556304859936,618.639814158384,1011.4870774930137
-524.3667626278207,705.4127907338732,1222.4669962119813
-493.99867476049485,616.5173603728388,731.8030600665071
-475.55388886535275,483.00764808578845,855.1556766585256
-485.7550687288913,586.7077624697806,556.4392
-498.85588443501,537.4418628595495,859.018632777308
-514.9457019774168,626.5110012059824,776.6762442477474
-526.7249581958499,642.5580751625812,1026.9980169752678
-485.7744340570853,586.70944692227,927.6788
-486.3361941623948,573.1851970719264,566.7566148743779
-497.3394742337723,575.7162375480524,640.3712378958676
-293.61892456039004,380.6753418551791,2068.1050984031076
-488.56618347965195,532.9637243294372,838.3864699553767
-487.7053418438495,520.218399935736,724.0297639592945
-416.27099896238906,605.9802745173092,1234.2041152794288
-511.61953809487204,709.9845534343024,1022.2206675555881
-485.7665350295738,586.7068582424353,1091.20676
-515.3552770756646,589.6845056904141,490.09954916297494
-500.61235486667283,619.4758179634769,1286.4223439624288
-485.7630385438533,586.7150273588743,1141.7908
-496.58314721536317,430.182993863016,865.0871642404996
-520.1751761281307,580.5604220093504,641.159380621623
-557.8250823617632,685.4732226886774,1102.0262991113968
-496.28890615527916,731.5020698451551,1687.6051493737236
-486.77792261851846,474.96900097987196,1175.503773099915
-562.6816756629792,649.9171282160257,953.3906228943507
-486.0958444195703,577.3552059087892,1153.2053926364024
-485.744254154657,586.7174036441752,894.2926
-608.1272392412725,624.6514735258663,888.542205903113
-553.758869432389,588.276363591862,663.1463163305013
-484.037597092542,624.2552895882004,1290.6812771979362
-551.9493780438038,593.4241631649091,724.8565112421835
-486.9945520819092,595.363570508443,1089.791052181853
-564.7194840466345,605.2011256244989,620.3155268331232
-485.7523532112036,586.7108321241815,1244.9678
-504.265543528591,610.6262691073598,856.6338032056318
-475.31880168589987,746.5057913659874,1344.1336134121802
-485.76340009264595,586.7129579825864,818.0150000000001
-490.4960643866402,629.2155382347255,1354.2176592878882
-485.76487706783655,586.7047563141476,986.8454399999999
-485.7429082795211,586.7134776204089,793.1554
-482.0020035308153,674.1950084897285,1221.7527032696948
1225.2398202222103,625.982074748458,-805.0197772168831
-483.83148187814277,626.6788263818928,1315.8500951759756
-482.6429174359441,700.3266096152092,1146.432620313546
-417.02316352864864,605.7836486060339,1212.9867624320493
-258.6007774394552,514.79894959731,1118.6846531641645
-476.6934769352674,593.8935854947172,869.3923210222498
-487.662301488931,522.1633377699541,680.8706240223729
-492.54435156408044,725.4582402948602,1088.610024322685
-533.6741854478225,585.5642180570953,1283.5982796172186
-482.69121673455925,553.1156298168319,769.2006603120622
-485.3840781080969,586.6686806683451,938.9738220317213
-479.6415513824036,624.7741512859591,850.9161214939036
-477.990312655666,577.3087373463975,973.8908530777056
789.7165542638777,609.2114324656836,-778.6039002892649
-512.2470684696927,593.19185796121,671.8511431209417
-510.97310979202484,532.03575567598,1051.3399319447851
-483.6022663233107,659.1661201691827,1625.0175726877646
-481.0728983354809,560.5218227013916,849.2889770046861
-418.22482701791614,698.0958911183698,1390.379190069607
-538.1342213348728,621.0783090935056,651.5630107598041
-499.9200227621295,736.1635209265871,1125.3949678761694
-540.6154174854946,694.3389256232217,1100.704905541504
-478.02941551072627,475.8975194072975,399.1883736475006
-465.34360284403783,516.5582360416541,723.7947283152045
-537.2308160146276,626.2912179754242,838.9375118115382
-484.8738869547901,643.8310650906094,1012.5199980714788
-502.38516365449345,584.2740150078889,928.0348458177277
-482.9126175643619,555.4979761541163,661.5248272043207
-484.7787546308632,650.404336211519,1215.514884976611
-537.5161674669989,535.6480339926267,698.1631158649382
-479.626476091561,478.56882976753445,956.5477164065131
-532.4183990529673,704.7753039652779,1101.06337867962
-486.3190787260842,572.9554696716008,589.4478756937152
-506.11291608754277,635.2902328547689,970.4241060035612
-487.7510169516113,931.0792752659547,1452.0582605575144
-542.4472412155428,702.6750873931122,924.8610551735549
-540.1403806281778,703.1425872594879,1095.3033901484225
-441.67818309398945,503.5036398716569,1312.6640648275236
-485.73035467879436,578.2134355127517,924.7522284371191
-482.9078285342339,559.0714752650983,764.034238761353
-485.770098120312,586.7082656798493,1137.54
-483.2134129587871,654.2217959008043,1156.266140022383
-534.521443613391,637.3774981428297,1043.1506757682216
-485.7504068540229,586.713111275049,964.518
-479.7572278369498,564.884961738036,628.3325247778391
-499.0590080385846,574.0693594783994,847.9752241879762
-518.926511548781,588.6710667046474,824.7349470376081
-524.7480450195253,706.6012429261725,1242.2725271740799
-492.435724148364,459.5454907422993,855.9065648046604
-529.5072667186041,627.1270479449197,628.1483192133106
-534.4365571315975,724.46936782175,824.6036212607981
-500.96599979909297,747.2630875786651,1264.7829340704939
-481.7483390520558,575.2851506027177,831.7427204168973
-485.75870144449163,586.7164461148677,1044.451
-536.9172374946047,603.9635275683441,453.8167392007265
-476.6209886388028,726.5986086016836,1082.9637142128008
-471.72397134818533,545.2443032340611,481.55445570173765
-493.47533193709387,604.5166871013494,1345.0726115362554
-462.2470558407681,488.8811446712366,711.049973758337
-458.18677547923926,629.856616344403,1141.0580241375583
-522.702686568668,589.12252800366,357.4157356303732
-485.75471627398247,586.7020762244063,752.257
-492.987492241532,603.3862620725981,1211.2149200247914
-593.7745921701023,620.1964904767574,696.0701138132964
-502.3081330665741,859.3750932281712,1792.0686856377997
-521.5532510360126,633.7892276502614,603.4075216952596
-485.76009753585777,586.7160349137694,772.6212
-530.111925439669,587.230229493778,632.7181083737224
-466.1256233607155,587.3406400130024,1056.641613729921
-485.7780266185832,586.6821632028491,871.7458
-524.8425142247813,692.9799356350566,1149.450115482998
-490.34667175221534,640.8363893700644,687.0138442052178
-519.446229812308,615.9137827258385,645.7006919588783
-476.20581243053357,595.5267283026483,1134.2723988762643
-487.3824850980766,587.5659818351974,994.8275514750051
-485.7611744440924,586.715398611804,494.8888
-485.7737991163126,586.7136704078358,689.18046
-485.99503078985526,561.642089546033,896.11576934277
-603.3710688247531,599.3721239858494,202.91669313069175
-504.74433628865495,631.9820371092042,853.3778363340401
-528.8732560143217,638.415476896243,788.5302441468386
-487.0955981541856,549.1991254238258,1160.0695044887575
-537.6173330270631,676.4082845204025,788.2083667773718
-486.82022746866096,557.1133289024444,738.0325929738053
-562.5030802926826,684.0741795369472,1243.1898618752075
-600.1537577400461,622.1926317158336,781.6128014159898
983.4270188525152,612.531613819433,-789.2286653170268
-520.1604106371642,677.6153464281492,926.0636229630729
-444.94448746596345,606.2836470055327,1221.2059172052407
-479.60075666797957,703.953268151218,1073.358152851482
-462.5046396660432,506.9917538828274,1510.3556737335127
1337.2282159284096,618.7523729186967,-798.127931619123
-485.78021593359426,586.7107963324922,1070.652
-476.283563886338,594.1859486606584,933.5530212024547
-472.28107039725364,512.7581584768745,1317.3167093659736
-481.8342643910064,549.2304809059929,895.1323640078806
-493.78925993079065,615.6765298387643,690.1838576305942
-462.718676631222,570.1736377631972,907.1270468252583
-485.99057334128156,577.3008245324258,1095.0983978409683
-483.26273533141375,589.550220233313,1240.5047931021336
-519.3441497383342,589.1899218624882,1147.9358844383585
-486.3692841417244,596.3086359681063,1177.6881531799768
-485.767456184401,586.7103782476015,1182.132
-495.9154676685307,439.6726551642589,767.0934910572485
-539.8568122650513,697.3697081639399,848.0799725595944
-485.4722260766903,495.43722068035163,800.9251483917415
-476.18722672388367,489.6344473615908,752.6002406510529
-485.770167750527,586.7213586845158,989.5828
-485.73980603800555,586.7131310083731,748.182
-487.8113222670231,517.2974533447825,788.7682119529198
-513.0256809748735,558.5422883685035,699.6150162734845
-484.11354558942776,620.8933604777999,1016.7205989790536
-501.4105628960456,704.7696828243329,1151.430364124233
-464.0665642965737,586.8648306094583,1188.7534029637206
-533.4658264431905,684.9815219370766,934.4839881811331
-603.6872886176616,838.0812329432524,603.3457397928175
-527.2370449549339,641.2641684605617,818.6494090308859
-482.7511691936561,696.2478647096732,1078.2582032903945
-505.89514644951396,634.7290732565707,950.9165319364829
-501.0865437883044,702.3719096177924,1112.7194200529516
-551.3948124348203,528.3799045405952,749.9761325265641
-509.5256446263352,569.2321835822839,520.9157440128465
-526.0961201632849,613.0192148924124,1301.964655809581
-514.9715209009075,556.530509615651,802.7346202520666
-543.7518312022048,705.3247944743831,963.2515378283034
-485.7619937313152,586.698440879271,999.8142
-487.3747650345058,608.6942475373013,748.9619414070946
-487.43000611710977,522.9865049305906,1260.623038760254
-485.74782767300803,586.7158396589394,1190.661
-546.5765930588882,590.6866018003503,924.6970431965915
-485.85459008058274,591.8288457580741,695.6456458245877
-528.0188727783407,644.3405579348412,1083.4039799024888
-536.6775775199221,549.6726720341328,836.5432449348993
-485.763748907101,586.7144472644275,634.7704
-533.8404926422154,587.2784157241289,749.5226729244771
-485.76241706545875,586.7072118321913,769.0623
-471.090912248937,471.8217222960766,613.2915876740043
-485.2919032624427,596.8699674855726,1217.4272577177935
-485.75688501324225,586.7097613431129,755.2280000000001
-532.892954504603,585.5766218245315,1250.023930336795
-486.6798862709247,486.67781116288705,973.3940093496867
-482.8999237330081,622.2927268160774,818.3533179653389
-490.2879903196306,640.0229932902976,665.8181037156995
-540.2200517496058,670.3230293085883,1139.5689388033302
-485.2233005752628,589.8842335655168,888.0816575804595
-256.43650937235043,514.1209684976923,1136.44527234406
-486.07323401710755,609.6128137832502,879.7191629236283
-496.18960666945804,388.2329662382725,1099.6232735541416
-464.7061997732055,514.4360332735286,768.5977041242498
-507.9831319968673,632.0769658748277,1319.8348117633454
-466.74292156871024,587.311890376844,1001.7419404349461
-448.93050175554436,568.8019875660639,929.1357968631503
-515.2990728240397,588.8876953879834,919.4638506690617
-542.5027375691384,673.8255881870946,1218.7786032213426
-485.7549529956764,586.7110272823869,924.2692
-486.8215108244508,549.7416483552935,834.9842188268537
-435.5485090934344,563.0938603526174,938.7535390678786
-509.83650789948956,539.0879346642164,941.4448378896415
-540.1588061584644,589.3130643243078,708.3457748874496
-476.84893627415386,496.23172232830245,650.0433181788408
-546.4747238991149,615.8598826569687,903.0928315488632
-492.52911904141,457.84770841378827,877.3505536255828
-494.3326360324213,604.5652214968597,1059.4884940919073
-487.5257281408858,527.0240733353621,572.9727303960763
-482.6423656590532,513.2913798467237,779.7553697882524
-537.986781001719,593.5748371364378,825.4382221465845
-532.77752700008,650.8326057621521,1290.2269037505403
-492.0000748924185,521.3188355637362,922.5758815148162
-485.40321570113474,595.4113676968134,1078.0012055111781
-462.27538698659373,485.8761555549407,1066.1201573571557
-485.0011384080208,617.287616350287,968.3096795985487
-485.75385659827134,586.7188670820046,828.6568000000001
-476.9344146617857,506.0247175403781,936.9245002139363
-485.7543852308884,586.3760544128586,898.1607134872452
-485.3223501173179,631.479103059263,984.1460572201865
-483.35154601536715,631.5722681485269,956.8928434279061
-499.5663699723134,586.6767653176894,1005.6237951477058
-509.2818786898772,634.7578602563221,1441.733005904613
-484.86710705861833,622.4294783572736,828.7911230556082
-525.5744215636989,634.4381883291953,670.2936541279531
-497.8124212589164,586.9423173381091,1055.16924691769
-486.8448334572429,595.3965398645296,1056.6411007356855
-485.7610858036778,586.7114128365291,1008.1114200000009
-486.0927802308852,577.2779951621503,1172.8195500773056
-464.63958876012157,608.254433522842,1099.1963956788074
-478.2152923058343,517.7988059182833,690.4951449491755
-487.36708060051114,586.9924220401722,967.6004212030304
-470.4668053768733,541.5131045548314,592.1388183501583
-514.2955903863626,662.1233670375104,639.942441247609
-483.579638051699,679.7611418834565,1016.6288709520202
-517.2751878816362,588.5875982880456,747.2303948969738
-486.3740392911834,596.4125831778508,1197.539767886844
-485.80817330865693,580.2723630727793,728.7666613127193
-486.5519058693153,550.5950405077544,831.3723380443317
-496.09146600471695,624.0395263578234,1106.3757878762713
-439.4379569472394,482.26474188193026,1115.3819646002512
-504.1767607849806,543.5759367163175,410.9900213850852
-498.669042377604,652.6035042729549,991.8395411675533
-493.30552233534013,604.1611024771028,1300.4531954415406
-500.3093280957353,586.6886655700521,1101.454269302574
-539.7348656893805,597.1937299559131,969.4696194094912
-458.9511496598034,548.2606918816585,1111.7761126189755
-475.42817101322,492.2891396145719,1224.425387659092
-487.2187005859382,687.1696946227642,1005.3501082449638
-437.9667744214321,564.2185850723008,857.2900883213642
-463.5632926362523,510.57892740761054,1408.365598268733
-544.4748866835491,522.4070031174483,1030.1317419410998
-481.0185065907324,573.2292415168249,1115.5642261485211
-486.86759522587636,595.5858786295153,1094.772789869908
-509.57933437777365,661.7550965035758,1118.197877328797
-473.1161880265827,573.6186601187779,672.6115603064982
-500.95032371800767,668.2675595710971,945.4872809070346
-558.3804490423972,600.4093052176536,375.96813925732
-531.5148015133814,743.6630811226696,1554.1620532409936
-534.0121160864369,636.8897025586706,1025.4120099791346
-508.82326503972445,584.8229054357146,873.2663376330427
-556.2201762394322,644.6112486228924,810.1595873372474
-468.04533366573173,562.5253069729438,1152.368059983717
-482.37357664731053,649.0036278139977,1181.350870276817
-465.5235514464016,607.3541274039537,1023.1394695158453
-485.76332155588534,586.7061939769812,966.188
-497.90282135909274,648.6674990486584,887.6004099497472
-498.74861995223546,497.6715311885614,683.2497192961581
-542.2306395015921,559.3357944027402,92.9962466278293
-485.28940144505395,611.3009092255488,1121.4362375266155
-412.7132951115959,513.0378123497144,1228.6458750202016
-519.8415572476638,631.5467638839261,538.8351452573236
-527.8867209948396,534.9463156922207,870.7568761179568
-485.7630839127546,586.7032467080523,776.0966
-481.95889205185995,652.3366292857204,1161.1665560026297
-485.49507783105264,563.8873424252257,921.1816937657363
-538.0987295224204,734.7498573351056,942.5839621192345
-424.5110170315329,505.88003880518045,905.0545497944734
-481.93132685200317,541.002765678608,802.5528324271625
-481.9579864490247,541.6831239199702,779.7162404744017
-482.1097679783502,649.6973404854232,1084.2071884959632
-484.28917653104145,566.3569003987291,1182.576372697311
-492.86535888618755,585.858132825103,1157.9581002955574
-542.4086962974638,707.9960292608415,1172.3588456929742
-420.7341352917074,693.9684242313358,1311.148328147242
-485.5139798224768,576.5345449619681,822.4694704093403
-485.3117997183963,610.113359990843,1029.8751972166472
-485.74755443732465,586.7217991624152,686.1484
-486.9152916914709,554.2246341977586,903.7663017309904
-530.4208964857455,739.9501920549096,1499.3492621456583
-486.57031279929583,604.093732227788,1238.9620248376643
1769.1280960804652,529.2682092926452,-819.8475648974818
-475.87204474826467,444.9176648289731,721.1544841887265
-485.78453644986894,586.7076139585273,867.6616
-487.2397148286218,553.904344903417,866.5181077622425
-487.1214527004088,636.0303776847552,1022.4600703681479
-485.75755350323016,586.7026086756226,777.8965999999999
-468.4507050043255,563.0459643341924,1110.6616812296138
-505.97624411747165,539.3508813280753,525.2137079170762
-501.26729812500344,703.5532297365855,1132.075815762963
-460.84474626218935,568.7963685874435,1043.8612506942065
-414.2197054770836,514.533231010922,1188.2815920629155
-554.2557077882896,599.6268159204742,311.9943198599967
-532.587672553268,587.2582784963992,710.5881001649934
-522.5141799193298,618.583080251078,772.9460101727225
-539.4554452044172,560.683003709303,51.52437701059853
-483.85781965143406,680.6128693598603,876.7922535854411
-484.8504259132692,622.9091193789577,849.8412157108191
-485.5533978211581,579.9638229917421,625.8573836982796
-547.352045192019,616.2640481641965,926.7817408922167
-486.3601027128234,596.1183001472402,1137.9848358051063
-485.7646653703664,586.7033158861001,757.6863999999999
-510.1195102518234,594.8039025634916,1008.0736147988478
-486.3342315102634,595.7046710272803,1058.578368270399
-523.2389349894961,594.0319626889875,381.5474038570653
-485.76204500458925,586.7316073889215,1307.415
-509.54248273500525,535.1331236929991,948.5523806631237
-486.00321913567086,560.9130906056998,943.9705356815489
-520.3751975833859,584.060748889869,939.4032616929729
-493.90296424246617,616.0884576038065,710.9936033359904
-487.211192493123,686.0860273914582,986.3680645063561
-485.7625751104906,586.7108951101895,1338.204
-466.8129084203324,606.0307777986372,909.0533636960527
-483.95341127362644,668.9043154674655,1111.3963192853175
-485.8285082768243,580.3485915209534,706.3223372049586
-486.83314330656003,595.3190678362225,1037.575168293891
-486.7841694356539,522.2694550356866,964.8092354313335
-559.8312246848609,595.290947091948,423.27055337248123
-486.5220982420815,603.1216825202532,1126.872954129931
-499.0171040605014,560.0206340120747,849.0197766900951
-545.200726246997,608.1489808325316,678.507238752386
-485.7545594987246,586.7041425194689,779.23
-482.2697777056014,667.9122092358989,1079.9452115555728
-556.072454398528,591.3086759820528,1152.1758927978367
-474.90260566920324,825.0107405335382,1490.4156945595053
-301.14800786422666,388.7380507523974,1957.6551007657188
-487.8726166584363,622.5433521642658,925.969047208019
-499.2352829244451,573.9083125140261,868.735621330334
-485.61393165255504,548.6663805222804,773.6498561423822
-485.5493323527435,606.680802262679,915.4772752359137
-486.82668309696055,595.2170240102237,1018.5093583537017
-458.6199756969763,567.2131067995236,1203.3841663729916
-485.7277256951006,577.89665356341,986.274403300123
-456.66066820334936,632.2645498217161,1247.0895172364242
-497.91539704041634,586.9398732409876,1070.1925769789466
-570.8103166288861,693.7994539631586,926.8601139804027
-484.4115346397559,566.050743843799,780.264017444247
-500.8473676178155,745.6461378477682,1244.8726207303143
-542.8452453775226,597.8040634658832,1068.6971781718937
-473.5960935448543,586.1024446643211,874.4508105066056
-493.4165105357738,591.987274362792,846.579705208401
-499.37799764173565,521.0875358586845,312.62283252406144
-479.00264292433167,586.3180836187059,647.0808411242949
-498.3535961788107,651.0331334660651,950.1437857772316
-486.1023880377302,577.0822814403309,1212.0476518072232
-498.16296760494174,526.9603248056906,217.3920499779702
-485.7471271273598,586.7136960899271,708.332
-418.50146389418796,605.3583792860065,1170.5514860107419
-516.0214109501599,588.9497914481407,961.0044439318532
-481.86156166510546,688.8366594268607,1177.9474230562728
-414.05559593832413,606.610545620169,1297.857182418282
-504.2538407417792,578.0316502544606,691.6753563300672
-486.12401858211,562.8768839564766,569.8648450167566
-486.03386154086706,519.9274658535501,1007.0119364053554
-499.8584487885396,586.6885702019267,1043.956024904464
-485.71261525476757,587.8744300650675,958.2646472672373
-490.40738559308284,641.6437674725084,708.2098319374094
-611.3186879069424,625.6361341150739,931.3137712355943
-485.77004426719986,586.6986517485577,874.5224000000006
-484.0579606786216,562.1285465876706,881.3873117465223
-486.9501783955916,498.25626106673985,546.6739732526598
-485.78249976153575,586.6878741249282,1114.537
-485.7507107452543,586.7054632672507,1018.3406
-485.7568772004827,586.7106816222333,1245.1593
-487.24039264360044,553.506329585887,886.2639615959102
-485.4611695269027,492.7289863694202,847.0865938259946
-485.7626187048013,586.7152732638219,945.228000000001
-499.85142011292373,647.3930853513323,1179.6757103240864
-539.6490891856392,669.4506287242402,1119.7663722012096
-494.15143602351554,587.2452118907236,816.667420927914
-481.8693292296309,575.5964979243859,784.4388330772781
-522.6625260582703,679.32266313999,720.7582217912297
-486.94349714623195,553.379398698574,946.4833475968774
-566.9061526296127,605.6969204994346,658.0969723555353
-486.4997111803964,502.764245932467,727.3015039923446
-485.452304444354,593.7298106438345,515.8008382838594
-486.45475750917876,593.0374966308541,680.4332432616641
-485.5173423081342,594.6521519253763,913.9169201028972
-486.1371319862949,561.761252143797,632.0885680189093
-425.3464095742397,546.8764647339576,1107.6317570789377
-482.26897770591404,757.6010296157094,1125.4599949658507
-467.33609290321556,587.2987058675345,946.8420351043878
-515.9901857557536,476.5379734033945,1388.6952499377423
-473.3028368763257,586.0912615634064,913.0353832241136
-485.7692554593243,586.6973324164223,978.39742
-485.3097861874189,643.58273731074,984.005306723816
768.6063814926383,608.8429869354404,-778.194163017246
-483.8791102679902,679.4564971494879,856.6880997416149
-486.0466576270021,519.1771491000418,1026.66846060456
-486.4064615927182,592.7579036218981,616.4084337463163
-486.08653582187935,577.1758456367918,1192.4335809874303
-482.7526097467294,624.1894460353128,902.0829218403408
-483.73122442850354,672.9172520369934,966.1920280847189
-510.9920250018197,595.0792361051313,1071.4151601879341
-411.9960979395928,512.2827449994957,1248.829183306571
-490.1775892454757,486.0108665013861,1214.609671360974
-487.0800405488212,488.2474027521505,693.703458220768
-442.57894090909804,526.2421005254741,1076.422566765807
-543.0245133327412,533.1286057121706,1454.2462821123381
-474.1413644892841,522.9858302505277,1031.5969552815059
-495.2963568169289,621.1090472396731,960.7086326867111
-434.93917901342,562.8033370641929,959.1191012132928
-539.458941925513,589.2768395764876,689.5362233614173
-489.7475477814778,694.297267592714,1225.557925840351
-479.28820604238035,627.0058847765683,944.4076723264607
-468.7376188680464,586.6629754283899,1036.0301269434628
-486.2697361334276,574.1223196879267,475.99193420781063
-466.15485493890355,606.7017825083883,966.0961614954626
-486.6352024513467,547.4818927240215,967.3043647752065
-497.3515141006965,587.8565140992571,1429.0385051333878
-637.4881997375326,588.529057008514,714.5565748401589
-484.80924146212146,624.8085555272417,934.0421035170211
-485.7609483951983,586.7090988299715,977.758
-485.85396567390444,580.3411845006938,514.8739003327903
-484.09261483786304,662.8792567149526,975.1942539080752
-519.5846076242001,586.8863991371117,854.0351353560496
-485.75817114292386,586.711674207761,804.876
-517.8137349386202,584.2540689792581,813.6646391035817
-552.1149214166871,670.9133611228633,973.1364489359321
-477.46037844667444,467.63055027584915,485.04521999177985
-483.6676679099396,675.874831984838,1025.1607096789296
-482.6552357400137,552.6443635731728,790.7359941469415
-485.7617600311569,586.7044190147046,688.6654
-504.7521144320949,611.2536100268806,898.7405539495248
-513.501993331032,624.540538671997,700.8369519092471
-482.49371361663,509.4354215562491,860.0204861747075
-508.0948881950917,727.4378778319681,797.676125884032
-503.4707974813514,499.1848930402216,560.2087269033708
-498.69191866565984,545.2407905825439,929.0361048818986
-511.48198316685944,567.8017723644979,625.4657075759025
-533.2761663496397,585.5740949601086,1266.8112322283957
-485.020110734647,616.9048871602149,947.0595994238115
-460.4879071199458,481.5869441344771,820.0764794997478
-490.52727669761407,629.5306630012274,1369.7001069422954
-540.1823334040048,604.3188946263106,559.6714331214715
-482.3860013875401,539.1242996745295,913.0055014145992
-484.1523121288519,641.1759504545253,1034.873508617752
-485.3923141154887,586.6772833597161,917.6330241562289
-484.88653979762285,621.9547688513546,807.7409032083208
-485.7572559976877,586.696682107116,869.8553999999999
-485.8211358373387,584.2669218767869,1118.6509211618084
-466.52272480881993,587.3302182366584,1020.0416929710332
-529.9657642425364,592.5231816459112,583.0906812447265
-485.3057060419683,630.4268941866308,943.341661349628
-485.77882252659674,586.7051153347544,789.03276
-486.47433543337957,593.3250449392635,744.4580212677336
-485.74373754090584,586.7034468582901,761.5563999999999
-485.505504065467,564.4326636490163,881.0776696924265
-504.8250860591272,577.786721030337,736.85167070028
-496.18570554234884,435.8774697527415,806.2909942200606
-421.4076636831089,501.7718264098594,989.1214331260777
-492.95731837535504,601.6973476037808,768.0414347794214
-485.76221995283504,586.7356149896596,1219.8425
-501.65675392351864,586.6950616333295,1273.9490434345917
-485.75870009206255,586.703769094009,893.7914
-529.4924072021086,587.2186354161869,613.2506288086245
-485.9231781802032,547.7448414316341,700.8414023310353
-455.26203140247435,583.1907416123095,955.224278142705
-481.6298604418421,691.4198775812031,752.1469784788028
-485.1187593628747,590.4429218123737,1181.8224832857063
-483.7385757355228,686.4128944313165,977.3118710790006
-505.22757710222936,490.51952619934764,690.1830860563242
-469.09746674784856,835.5098609559716,1604.1378800926227
-557.2026389715311,594.9869925118951,381.42009934309596
-462.9149937813545,508.43194677630527,1469.5596539512044
-500.04841045211606,618.2394149316829,1209.5302267178954
1185.788076453926,625.0667852999056,-803.7979736702637
-593.0094470878785,598.2656264590898,118.70397647921783
-486.8749057111145,547.729406879202,921.554715644131
-522.2058680899077,580.1925146747973,722.7869758531174
-522.4406932169331,686.4953058926335,1033.1867394859048
-493.3281323957458,591.9088932954569,825.7312834825756
-518.7351826892832,567.1645364401008,666.4411973469332
-486.0404028896976,572.1049321598892,787.2980227247665
-467.9108297239868,519.4372408339605,1218.5232054051744
-502.1754454945062,674.8416204924958,1082.413538533127
-481.34960042767807,508.9202703066692,476.83542443445265
-485.7804244047243,586.7026294764776,773.4514
-496.75750217903715,596.8158855656529,763.5541959705375
-541.9203458098252,605.6433218120163,571.314114053208
-509.8312335805376,659.3843852951952,959.5503776408976
-485.75615657442813,586.7155888767381,988.9602200000008
-479.39024369455956,563.4934959424986,716.4182082113962
-487.76374844378915,937.371589038067,1492.2271121426968
-498.7023010830925,582.4439010632555,1135.3182437333585
-485.72745281298603,577.790551861743,1006.7817924240302
-514.3395628844473,589.584575014119,448.03031467167887
-463.3434116284543,509.8637961739828,1428.7635859584025
-527.7871352343859,693.0768199417076,917.2866836669789
-509.35105951937885,660.9612994576966,1098.6580176927914
-519.8958542642736,593.3882658936479,279.9367655688012
-441.8914577994401,487.80762142933565,1016.2121660608375
-465.0590936154531,680.3032448761588,1569.2358784971984
-516.479142888676,588.0107696082576,1069.8092104687219
-485.538816812219,577.3765645040112,692.6558979379621
-485.75326888006657,586.70064733546,985.4262
-485.29909120819593,644.3110699091371,1005.8116102424705
-468.08325546203423,850.8448425436493,1749.6389890819887
-472.91499536686547,486.1299032629331,442.9839536688758
-482.67953947853357,619.3544685615623,1051.29042607735
-541.0780978093569,604.6172141651521,581.2839233079806
-477.42205578412177,586.2345949340051,967.5256838201169
-483.4051245613032,687.1299125749165,1156.976660833384
-485.05099557499307,616.1436121006013,904.5593454983764
-474.79214640022565,827.0788789730586,1509.8046208745043
-481.6695634781074,693.636295778133,1268.481132302511
-501.2417450086873,841.8996847134947,1629.0196006483375
-485.5187541056407,595.0504005680418,1001.6402212872462
-498.0008287593346,586.9460157872585,1085.2159721490332
-504.5033434181032,610.946116725079,877.6871423889204
-485.75456875493137,586.713454767582,890.5878
-486.542633813448,603.7127247646213,1194.1263116579703
-528.3529909830349,587.2422276209284,667.1840040107465
-515.1165130996999,664.3497812578512,680.816493560195
-492.7658970193379,513.4274526614631,1124.7735258918995
-485.7669391743643,586.7080718716209,989.8996000000008
-507.8363560752973,656.2746046207304,981.4174739040744
1809.2125208875186,749.5700200920314,-848.6269570326149
-523.09825534261,637.4773385727739,1035.3044839379236
-482.6177004328033,620.0709524686807,1091.0937634266015
-464.0935932890618,512.3035985489033,813.4003872284344
-510.67302112733796,532.6560292313522,1030.7826365591068
-481.08827632500333,504.3728335605995,548.7927233498651
-485.89824367709434,550.6482002595899,592.9447690864042
-518.6376079598713,578.6333408333592,944.8985878784216
-538.7547882354634,589.2445798036154,670.7268065543885
-482.5420860093818,620.7932743512848,1130.896944930007
-588.5737628273678,599.5758208450609,661.0568134600383
-500.0948727448972,737.7373228151976,1145.3082829782322
-535.2466766043522,585.5308390116427,1350.746804423321
-502.2654860433381,498.8723257554698,407.1774797547306
-490.40440156623254,628.5951523277365,1323.252679965599
-487.1731878613664,555.1178585169644,807.2809864615525
-476.7594896846099,575.7843503137544,1251.7554864265655
-468.3662028131457,846.4792126948944,1708.065212569953
-481.75772510362094,688.1807159370167,705.4884892916729
-514.6365521124453,587.9449103884855,961.1599189634162
-498.6608429017424,496.74294530525907,714.4570548053293
-486.4322451383264,592.8512044088702,637.7500315920215
-485.9801310574376,577.841363689118,990.2354348343226
-530.9887573304293,531.1326253526111,990.2190946960214
-459.24064814975145,548.6737645706627,1091.9815408964507
-476.30872892630805,490.9532534974013,732.0887460309019
-484.26980171211835,473.5440962767314,499.73061646226586
836.4807244682415,609.937914694953,-787.9344380292187
-540.9122743379403,606.6141788006992,575.5816763419363
-483.22468586492323,653.5547835302181,1137.1158643773058
-492.93162325941694,585.8459234211341,1174.8708461057788
-499.87237252531713,494.57611460864916,906.8807990265295
-487.06246627496193,489.67855658061717,672.6993402092088
-481.63578087731366,694.8259999114175,1291.1152928930387
-493.16096282003946,602.133694484188,812.8795354778717
-635.4579026103349,588.5153973029687,695.0303385221102
-528.8995477485059,645.5186344183253,1121.0078651072408
-485.73673649757393,586.7151970512831,1147.7934
-489.90436204632806,491.9656656057289,1098.4912676463787
-447.4877082968187,568.1142592161577,994.5380553224701
-485.75744251313563,586.707399995146,929.635
-533.2824315438174,545.5641097142918,844.8829262861151
-533.286411359144,589.8189430671063,675.7610739108784
-485.7601693084505,586.7192400038248,886.8296
-465.4247879415552,678.6167204408051,1527.5020124234497
-512.2562345887688,567.2319028864925,667.2859034707549
-512.186830974164,490.39829972294183,1119.217159938952
-520.6767700033661,580.4645881056455,661.5664165421758
-485.8610437432292,592.2113978463012,801.3496100740483
-522.8403165018583,687.586361017354,1052.563419484186
-541.941827115757,587.3680156979666,1002.5985954386053
-544.1442896835292,583.8972615568025,684.8735952777035
1260.541895826169,617.3630284965084,-802.9976160579827
-488.5413025926314,533.6354825097486,818.6908597951835
-492.3587843479154,461.2371467907776,834.4620263210927
-485.71566319870726,576.7612562463895,1211.855840070058
-484.18525058030605,525.2131414121426,873.7952789520621
-475.84568770604255,585.9369399793432,1033.891780467322
-529.1903368140586,692.630328349519,1397.9464125267834
-560.4900855500127,588.4336179548193,803.1080510710982
-531.9422750905205,546.7275160214747,799.6863449303828
-500.3406596164534,584.5724111972963,722.0549086617647
-505.98062246095924,577.2412107974601,827.203666046483
-443.49098798932573,506.8547781661972,1229.234756130758
-466.173713984766,494.63222519683325,1150.9929835709254
-419.06320539491594,498.70441369645596,1052.1714396253028
-507.15306055681276,544.388836551816,753.1885933500232
-486.718690855726,632.5839873539651,1124.8063762156255
-485.7584266929475,586.6944352495839,932.4436000000001
-461.7466376797929,483.6248016410198,1106.8120332203507
-467.72441082880346,518.6996849573825,1240.0185283486107
-492.6997365950933,728.4569535487974,1128.4807888202963
-532.7341668060594,643.0409748241732,926.4731204282298
-485.77552668243743,586.7026431596057,862.715
-555.6476775741235,682.4872256505487,1045.9244716928838
-487.8702789089084,515.3597979970516,831.927731477818
-463.0371576577636,570.3937094385009,884.3379997405268
-497.2655418776767,587.842682147402,1410.7173247250132
-465.72976457413733,595.8161102040167,1179.9911046851198
-477.3107955742023,465.5628171903379,506.50920975849743
-501.98315732943047,586.5625365536371,866.9399332998
-508.35267869972336,594.2286642975018,881.3910066108285
-513.1492501960156,624.0443596979728,681.8770806877867
-484.95046582237023,553.8273202199309,1038.7477217886853
-485.7641767064697,586.7005334590103,1111.77836
-625.3656809585802,588.3818081521517,597.3942586018974
-515.8518186976703,587.9997895525484,1033.5929484151231
-541.3752966897537,672.0653289160487,1179.1738376944922
-529.2482231451543,549.0539922466817,709.2936677201897
-483.7797154197865,684.0969118223272,937.1037643625746
-485.28433690631573,596.7722386041042,1198.0861451624232
-481.0845051577801,573.3946760295767,1091.9123915136088
-492.1849965164238,654.0026136024453,888.3001550130298
-494.9819622171908,411.334676053689,883.9230460642881
-515.1716228693954,479.5053475910181,1330.9498665352376
-483.7640830093633,558.013049498242,1156.1920053287972
-497.71469420065887,586.9356546111145,1040.1458978368983
-493.3137456512304,442.8655002189639,589.78973193389
-485.7732735619584,586.7064376016715,1092.9479999999999
-492.89439182669025,603.2259232948777,1188.9050681248061
-472.6791037815817,514.9506869940533,1256.0910743240465
-486.05290126621117,571.0775305561418,896.4011295241996
-464.88300470169816,681.1428704885401,1590.1029769327838
-485.87015247448903,592.5089454477677,885.9128202386985
-468.87996603420515,640.3539654241072,1541.3145521706042
-531.6199377520479,634.37008196095,936.7171561701111
-475.1260167137598,595.1265944767094,1147.4232716533088
-481.4353934108449,510.4397291893222,452.8499758212238
-486.97634463601844,560.9388500806594,1024.2478055388874
-498.28698343917154,499.30836305406507,672.7883260995307
-627.3763675674386,588.4077821714764,616.9221251662078
-521.9914264149593,586.9025003355952,968.6341702520781
-500.04472320415243,659.6997961287542,1179.4695066528152
-486.02901864854925,520.6773010857137,987.3553955894142
-524.1093935808294,589.2061039095644,399.8619664760197
-424.6454065750281,546.4486665577201,1128.5877269230705
-500.7596889144352,619.7761630307721,1305.6454545153547
-562.5618610747049,604.684106419448,582.5327942394056
-485.7380774977087,586.7100338547787,960.0604000000001
-485.75623704979125,586.7061065798537,560.506
-511.0080325842159,588.1982953810856,933.733028211429
-485.740949808423,586.7010559386379,842.1798
-485.8338581865196,579.3805959450461,930.7643835013532
-486.1874349325258,594.4135843699453,871.3824855308293
-484.11546513694566,622.4259261456705,1191.0910660949503
-283.01172304933016,678.3686122629663,2086.6201378787964
-484.19803747713536,572.0856012892018,941.3468295016004
-486.0888400444801,610.5305702768544,945.5938536490337
-486.0809659572583,610.2250105207688,923.6356182235367
-511.53131272545625,530.7928315143026,1092.4550406227538
-488.0141215144479,625.0425776339366,1042.7048656810603
-485.75460868011623,586.7104253190084,988.627
-487.32374586814694,608.092528980727,708.8273714788104
-484.0670300080674,663.7455842993304,994.6514819302478
-484.09678033202545,562.7688166895466,839.1097851003633
-279.50154948449017,679.9524464728981,2135.5354868383956
-514.8343684015599,589.6364884437972,469.0652661789411
-518.2334998900196,567.4636049517574,645.6338539141443
-493.95454870286676,587.2192602217879,778.5399128533872
-486.18768204292473,594.509378945351,892.4513138566533
-486.53283274753403,499.36015556284997,787.3393854136367
-445.62113372986687,585.0026300617924,1205.3697990940384
-456.9636442143119,631.7917723517279,1225.8829435680902
-487.4202174983427,587.5772725220395,1035.8671564052195
-466.7591629195663,515.0197411702143,1347.4951416348877
-490.61477886304874,644.0257216069595,771.7994041133784
-531.521254666874,587.2706647476912,772.1904871664149
-523.4053039336409,589.1670585279941,378.6388714823687
-485.42430480067196,586.6572380570133,810.9290302953077
-486.75616904835215,525.2931252739772,884.260478718541
-487.83359784586696,622.0454620504083,902.6218428027861
-485.7661243989819,586.712615333153,906.0242000000001
-505.1065395355265,577.6440779316194,759.4397401410781
-485.1245532833227,590.3794136836525,1142.6570363388655
-526.1183684367913,635.1115714116145,689.9995437374633
-505.58013313806896,481.18473445289555,640.6632047432524
-473.38292102423566,644.865881394897,1148.1399192562099
-487.0412614151819,491.1085581716966,651.6951425355555
-631.4303635768379,588.4608047470749,655.9751245467958
-478.4705065953508,586.2884645299891,753.8957609734605
-498.1674157483433,546.9093222558458,861.4023598413254
-509.8891979036007,738.7691420607214,922.364654282114
-486.1583247567014,561.008059510865,673.5708363057366
-500.2987816091188,516.6910215783444,384.04641450599377
-548.5218887886072,697.1219653993915,1169.418099494472
-486.69474476358846,484.07962010801685,1018.3075906532265
-487.0587181185881,634.2455681596418,958.0931676353727
-623.34398850344,588.3547851820717,577.8673150066752
-549.7576303360372,529.8284352247492,712.6508738687166
-485.7415683546135,586.4190919089483,739.7801167568844
-507.6067522292615,652.6604437174426,801.1894911337909
-510.12987218186163,538.4966341295492,962.3621999064209
-472.7277122586311,586.0570921069362,990.2045922821828
-481.91042898441947,652.9959012424024,1180.4063961955062
-494.58320120965254,618.6029183500414,835.8511122222311
947.0691992981028,611.799640308577,-775.7692572109645
-529.9210628393334,548.4720140291149,731.8918504546435
-530.6091782538078,579.9506817622405,810.5834223247194
-426.35298445358285,684.7071033979521,1132.87618697259
-486.3257994623991,572.7244715298033,612.1391021514448
-417.1817697241181,517.5409033642161,1107.5516710248314
-479.3950312538245,707.6962438788178,1131.476294922449
-485.83889194109224,579.7775800875858,840.9876208159548
-483.0962256312614,656.9384626565528,1232.8654664093533
-482.57968751499857,620.4329987569748,1110.9953343578195
-510.2989849839689,568.6668916014988,562.7360394876683
-485.74463482337933,586.6979056494934,973.3626
-485.77322923179645,586.7087804131529,1048.356
-533.9151479675716,563.3650385550459,-31.420462092834157
-505.6614342868695,634.1802083648413,931.4088201139466
-483.36610011235916,631.1271105040624,939.9194258132046
-482.73061554294645,557.3977401751408,856.6440950088765
-485.76618218988824,586.7106121049737,882.384000000001
-485.3300291220321,640.7378325532809,896.7776772278073
-486.3840254095635,674.6097671499833,1155.0493284394238
-474.52992922050953,525.189065152083,970.3716278439465
-497.31975123463053,586.9308699337506,980.0525150898053
-511.0925845377092,568.0892212740879,604.5557006783731
-562.3957012074097,588.4886370261859,843.0978503267378
-486.9849795349505,495.40792472660473,588.6832182710959
-514.9431075701127,587.9532747376285,979.2681430040684
-484.0081739915736,622.9570529367686,1123.5526097811992
-485.7577644958744,586.7163591425458,776.2982000000001
-480.5730754105259,495.259566438177,692.7057228588802
-557.1387932511129,645.3613708539795,830.6216243751442
-485.9988464692492,561.2832986356227,920.0432769458756
-502.79365550028206,584.195948200877,969.2308105058337
-524.4336522462872,691.9049358149932,1130.0727287385403
-479.21168858079636,627.545928202094,967.7813070901121
-485.8112306146095,584.4263278963008,989.1673031324615
-440.0990531381385,425.5738785226365,1105.796888950447
-523.2503741329244,688.6516688747156,1071.941313728542
-477.0148791111442,626.8499143569579,1112.3020334296984
-485.8451670994623,580.1396733544227,556.0059251112732
-485.43784934659107,593.9456132739576,767.3361331413778
-487.784205991406,587.7845375789498,1425.743349268487
-467.5534512007148,586.6698731971212,1160.2457153256912
-486.11033285208987,563.6277326046038,528.3825221723074
-558.0686551841784,646.1255748841311,851.0826892449977
-492.3227465683376,517.8308660016689,1012.442363740231
-440.4483816548145,484.4784999116895,1075.714598172674
-536.8086002909276,536.3423727658009,678.5666048148519
-485.74938845165707,586.7219631983976,690.5638
-479.1932094162639,562.809087986346,760.4612764051941
-492.15287917224805,584.7475090015778,755.4954334711114
-548.4873808190723,583.700477702055,791.7135240741381
-485.5088137225098,595.169658660398,1023.5709414853947
-504.90103658262956,541.8795870454494,456.67904758118397
-528.8150860009121,691.7623135215943,1380.1941135825793
-485.30984302686693,610.7057846813741,1075.6557434626425
-487.1921907863216,554.7062023201602,827.0265553589436
-485.9854298506757,562.0205924273398,872.1886923568572
-523.9156596599337,594.1632480284115,401.86921753610744
-496.9038958428082,596.9268969603454,782.6560197885519
-485.7153093121469,587.8024933236194,860.1002505896014
-501.5785963367107,502.41015020956684,360.48073268605344
-485.7493698839021,586.7096082524672,813.2826
-481.87908098773846,549.6948499537953,874.8294219651121
-485.47593121781983,593.7400705600805,725.9141838826631
-483.5964404902211,678.8305096700628,1084.129512022209
-481.42037415396226,534.9675918721285,1008.0841556817841
-487.2447725310981,688.2501874099394,1024.3323060371135
-523.9872684678508,704.2317809908184,1202.6609632511813
-482.94646421995367,621.811051437687,797.4211434988529
-485.7592080364284,594.872028435581,900.1453456485318
-517.0625083114201,584.8610659181145,487.69035327887883
-477.7945863852642,577.0680751303312,1016.6391953223956
-495.9267387648465,693.1569481382126,1843.0581217556896
-519.1707362854881,586.8925243476459,834.9355375682244
-520.7456078015493,651.3442296090398,916.9386191093197
-530.6856805813236,592.6219198903717,605.1225966480267
-485.7616236431131,586.6957094950491,997.7568
-541.7830156847835,606.9118475310358,596.166429018482
-486.582824246223,549.5608739838506,876.6831089927657
-467.03890584114106,605.8146719413382,890.0390806698629
-423.8651254468482,688.8131585664155,1212.1092732292434
-532.1909749323979,600.8410488029934,727.6104341439705
-473.0257428512855,586.0726742171379,951.6200489854587
-517.130251505494,589.0378613837971,1023.3148911351868
-535.8088694200692,531.9006571591544,767.2957474797394
-505.7076926689633,646.893736832144,665.4516444200829
-534.7097761729283,631.9463396467988,792.3946848283532
-524.2799227344346,539.3790325689076,731.3833571833279
-474.69089975110273,829.1411948807477,1529.1942575541948
-487.46592373021394,587.6079225943727,1076.906744419818
-486.2254776600014,595.0008267575595,997.795361443596
-539.617233438911,611.1139084323589,634.5900585859265
-465.1258562948933,596.1010053612254,1238.3827152242775
-485.74780524499556,586.7054660158585,934.0457999999999
-461.9011211516013,487.4188823619852,732.8551303108643
-484.0991565723375,643.0227628894618,1095.9233176140988
-476.7993342547261,593.7881746966175,848.005297232286
-543.4629998106361,631.0885504756118,1031.6512422608657
-467.1391404654703,516.4796902166959,1304.503936903639
-416.4433064851082,516.7849508868319,1127.7340558330125
-473.5958308982176,610.9294438347677,1586.0313722678573
-485.74637717964606,586.7138153500042,1029.0662
-536.1085010953016,537.0260612851235,658.9694552625267
-508.64667670441327,633.4260508189859,1380.7835325675292
-534.3661749257944,618.6099532861908,550.6581347417844
-484.13430328877166,571.5047021608789,1008.0805746814615
-485.7677277866396,586.7087980207782,924.2800000000011
-531.153827458455,589.683781435636,612.0925774498448
-492.7534425306135,585.8691459437521,1124.1325259023617
-534.7062328776672,538.4183610914814,619.7760910061531
-465.9511539752482,518.6861616629391,678.9916389469322
-550.2267309167337,593.2426276611101,686.5005774268611
-485.8257998228264,579.9734737896107,796.0992254528537
-417.7599399112919,605.5738123466133,1191.76901155389
-439.9380956914906,483.37050146833974,1095.5480689213928
-486.04596877733957,521.4064692934128,967.6981843695942
-485.70991922440635,587.8224215754252,879.733126269471
-528.4038211300076,693.7708208434751,950.4901790703248
-471.9718674499542,545.9930365867272,459.4376390539776
-483.38892537269703,589.4013479303183,1136.266787157595
-499.91339181811145,617.9299338687154,1190.3071591635435
-500.6260751521522,698.766793837281,1054.6533061514515
-498.784721228179,642.7273709054843,1031.1734519160298
-503.53887852320304,609.6917838761062,793.4735257264393
-485.7473161599894,586.7113044979205,826.3996000000008
-499.2114195279023,492.9098404905339,776.9614452885417
-492.5889812703126,658.1587147520686,989.8705945743143
808.3971787181672,609.3735718076589,-773.4960188135392
-601.7511130335522,622.6683176418449,802.9989141188245
-485.7507506438792,586.7150915282119,992.31816
-546.3739788096391,557.3279996674664,155.20577490103886
-473.51512497730573,644.2357155950791,1127.5599265321362
-485.7699403597958,586.700218565954,1081.667
-485.776683927721,586.7063044883007,879.3434
-485.7549765107783,586.713474825332,864.028
-490.68555929925674,644.8127839399276,792.996215033724
-501.7333429365144,707.1671298880128,1190.141339013383
-493.135627442015,591.7605742942019,784.0344877734636
-519.4433136155926,578.4292175608985,986.276860236638
-485.4085682913824,586.6849120011757,832.2698227543151
-485.75629360069024,586.716037995017,987.1474
-467.593932501974,586.327334373851,1065.8421680564607
-485.75283560561274,586.719217871731,626.1232
-438.58366258871115,564.5102255530892,836.9247721451146
-485.7565815128064,586.7161236020993,903.3098
-484.9284020754028,553.037532282978,1081.6108597831535
-528.3682341376725,614.5047549750512,1417.97595839829
-484.9813327671625,554.6019209484086,995.8842858040856
-525.696910505817,612.7824627567437,1282.6297064308778
-448.2684326436047,534.1651358134834,836.4808752712406
-463.46261683963576,586.8818982716202,1242.4255235969238
-486.34470281905124,595.8271664290658,1078.429888413218
-470.1138290677418,586.6737484948208,891.1118851320332
-481.5234004921854,694.6497258463125,798.8061458000653
-525.062469420546,685.337608935095,816.4799951811196
-519.2691788981192,630.804831431894,517.3108547819116
-486.01522033412857,572.5250454654669,743.6569216030963
-484.8293955864815,624.3288330255755,912.9920152799743
-482.03918075304,673.2897900330079,1201.494880414197
-549.3728090454629,593.1579829884282,667.3222506605512
-484.14152158361867,622.0495485206332,1171.1732624273004
-499.5768304610783,573.5822482853074,910.2564695382624
-482.0372633181955,651.0130976340333,1122.6870165766
-495.6692285292215,443.44917660553324,727.8944608547393
-485.3950613253455,594.8829795234967,723.3257209876222
-522.5576242571624,593.9071982786804,361.2257094987674
-504.8161144104779,614.7471205519104,862.1523656502754
-504.6275965078305,583.9339622246644,1154.6128239949296
-485.7578460266691,586.7207350373374,1162.4261999999999
-519.8558894093903,570.9275412750617,858.0569022774808
-494.6639424335226,587.2742183152172,911.9861074162508
-474.2431672845926,561.5932856445866,1004.4100345041463
-489.65150102650114,497.9094535857125,982.372282795423
-445.40685923869046,606.0614135395904,1198.9505852513348
-482.71039723099375,624.6712675649894,923.015101601528
-442.66386591177616,486.7527062260407,982.4081741563729
-540.8315070442977,560.0090089028829,72.26103790737403
-483.1296458807892,589.6856336180058,1323.8951324635545
-497.65753782703496,505.1317938960417,562.9208661070381
-533.2294648971256,587.2515877034399,730.0549612685415
-464.1699801795744,593.802679014707,976.6628223936199
-474.997698675038,822.9436678208733,1471.0265685621557
-542.7408539662679,605.9245633164802,590.8976117877239
-607.3028893136316,845.8050587571124,644.966074214751
-564.5817843466666,712.626111239203,555.249272139629
-546.5583137757749,693.6952268151945,1109.6261349322347
-522.3982631762797,636.5101522253793,1001.1155952769386
-476.6040137788459,628.8078871837254,1203.921783119231
-485.7500838911378,586.7153641928674,691.7404
-614.5521814129747,861.2236060635141,728.2099843528633
-490.04956195494924,488.991391114924,1156.5506037528512
-485.52331191403437,566.3547099778037,740.7138346034574
-484.0531055211886,622.1353410293859,1080.8197305137514
-485.7504672269556,586.7084940214719,1190.09536
-616.3637968735861,865.0939161898568,749.0186511506106
-499.6734594893883,495.8058645482919,885.0061069856575
-492.090591203249,466.3089985790243,770.1283226026719
-485.77042366301816,586.7184651998255,1149.7845
-287.6616744947796,676.2782988038623,2021.3976639438506
-482.3386965261784,649.7108327537691,1203.3279108917786
-538.0723324649757,719.075698072115,1325.6793675923716
-477.18111012192526,463.49837230490357,527.9738911287538
-509.234570832429,594.51811406569,944.73232585676
-486.06249232995697,608.6754670665889,813.8447855645795
-530.5135198839848,678.8839940651187,830.0478303079044
-476.3170097520524,595.4032112978696,1112.6561179019552
-480.2216953371451,489.1953606473146,788.64868807287
-468.01562551327106,586.3323256700774,1023.4053412378507
-481.19247713591267,561.2237907576464,806.1660932465372
-484.1650092721611,621.684269308203,1151.2552150365686
-492.375950539667,589.3838631533197,591.0500044318544
-499.35506619971875,638.9201949491126,992.6497349703195
963.9859279483608,598.1586524156974,-761.584541701277
-512.5741256906176,714.4715488241429,1086.9291694249173
-482.2323258312126,651.841765713693,1269.2586756942007
-485.74144478307244,586.7151089817049,1110.98448
-492.23756324080523,719.4496509085313,1008.8692326795536
-521.0414401512455,578.0424021691474,1069.0338035979214
-487.9686808374338,624.0304724661482,996.0109001210916
-442.89595173218504,490.02991800934535,976.5452170675472
-485.5060614468814,576.6750018577873,800.8338733905103
-485.9698053844736,577.5299645559364,1053.1532781263686
-468.1141921455619,520.1625690356318,1197.0275419743843
-522.8522820940975,569.5428917455133,998.7915209708335
-485.33142210439973,631.99471706489,1004.5485103207452
-467.7944039374288,643.8242062529653,1689.9047942646012
-485.75517556242994,586.7243884283866,1039.1158
-443.0694131456489,526.8980280118262,1056.4276505153143
-512.905713274296,585.1179518372649,323.1232990673163
-485.56178032055413,607.1406020361585,955.0315041260163
-468.22760449259476,848.6589049678003,1728.852516119826
-481.71711480745375,692.4315029325214,1245.848038933094
-555.4095424555953,591.2704344536153,1134.143554432498
-505.62728102816163,540.189664343184,502.3684052148197
-511.83481965093597,589.327527414369,342.8563491797555
-484.2065115274281,638.6995555360859,953.474171907958
-493.23820078843255,613.8949481148413,1062.459044226
-485.7668110314544,586.7116790826888,1204.4279999999999
-554.7517565659623,591.2173325253952,1116.1110943786066
-477.8839237011432,473.83165073163923,420.6526828666976
-459.53002746312404,549.0720073396773,1072.1866506278873
-532.2359468493214,746.157270003172,1590.7030156220249
-516.1572801416878,588.0157313731742,1051.7011825347208
-485.75932753556845,586.70749865732,754.8646
-534.6574740518331,687.4006444588515,976.259417734365
-485.7346905875206,586.715772527566,1212.0948
-476.0246833712872,735.7808070237026,1203.5041132221402
-449.2055699179309,535.487663089205,796.490407076711
-485.9152890729474,550.0648492275866,614.524004548618
-500.7863030927806,699.9627522450885,1074.008974411098
-543.9615860855474,689.0972367804072,1029.9044653549981
-521.21910541131,584.619787332196,652.257447236598
-485.7010719737864,587.9079615792224,997.5304026447728
-526.6056747281789,594.6904272629959,483.1570723095878
-544.0913808709447,598.0433996574527,1108.3881773973078
-483.9217414188179,448.77455886598494,774.0106826616852
-487.0186210643801,492.5356729377954,630.6907378409819
-280.67127183919183,679.4342443778321,2119.2301614043736
-487.12538412939284,636.6189631432906,1043.9159238773527
-524.044816928304,690.825882314575,1110.6951938660657
-468.8619698541215,586.352732365031,938.5317194145824
-499.0820263134192,644.0549762535077,1073.6029472648604
-508.83033196694214,659.410584339291,1059.5775491564186
-487.37124392996407,587.5488211130091,974.3077474850893
-486.5033685984806,602.9289106442325,1104.4551260487842
-485.76429790908674,586.6963199180746,834.2228000000006
-498.22813746342763,586.9325146356083,1115.262552882507
-535.8723437472245,536.2360645036808,752.7205585782265
-466.9553928996081,515.7525121897856,1325.9997167859683
-481.3421069694068,544.6083944194434,1098.1622475401155
-534.7477702683791,624.3716828829838,761.8517494439307
-485.3113891032417,645.0081212410291,1027.619021454059
-485.75392899558983,586.7128060139883,1224.3324
-486.9460701704552,496.84067454249043,567.6792361880911
-521.9052345767041,593.7721054447022,340.90303730309773
-475.4195224227674,585.9061012014953,1109.2902226824535
-475.9862067913609,595.7172607852483,1177.505251083316
-483.7199859309176,673.9001268486372,985.848479647329
-485.7367633427407,578.3100732042641,904.2447926966054
-466.14555842851587,595.6225163278386,1141.0635071491056
-476.8488681828944,575.9043325235764,1230.3812711368437
-490.75542938508033,645.6161444863228,814.1923399267208
-483.6272618491603,677.8471963916143,1064.4731221627462
-479.5591306365063,625.3431074373059,874.2886215406526
-487.2737309275817,553.0994068162554,906.0096112576259
-506.70497844506053,537.637497722011,570.9016716543329
-485.7541157431126,586.716222707933,719.1912
-448.1726373324634,604.7396894999342,1065.4182597008175
-485.4842170360639,500.86978088693013,708.6032447472135
-497.7471149943808,647.8733350983088,866.7529062381236
-590.9828190749499,587.5352378256589,777.6138496891188
-485.28473742182337,611.8945944476943,1167.216761300513
-470.9696264270326,543.0136394567021,547.9054174025568
-498.56085087623524,498.9142082136816,663.1949233527781
-486.84801004691144,556.2136539494163,783.5331167118273
-526.7041950839834,712.5474105021547,1341.2989975878934
-473.8667274189927,521.5320164364239,1072.4142569716864
-533.1048798575871,539.0260003661856,669.3377675189131
-485.74280425077905,586.7180984709528,885.9074
-485.76395827563874,586.7161954845311,908.302
-485.7776578901762,586.7237592390653,847.3414
-487.0898792729713,541.1723977655248,1202.908336296548
-546.9019578419909,607.3209793062271,688.8125302700878
-517.502260489684,589.0581927615352,1044.085009625618
-493.23280343545525,603.968573766861,1278.1435885748388
-516.8834685514471,588.5387735932139,727.853888140393
-503.57678465488334,491.80178566876884,500.572479661462
-485.5139292881979,576.9600500338813,757.562719991578
-482.84195206378763,623.2386450588613,860.2182205955995
-515.7417623464664,555.7308449809473,843.9827172917975
-500.2519295125712,492.1572402122855,950.6329720142759
-481.7504368038999,691.2354297320471,1223.2143141375577
-539.1625828583115,589.4652507278477,650.4239375980173
-485.7640500840762,586.7027628007,1227.8782
-529.2682559298521,580.1715507352283,763.9748515116747
-460.9556197079078,551.1164778650333,973.2130644073376
-544.9998876285717,583.8751075748673,706.242149789096
-490.2747079953506,627.3434731860698,1261.3227652565542
-498.4173364604626,539.059350181866,805.6702182716028
-485.7626100733082,586.7127195863129,1046.675600000001
-486.96961817604915,553.0523262426088,942.784531717722
-497.3767008891032,746.5504337393395,1941.094454236296
-557.0961284994646,684.485013615199,1083.325402162958
-539.4179781933708,679.550010900401,841.919258602028
-479.24497072377244,738.2850148887485,1233.8285690773857
-539.7759211183793,536.1620079432396,1328.5190436776115
-476.722769904849,504.0564315122458,977.9956994730426
-485.7708365737751,586.710943937544,866.6628000000007
-541.8310792191673,706.7829109533294,1153.0952462414054
-547.6280565685979,583.7381024396784,770.3451624909353
-560.3880300210042,604.1652997181368,544.7509229004512
-486.83785313108683,564.035045821603,810.4072724571525
-485.31120628627104,596.3756435968099,1120.7217351298498
-542.7903061866127,698.5864966764582,1173.8756845181397
-506.35112490851725,651.5652130547443,864.1775180027931
-487.2781532827303,690.4062190222269,1062.2969787714194
-506.33345619781767,648.8151830724603,710.6977414918581
-499.49887803807405,497.0234583818343,863.130402486751
-537.4853154595103,733.039753822688,922.9203783238582
-479.30245620572305,737.0203336132365,1217.2992057173112
-513.541561498517,485.4516656521787,1215.4595274064923
-524.5754915559264,594.301851040592,422.19159296656665
-484.26531133656636,572.661622513046,874.6130317495478
-532.9528068400332,748.652414763596,1627.2440062994601
-426.0185699724125,547.3283830275652,1086.6753491929583
-485.7633833218879,586.7150011602016,798.592000000001
-485.75338703226,586.7142437162984,1007.5840000000007
-485.7402467212869,586.7285793945598,582.3784
-535.8343774808272,689.8280053441506,1018.0347372307731
-505.8814324430359,616.3291666416022,953.369115965691
-445.2542221060512,585.005435538684,1222.5173562643179
-541.2163344401959,682.6639978324934,895.6313222657421
-486.029268101988,572.3125746563948,765.4774358944254
-484.9908177891823,555.0002487179324,974.4527844018144
-478.9294695760418,745.8447537279208,1333.0063903944251
-468.6434310459356,563.3048699792776,1089.8083635975258
-485.7528977877987,586.7279697073436,757.0304
905.1201628331437,597.6904706573466,-761.1911325960446
-487.64680327652104,918.5434021123658,1371.712733651134
-415.6980752163481,516.0362326772124,1147.9164835035895
-484.99346576971857,617.6718478377611,989.5597331582201
-540.7067638592371,704.3488287654619,1114.5676942960456
-481.57761794802946,546.9237209988723,996.6473923766996
-485.44135165840817,594.3368149623757,850.1801534976128
-545.2622133470118,691.3998148404303,1069.7650313582285
-485.7727295540317,586.7048574320065,856.139
-479.2740373620036,710.1761145805881,1170.2229638653155
-485.7499871974858,586.7150689026898,739.8966
-515.2195062368764,641.1107651209622,652.7177055903403
-526.3425061355051,536.8394622515168,811.0250845974163
-526.0116147181427,687.7404453910567,854.7691323316483
963.9425690133176,612.1883238984481,-788.7560382586507
-546.062903796256,607.0437067153686,669.2298316322879
-473.5078904771708,574.0282219990075,627.9435037344867
-501.43055443359935,751.9982068358393,1324.5222456887088
-475.9558395422864,594.4564898798828,997.7142528900806
-477.7540783430884,471.7645572479412,442.1169675510335
-552.8970003323984,591.0861010017198,1098.8847372206906
-477.33354772737493,576.4701148316756,1123.5102109391567
-504.64025171468734,493.4099598380367,646.8584937809583
-534.669336535771,587.3101112594125,877.1975718281806
-485.97601513138034,577.7289859293091,1011.2080071728416
-485.7585460387295,586.7079107287113,955.1216000000006
-520.9432736944204,588.7961286369865,921.6165126571018
-537.156469286384,530.4069023275856,807.7305721602029
-487.5724199280353,611.6357304048696,949.6359112342254
-540.0752029184823,693.2683539216246,1082.412499135338
-517.2893466959015,568.0104559062227,604.0168716181197
-463.32423861729285,490.38266854699765,984.7365504402435
-485.7570519350477,586.7129428669734,927.0576000000008
-485.7437887487231,586.706271553327,1002.5068000000001
-524.0362223000047,619.9114051253512,836.5690914284463
-478.8869147697651,586.3057076782311,668.4437752113878
-501.069217673662,645.4950349059054,1212.2315446684265
-515.3013662288167,626.9985256363957,795.6363058111032
-486.2218155595642,594.8007698871534,955.6577611785104
-500.615346885955,586.6892462635453,1139.7863895828505
-481.7048939052629,689.7869338234229,728.8186546773637
-485.7564990026194,586.7197308561408,819.4058
-466.94997842594057,595.2541244061872,1063.2079679868193
-486.8903212825262,547.2242684440538,943.1972825023961
-492.5334471369065,589.4611639621378,626.7005581382866
-462.7063116192526,507.705559615576,1489.9574070975143
-539.573578846786,701.9253694797932,1076.03974750521
-509.18071275258444,588.0979203101855,812.1851286855283
-500.64836818612457,650.7200858211497,1285.7487076936452
-546.0448637077229,608.4755282806748,699.092586554729
-485.7825945349491,586.6980070278909,899.1578
-484.12014150961477,620.4799096034303,995.3541968473199
-485.9836710009449,563.0889950216749,800.405994002937
-466.171678233899,675.2528765807516,1444.033998229638
-485.76232188321273,586.7115641092482,1033.5610000000001
-464.3200733466615,683.6597565537526,1652.704202055431
-483.47556705401666,683.9704228901896,1096.8276719548367
-498.12499680129304,540.1644326734115,770.1053081784061
-515.436902286089,478.52446267042706,1350.1987723118643
-470.2150092242904,540.7713630613571,614.2558781824607
-485.7569239640584,595.2718555687642,979.7794734783304
-498.3009916536803,598.20700845394,973.6737101796689
-559.7289213703641,704.8635393955312,474.6758935283728
-439.17114769764135,564.8017303062306,816.5585700077469
-477.4768217605415,510.9213859753929,834.2450842953223
-485.75631031696,586.695969230966,972.9088
-493.19083637581616,585.8160571066871,1242.5218595758206
-538.870221282086,621.591930137452,671.7440592112507
-536.6505417945737,589.1514737002074,614.2982805182129
-494.4851637184306,618.1866934729574,815.041379576969
-481.6311675161344,574.913305792531,879.0460360026196
-485.50436787214176,502.2063004589438,685.521442794319
-492.5632102685099,585.8887259197813,1073.3942489782244
-529.5465164246773,693.5083286070701,1415.6985947494547
-486.4368855400062,684.0203822863118,1358.9002759159218
-487.3116969194216,527.5508360539038,1116.5589580193296
-530.6136886911215,696.1367594043168,1468.9554011962805
-499.660083444488,640.1221252673879,1032.5735471014527
-528.4592099687075,644.9291844995535,1102.2059355871456
-486.13296591223116,561.3924965515257,652.8298811886485
-485.76313657949527,586.7009773785908,735.3972
-537.8531817637058,626.7721520547636,858.2088780952186
-489.1208013205701,458.02514059585013,761.6413932101615
-531.3374497274949,697.8720454527261,1504.4604644383182
-492.3893684748191,722.4592146510734,1048.7392792236208
-509.531104666828,594.6033625065497,965.8461160372373
-505.46967456403945,615.6930589362911,916.8822957736768
-497.05525990984916,597.0483031703618,801.7577441151695
-482.7095862292599,514.2422911433721,759.6884525662977
-543.4697542128438,659.9205101728571,748.0927003164888
-498.9304057677309,643.3924565668758,1052.3881708589372
-521.178358836944,580.3813554167008,681.9735110643171
-450.82602399505504,569.7468576654283,841.9324103134475
-499.393172530205,573.7513412146296,889.4962099182233
-518.2504297790667,584.7967938678264,534.7095212965335
-495.7414366394637,613.4682183075658,990.55171328889
-594.9462422533588,587.5688438387838,835.2921272919207
-572.3301113928057,606.9788905173275,752.5523605685651
-467.3418107780335,517.2184421285779,1283.0088236684312
-486.8680212822669,548.2347697958281,899.9121482520329
-485.4349674626437,594.0415470266171,788.0471471912418
-589.6605663518305,587.5250007148759,758.3878186961966
-537.494328803094,603.4579719676608,494.83343335455857
-442.41171467084314,488.9125578438136,996.3787570791088
-532.6257504012276,540.4722488899141,560.9840203140096
-504.05458786100644,496.30949230738224,603.5346506682382
-455.6063271283015,583.2153968920384,936.8046748533927
-485.7584808601523,586.720184515952,969.2006
-485.7706972101937,586.7061017022747,761.4015999999999
-440.920239117298,485.5924207268981,1055.8804918801222
-485.7669565501585,586.7158694679115,886.774
-485.7436387025191,586.6997330803333,951.4988000000001
-556.3432947162642,637.305445880253,700.0609781484691
-482.5236391014714,621.146279016959,1150.7987536471464
-527.1570699218105,643.1594139690055,1045.7997580796052
-413.48617464662493,513.7838915780692,1208.464478169444
-520.9893915721987,617.2492773958811,709.323111850547
-484.832722685509,623.8503965456646,891.9418823223361
-485.9702169941934,563.47758459538,776.4791375396261
-484.85974892909326,645.2945953258575,1057.6298708904917
-481.3020012406,533.6271753190352,1053.7577925069784
-485.21889294772336,589.9190359623692,907.6643784339188
-491.92167228007975,469.70120312119184,727.240006484847
-508.52322407477004,584.8420202485252,852.0819253335608
-485.3241708773585,595.8734782882844,1024.0162490557686
-543.3376127463407,699.6422056843619,1192.1685584291554
-494.8621770756745,413.44675208451156,864.3153461325527
-543.7528919650767,590.4972398784115,847.2808189355335
-558.5415285640875,686.4841848454892,1120.7263629888796
-499.19348456520675,638.3215196295691,972.6878268501267
-483.26466833549557,693.4593438846059,1277.2741416743495
-486.1367057642949,562.1295192350983,611.3472455440842
-474.0040333162532,522.2556761780279,1052.0054947976591
-489.70963057956715,693.215625017896,1205.693269091832
-505.2007523470777,633.0736054321724,892.3935517300537
-487.0050101736265,551.2945009668567,1053.2765432302235
-497.5486997336352,529.8950730782917,169.77663963787467
-485.8386366905188,584.4503924997675,967.5866949632124
-485.7572292090863,586.7128014058603,1203.697
-540.7911496951915,671.198691171076,1159.371342408975
-468.4349422594628,586.3405326547561,980.9684913511425
-539.1355337336386,654.439264481033,635.5705536334445
-477.36195887206395,601.8538399339526,871.9933832547274
1244.9654198895296,626.4316369922415,-805.5714885760008
-513.0352894511825,584.4706926752947,1169.8478487354755
-485.7594626509572,586.7074356827613,667.4681999999999
-558.2439663016653,638.6904221840123,739.3464398809683
-526.4582528747119,613.2694259914357,1321.3001605767436
-492.25558908432504,462.92796596961784,813.0175319749833
-485.85829838461564,591.9928055295638,737.9271810805769
-539.540709316499,692.2046671166497,1064.1196581128124
-485.75119507309864,586.720326751333,970.988
-492.25101200192285,518.6813744614417,989.9748228553182
-492.5078367721353,516.0517078050916,1057.3740648175467
-465.6784117753209,586.2774598537353,1256.8077038715624
-485.7568966537665,586.7048610703034,854.8355800000008
-501.8273703985701,851.6091075080442,1719.6023941774724
-473.43654973814364,490.22376387786244,394.3252257152634
-538.7112582670011,736.4777290212267,962.2460644942578
-485.7497404937815,586.7207899830364,821.9300000000001
-485.74298462173647,586.7099692544853,853.5369999999999
-549.7265565143844,589.9995153139205,928.1198325934797
-482.72116767693024,618.9966072751283,1031.388770745891
-525.5849547869511,621.2300268240608,900.1917370323586
-512.832775933141,589.4327940385767,384.92603145473674
-472.8107770981994,558.4708538007349,1222.9111841221456
-484.07663061936637,623.5163078731791,1250.8453577338237
-517.973787836409,646.2345534283577,784.828057155557
-499.56727349012135,646.0528067275288,1137.2466246628253
-504.9638772806811,632.528212666286,872.8857853022505
-509.13101971308424,584.7818554288638,894.4506149461743
-485.2253886468584,636.3515474399545,939.7340244935469
-557.1026466756368,523.3100400813322,880.6154199510524
-486.0746542795414,571.7935586445369,916.8385397458542
-484.2164199449421,470.00899495307345,538.9137870650444
-544.6123450828932,690.2478329274309,1049.8347730596788
-525.8331147370252,587.2081130391716,583.1783795616383
-485.7753802066295,586.7054467106659,976.7902
-457.89570669612795,630.3360418243518,1162.264606367949
-485.75357453290667,586.7019550739535,975.2714000000005
-492.4327319366896,584.6600832965487,823.491082605396
-482.9425316713914,660.9979495907538,1347.7650215632623
-485.74933536819026,586.7195540163044,1071.42904
-484.3153053096639,566.5620948835563,1161.2787352122255
-485.29974107481667,632.5264960574141,1024.9505587402944
-500.9102060908144,620.0896444329949,1324.8683499218464
-494.3480488947275,587.2507947111267,854.7949364271395
-486.91806654008997,546.7229967501377,964.8399436343221
-474.0444052368157,641.7174236015491,1045.2398651146752
-524.9786709103023,568.5551983477158,1099.3165271406158
-483.42727556496175,686.0892393648633,1136.926402010167
-543.5353159626452,710.4212271647153,1210.8868631426994
-520.8102999733928,584.0358087369968,960.3595425597946
-485.7699191022821,586.7123574738978,916.5662
-479.1110965267271,628.1019036301416,991.1542019922152
-478.17826853072665,577.5394224475399,931.142421543794
-463.688249597727,593.9671771979164,1014.3017194421561
-473.23861486765327,645.4975806632541,1168.719771116678
-491.08462151137473,649.6034579742623,920.1742836507678
-498.206730093435,501.4006765318816,623.085201821578
-485.76492583089953,586.7001479943945,1073.66952
-497.8458133446354,503.88311904044167,582.975306651238
-484.2128093304184,565.229226013395,1289.0632863564938
-243.49804228378161,510.02164646309984,1243.011791252816
-508.29175083577184,685.4298627035733,877.2606652335783
-497.47795854863534,506.3714524046011,542.865819125898
-538.4240522853938,635.3816094848773,909.7138427823495
-543.2810722001586,583.9512445203361,663.5054358211763
-552.743774357662,591.0962127134471,1062.0146821800627
-484.3464576725139,573.4360250995187,785.6346985178217
-487.27963907153116,552.7164496578519,925.7557573528602
-492.880892850244,612.6539374254917,979.2830153445391
-548.9506230824245,588.1645471251022,563.173658069566
-520.9754120651669,633.0419582416237,581.883599025104
-533.313838155045,539.7890322632628,580.5816222194646
-484.20260769951483,525.9625689371154,853.8966056055149
-485.01173747759026,556.5747214118946,888.7263953088512
-465.4752013726029,586.8559599822988,1063.518447753052
-536.8691367627962,731.3296809113222,903.2568708754219
-483.1405004758585,698.7340146915267,1377.522027558944
-498.4214561096983,403.62335213806887,1139.4704713399276
-485.7606864486429,586.7058121443683,903.332000000001
-482.5940163432233,701.6856692505135,1169.1574401381185
-521.5962313119699,586.9012710913374,949.5342180965532
-485.78127633405757,586.6934488522567,858.7374
-505.4119000424746,577.4993273312411,782.027412238104
-497.1733392504343,575.872877283966,619.6107147352362
-472.14646341585876,479.98146623887897,515.9714475628231
-485.2121504891363,638.5048963420965,1013.2553386407442
-461.79145223313935,569.4804085407369,975.4942456472398
-479.001969656807,744.5722665510878,1316.4774953739088
-464.26240550523016,586.8728476622159,1170.8626462278971
-422.5967787796517,690.8973605697299,1251.7228161096361
-518.934180612694,615.4717431625463,624.4930957212648
-485.70487979849713,587.8900108653464,977.8975256638789
-526.5929153717555,580.572079661797,670.7572738448338
-490.33641031744673,627.9780717726369,1292.2875955456307
-526.2896010616955,711.3712104410067,1321.4933243869075
-487.4357385399835,609.8725448858705,829.2315248993757
-538.8912625668063,602.8719232859609,940.8101640699226
-465.9296031280669,587.3400871592554,1074.9416000699855
-485.77258341761035,586.7192887938854,1237.357
-482.406349681391,507.51522064676493,900.153432133678
-560.1437435261264,640.0664034352708,778.6322243820426
-539.9222977439815,589.4888164125109,670.2591747047087
-535.9591449452682,589.0996031438788,595.488475284103
-498.7034329276976,537.9825664611576,841.2359113024156
-493.71068425588373,605.1031633561643,1412.0012765784859
663.0535900478662,606.9876941890298,-776.0290501012441
-483.9927195261853,452.31681784607025,734.8281759269657
-535.876383902638,619.596553666212,591.0199945009208
-485.7671111439354,586.7058214736453,1015.431000000001
-499.9803074943061,641.3156312957619,1072.4975068635374
-468.67476754264226,586.3374247388688,959.7503664710316
-485.3037074107033,596.4692535227074,1140.0628642525173
-552.8036035251343,593.504827079671,744.0348428157833
-560.9387777908432,706.7967249604758,494.8201456378481
-485.77791278994937,586.7186293505671,948.9424
-605.5011754152179,841.934685578668,624.1567974255415
-485.78975171372394,586.7196652602239,969.2626
-485.75617680465757,586.7067924440234,1100.275
-534.4875845999727,537.630681305403,711.0291797937693
-662.2261020939136,682.1415831594629,735.4991723661411
-496.44772720608034,432.0775452966416,845.4881864281039
-465.2394462365214,679.4528312984941,1548.3692045859782
-544.3210925817739,661.0173643816718,770.597697373341
-534.8648335116723,540.7597974671817,1139.9303114935951
-520.2876745166755,587.2735586884852,851.3224743274812
-517.0327332227853,579.0257879257283,862.1418160379346
-475.3266220774194,585.9011030774465,1128.1398954274837
-493.82928985553144,592.2652550142998,929.973227598757
-535.6385278396108,585.5214500713366,1367.533956839045
-476.4488944690638,492.2735258029694,711.5774608574475
-485.7588711744579,586.6982158750948,873.6641999999999
-515.877944784819,584.9403520272326,440.6710973240216
-496.335777744654,596.4317663312663,706.2489082884118
-487.03975012391015,633.6440097544812,936.6377449383378
-553.4562220095117,642.3226716571614,748.7751042344988
-496.5848812571485,615.7674897435234,1139.8980772865712
-458.3919522884876,472.84473460396975,950.909327766154
-465.9517628964113,606.9106431627217,985.1107784234804
-482.59977610412125,552.1865941251924,812.2716578012643
-481.62791712035596,537.6495905897851,916.7368368952671
-485.7477947616262,586.7375460753906,865.1964
-482.41445950252455,554.4569088831286,1018.7111031874293
-510.4116357574203,588.1602333483041,893.2168754717499
684.1641312256852,607.3568994555981,-776.4650985322842
-543.0866874480994,590.4435479701577,827.9254138936462
-487.0741872439519,634.8383666310463,979.5488754557741
-486.0166901571354,522.9202313175194,928.3855604783054
-553.4174025277998,591.1366604285258,1080.0466880372296
-485.28904205702224,611.6047082268003,1144.3263807987557
-495.78290390095026,441.5663885407007,747.4944366318231
-493.2032990318994,738.9748335248651,1268.0271234672841
-520.5790638309636,678.7320368970986,946.5002584891605
-522.9913233143002,588.9143712098954,1018.4974925355574
-485.7454670330226,586.7150943023275,997.45184
-483.42080043345004,630.2298979929604,905.9727853926798
-454.94279807467547,583.1428696220621,973.6442651031506
-500.74551589755924,612.6258846954793,1394.501039396863
-485.7794245571408,595.151173076246,959.8710434885803
-450.0119394584751,603.8524267303414,976.3966715463949
-535.2625396919366,589.0754631735069,576.6787977946017
-499.28686230824076,582.2637775080457,1219.883536161432
-530.3532339544781,699.5822779035242,1019.3846376754514
-584.866865951994,599.0970898243163,609.9536789818374
805.7969081084739,618.0567877534502,-860.0011245177702
-559.9186497570436,647.6209701517594,892.0063485054246
-572.9722139374071,696.5057151079532,969.3776190091993
-487.2931403896025,692.5878415542506,1100.2603085733078
-532.1116668728246,634.873677210268,954.4558423964393
-548.2140966720258,616.6902785646462,950.4708462101639
-485.7580874825835,586.7056225147775,847.807
-485.58988540764994,546.2743307772923,869.5334073448304
-465.92282811635914,595.7238205466792,1160.5271435647708
-503.78367515624086,610.0044802944974,814.5268986702015
-490.13014272608734,487.01587931821507,1195.2572207491658
-485.7726971053585,586.7108972555852,884.3696
-484.6149798988981,569.193544754678,547.0243783854614
-485.74760112261356,586.7218350705018,1286.2386
-484.2309381605137,526.718837861545,833.9982327066093
-559.2744381473417,687.4799740015108,1139.4266951486004
-512.4593535806086,489.4135584725095,1138.4658165314277
-489.07196941258667,459.58326500995867,743.344682652423
-498.38282301543495,500.15663114604126,643.1400239414882
-527.2558882040266,691.7750809737851,896.8675898076528
-479.857089333108,565.2402358266822,606.3113317605512
-549.9143430423856,588.19153928626,583.1680978404529
-493.8817697381696,432.3578268140823,687.8343955355219
-485.30156162438834,596.5697817015993,1159.403961106846
-485.58778072158,546.7544984044871,850.3567461866927
-479.0183456898858,628.6654435910962,1014.5268516677977
-486.46659986274517,507.3049690351347,647.2510933929748
-530.9719517251222,697.0045340727584,1486.7079858631505
-485.7369226118881,586.7198669542129,912.7201600000008
-659.9020409794457,680.8880109275474,715.9268115957345
-519.9925898584584,586.895443478223,873.1348439597112
-503.39941546934506,584.1241516315145,1031.0248925772996
-492.63033978394833,589.4899584041545,644.525765600918
-483.3525621933604,689.2457015110033,1197.075530209423
-508.87789965879483,588.0847358585407,791.9271162191901
-497.25550117302237,745.0386232090875,1915.7461749138686
-539.9963778148881,655.5241510939329,658.0757526831904
-486.2736139389863,574.3418330217943,453.3005258900601
-519.0442226869175,578.5277177037015,965.5876259525382
-524.1878442262264,611.7844663907323,1205.2888183802922
-610.9361782194787,853.5159014596638,686.5872528073457
-482.50419241516033,555.2990996248886,972.4062802866291
-607.5258112723709,599.8293368568527,236.60073881039173
-498.9353652554008,582.3729986773292,1169.14436850444
-546.5571421834684,706.0293735988587,1301.925083216511
-518.4467460379117,552.9395449656888,988.3510375689946
-523.820089216164,611.5402662229702,1185.9533512870405
-443.71837443388495,489.1694887530748,940.4713648877744
-538.0470162588408,589.219336822558,651.9174976443844
-485.76040178366975,586.7113876012431,925.9110000000001
-464.4686038920836,586.873371618293,1152.9719826657984
-444.82037781309555,509.37401206956554,1166.662333675146
-485.7545200934685,586.7031531974947,934.9718000000006
-482.0419852386658,768.4438143860982,1244.6016256051726
-482.09097367227605,535.0745492568326,1055.161523492008
-502.5951328412366,584.2193418883567,948.6327487522805
-485.5513623783345,579.7469915595366,666.7064985032081
-462.60050754547774,490.3180872013236,689.2431217537107
-481.9473421532939,686.4363036781015,1132.6805813790754
-513.0743383748313,593.3696636587224,715.6370048926806
-482.5432878003721,704.3969749415296,1214.6077315131486
-499.0211912750758,544.1396268557346,974.1257579208266
-487.4641069492918,610.165580115205,849.2989287248934
-485.7607061088663,586.4063571351489,762.4059147073729
-633.429359353959,588.4970728950971,675.5039600016837
-484.13355626583257,522.9460829232661,933.4905046357773
-493.4396432375984,440.76426417063215,609.3986268085168
-540.018059688648,680.5759282588151,859.8237468026049
-445.9052158422219,530.8512714464532,936.4562931920956
-532.8101783254374,601.0160403784688,746.9920225846914
-485.7591072238042,586.7131161020832,1054.6151
-477.55028155662876,624.3884352122147,997.7779379260066
-482.5600639600307,703.0415284723144,1191.8825504820672
-554.5313592725224,593.6777218024114,782.39058775439
-512.8748063004464,715.9812485777604,1108.4980722259054
-506.0197902549535,647.8514584045433,688.074857594072
-485.73938882085076,586.7112729622017,850.5354000000001
-468.70421332835986,640.9227346600392,1566.079992809887
-457.5777180203372,630.8251937411982,1183.4704965515323
-485.8398866883008,579.6394421817336,658.8360036944412
-501.9575620554624,853.5459732829629,1737.7192646569024
-488.0356528299628,625.5480697482312,1066.0518678689568
-575.1163985820831,699.2298350461222,1011.8947735644475
-469.53395250618064,459.5357058717441,759.2674207743313
-468.8411544974824,563.5669152748196,1068.9551537077614
-486.7621017675747,558.9176240808658,647.0317037680938
-523.6375948351288,689.7483658798269,1091.317914362636
-500.1650660084888,586.6881030178868,1082.288140483564
-293.49617887410113,673.6167660071048,1939.871683975906
-498.99864934963443,536.9024428032722,876.8014543497076
-485.7582926674904,595.0699185054683,939.9624195434022
-502.6409477870475,668.6275364978947,810.3339057991491
-440.69075267933886,584.8070208188508,1445.438079831245
-537.9741533531314,534.132720300066,815.2566057851932
-491.9589330953238,584.7929481343485,710.1650197386073
-486.6126428668199,628.1176806235851,941.9443139440589
-523.1473134792047,680.5248241150371,739.9025166101613
-485.76412884374304,586.704840034497,914.4646
-509.8164342702171,534.5292256809973,969.1104765432782
-498.6395441855127,560.7837413372936,802.4758218216091
-486.0407153557435,518.4446593806117,1046.3255630750552
-490.30479639764326,627.6655693181906,1276.805108608864
-425.1069086589141,686.7592338024638,1172.4927167908404
-517.5124401841626,645.3731206608163,762.8100214306658
-510.99585398583804,706.987650600862,979.0818197011745
-483.7131332834588,687.5684480847528,997.4160712955901
-485.5269478552973,567.1783333936811,680.5579023664097
-557.0062414708757,600.1475441496036,354.6434973694644
-485.74805752343536,586.392776903765,852.9091155651281
-554.1780312690853,680.5067462470297,1008.5233205805912
-482.4472862202647,647.6019611779544,1137.3963135111267
-436.7639458383492,563.6485067622812,898.0218731775515
744.9758364277095,616.5930982384591,-854.9500594980218
-494.4511413147079,587.2566329955762,873.8586709595359
-498.0892222372913,500.588103033438,651.9538147212133
-500.19158611490184,618.549750415403,1228.7532219332481
-479.0402119450473,743.3216229418492,1299.9473082261832
-467.8600529826256,562.2452101728754,1173.2210754082935
-527.0469996744077,592.1318135687858,494.9644277347957
-485.76185241639814,586.6899016455407,851.5132
-485.91590756749747,548.3401771557856,679.2625684986751
-485.74278690325764,586.7294425088962,578.0574
-478.38402176395766,586.2794209648087,775.258846735383
-524.7904171201783,538.7507574456586,751.2941672302368
-512.3293163208873,589.3898523897564,363.89128153510353
-486.5803386258717,627.134368302771,901.3080604152447
-485.76268275278653,586.7074173849445,838.5272
-483.958904714611,668.0497384944088,1091.9386483703295
-485.7443156004697,586.7137534870219,975.7471400000009
-543.8685589459042,614.609023341538,832.0257960945441
-486.7455825597149,478.873418223799,1108.133965834114
-522.9443066123158,583.8787241260716,1065.1417454705638
-503.2989408391959,609.3754733332867,772.420153191736
-605.4417100322551,599.6003874703395,219.7593195216206
-509.9073747207667,568.9446445819402,541.8259066070488
-650.6209805896701,675.8591909535139,637.6366539076308
-484.13472893528683,564.0937413681809,1395.550096693469
-487.3857574083777,524.9387957468241,1198.8811755987335
-473.9877255825402,561.0204599100016,1044.1374711722303
-485.76352921289026,586.7061636799198,807.957
-541.1314848559705,623.0739114122575,732.2869398123262
-561.1619617127076,595.4405042562253,444.1948635838903
-493.3319235992685,614.2088699598248,1083.2529692283085
-463.6820513468633,586.8711352804175,1224.5349792144489
-420.6279089915797,500.74953112291314,1010.1382162296318
-486.06783318851467,569.8329673501718,1027.3246841728526
-484.04524037391616,570.7460825696498,1097.0590824551396
-485.75726309432457,586.7020078411332,1107.721
-484.9848236850321,618.0447500405485,1010.8100299915891
-485.7449416406921,586.7231804257056,1265.6032
-485.76571555040164,586.7061279312134,819.540000000001
-546.5014107627806,532.7323538248297,637.9998997780364
-500.61043555056585,612.3771858975597,1374.408662288856
-542.965696432223,709.2178167970909,1191.622476843676
-547.98598842906,590.7634911506294,963.4052795100041
-485.7616240762379,586.7158587850872,1184.8135
-497.8218882277506,548.0309770482722,816.3134597976995
-513.8170828354832,588.7910581317595,836.3832896738238
-486.0537904475859,571.2756663413101,874.5803981132148
-484.1368744666993,641.79129522174,1055.223453381913
-497.76058958077374,587.8907660154243,1502.3227659263307
-485.7602883540999,586.7176551992014,947.0716
-499.0075193745686,494.19686464680314,756.1275731439632
-500.67786153920724,744.0722652718421,1224.959270609105
-441.62155772583355,484.3322208675173,1024.3450308001904
-485.77639857180566,586.6906457140867,993.1414
-479.2158300100623,711.4177605469799,1189.596176440102
-474.66877040630015,525.8941302548919,949.9622382054094
-543.7689982750258,605.4836737678922,646.1216895107534
-460.3873509073851,550.3039339892119,1012.8026362539106
-574.0362492419654,697.8708214301323,990.6363906367435
-247.8165087357861,511.38806818664307,1207.4901426013348
-518.7118251439297,630.0519605076086,495.7865563745071
-492.49784316017895,657.3311355589085,969.5563692264016
-492.3470126058039,584.6914286410483,800.8258284778933
-485.77521800969134,586.7047627064198,893.6894
-514.6810323011746,585.008151434962,393.65225640143444
-486.556071312878,550.0762324654745,854.0276830562011
-539.6398345635948,622.0645716207532,691.9250535189833
-485.8681136121995,592.2854520181579,822.4904137445803
-489.677303002577,436.2558298612441,1017.7989503526098
-485.76925272987546,586.707673627986,815.8542
-532.5759423503782,635.382668021144,972.195006889776
-485.7581985620518,586.7032388733464,794.6514
-484.24327978981273,620.2136737713643,1071.5832161721587
-485.85889125890094,592.3516156522464,843.6312551002245
-515.6649147498324,588.918776154677,940.2340643650231
-529.76155003585,600.1032290562704,650.0830553334833
-481.5721781011134,536.982053205989,939.5737484393414
-485.7591414394585,586.7126317210523,841.282
-485.75879093268964,586.7047080217858,740.2964
-531.0714002433181,641.0675977241326,867.3546446184125
-527.2696972052695,580.4413114686745,694.0612359875736
-483.50138375581673,628.8890216612723,855.052706596262
-527.1029854608585,587.2165703127062,625.1808969312758
-535.7054478552304,602.8675823695914,451.6082197535596
-486.8769069101013,562.9091173541601,888.1674738983052
-485.55213871522847,580.2762395547757,564.5836453820605
-509.07268575654757,634.309679577088,1421.4165968556047
-645.9882465508203,673.3381715636328,598.4911591381796
-485.7576032733341,586.707985919673,882.3503999999999
-487.98630240073794,624.5400794762108,1019.3577827640712
-485.7643640260353,586.7175638246688,669.1302000000001
-441.1030962186828,483.1333395396198,1045.3143883885439
-485.83622781406575,580.25173625089,535.4399698900742
-552.5678889272344,618.7630287557508,1068.9157155620026
-500.6130127159745,489.731701720233,994.3848900465055
-562.1528536404878,708.7486068426119,514.962350239545
-485.75206754353576,586.7111738398809,668.482
-486.925107956361,546.2257940989101,986.4827298573443
-509.4770049609838,588.1141525818119,832.4432360895962
-511.3048239855707,708.4917016610495,1000.6509450174412
-485.5050795520742,595.3723611409005,1067.4325725780661
-485.75514174284353,586.7142300469778,1006.73236
-492.96190556855754,662.3483282552397,1091.4394736509662
-485.1974098385815,639.05272958651,1031.6353714959516
-533.4102385208912,601.2032032480746,766.3740508029092
-465.99177890037845,676.0852073233235,1464.9013556877112
-502.0067927191453,673.9070566395751,1062.8523856356949
-485.75676502861506,586.3968361660941,785.031713298821
-485.93017535142417,546.5960104357937,744.0004762428478
-531.2668448286336,547.3181876346855,777.0885184931228
-426.7026688996734,547.7745713157124,1065.7192106624482
-498.58598538401225,582.4965300953895,1118.4052185748933
-484.2501506347078,565.6632923835696,1246.4683058007722
-529.4147185915845,639.0848103905641,808.2363346495752
-530.2529351723974,695.249245432145,1451.2036990054976
-481.3131879032353,561.9346670103387,763.0433880060497
-442.8823956351039,435.35001858515943,992.9997290116467
-487.04420090591793,595.7263361897585,1167.0160139059938
-483.45753023496536,629.3487006320205,872.0257452877431
-485.75250698317404,586.7117729085007,1069.163
-487.8330478112539,946.7733327083854,1552.4863012973753
-437.9078643644939,417.7388826095971,1196.0342247296805
-487.3478117320508,587.5552238118667,953.7879434191465
-538.2004833778301,677.4664161505557,806.1120152835335
-485.7679144506901,586.6998563202553,1260.5546
-448.4502290908458,568.5669720479661,950.9364842741435
-450.3576214445102,569.4978427163924,863.7332229845467
-462.98197988855054,594.1997592261758,1070.760324209253
-508.577767177479,658.6284183971194,1040.0375044116938
-499.0493636310598,582.3534264874479,1186.0574840526863
-482.98272802498195,589.8596531912683,1448.9807520990971
-514.5990744090257,626.0128808348991,757.7163167794635
-481.80611567284154,575.4412979052499,808.0907738485216
-481.45813534448416,696.2820939591745,822.134533996736
-514.2265278770867,625.5212349521303,738.7566769870042
-484.34217701108037,573.2117655433813,807.8789435610705
-485.75780088277725,586.7156945764486,947.1892000000007
-473.3090577368321,573.8201649841734,650.277462631921
-486.6281036265473,546.9768165036608,989.9600928944832
-485.74132766856883,586.7020763983489,864.0436000000001
-485.5590335936831,580.3685827241636,544.1590068821471
-420.7353118972187,604.7548444205206,1106.8987804057638
-500.29303793941403,485.2413381303458,901.9702078112928
-486.4800182584163,505.02452127980837,687.2757613332444
-479.1025279174228,742.0462841064036,1283.4185470438456
-525.5343271265433,686.535237966315,835.6248462896398
-515.5718455458741,588.4729241131903,1237.6028231404516
-483.8331297288696,681.7752518275795,896.8960273112039
-556.7460474204809,591.3593534898225,1170.2078757123027
-484.01543590962274,666.3276671894259,1053.023801656935
-528.5799376182372,549.637809590329,686.6953762863279
-503.00644682588745,871.028414568518,1900.7679088543373
-485.8322584824177,584.0573762614072,1269.7151031714047
-507.84801388354026,477.5347131836161,885.1459706697202
-485.8332846617536,584.1729305717456,1183.3927062598884
-467.61387078866437,644.3967691264957,1714.6700445978893
-473.1712919013503,586.0824399221459,932.3277574967199
-509.2696572604309,734.9981100584528,880.8014917739694
-485.774154167947,586.7071571361643,972.54044
-490.00479071385007,700.7792225740113,1344.7462568225121
-485.91483169344747,548.9107910417338,657.6829036008664
-486.0459907210775,572.5707352795964,830.5426133303962
-549.3467229446187,583.6645905679497,813.0818899119383
-486.48369140076966,593.2170870896564,723.1164901652351
-521.667182524898,583.9674998161158,1002.2723480942683
-515.2808701932054,584.9754614525775,417.16163026914285
-486.6305293317114,629.1125497619589,982.58026827984
-501.2487385319482,504.18066706962827,337.13232661596817
-648.306742641526,674.6056974609742,618.0632851343735
-482.7388181477554,554.8042236673277,1133.3488126962889
-481.90768391732627,774.6362286399728,1312.682769723787
-511.25609094214633,531.3978090690105,1071.896991240829
-537.3897236786431,640.3852191145385,1149.5849185290444
-502.5818853019864,497.11047833134603,430.52703214815585
-485.8242112814887,579.8768557246061,818.5434312504634
-568.7254678734494,646.2174961528046,955.41805317693
-538.4099422882057,589.4241423673509,630.5884420288701
-477.10408233977614,498.8941080783128,609.0218191146902
-655.2679541243929,678.3747488652612,676.7810084606828
-483.33536820246354,589.4562403090918,1177.961992113753
-481.9079444339036,687.6427156396167,1155.3135827809033
-467.15560515576135,595.1739782850777,1043.7440735991684
-485.76047268041316,586.7165465522828,904.8998
1304.142849065187,627.7962835284436,-807.4391626226698
-486.2077806508719,594.6999912422348,934.5889701433271
-555.3853303182045,636.6326762208794,680.4179740914199
-485.76350277438405,586.7120005790377,806.7782000000001
-565.1102893801863,595.9034478589758,506.9701834952407
-505.01089407430163,615.0591835429526,880.3960014319792
-501.56673980153437,705.9698530363407,1170.7858071025962
-534.4627226441214,585.5488004029567,1317.1725035543047
-485.7481485808114,586.7214168232053,718.2368
-551.5146064616356,599.1225480386365,269.3443013874589
-485.48512143012704,496.78491330385054,777.8440318847892
-485.2170558238006,637.427679832534,976.4946975691357
-462.3135373771297,506.2635207901328,1530.7535910344482
-487.27990703598925,528.8491796978087,1075.397627098518
-522.0012027681578,618.133609508209,751.738594752515
-493.61925090152545,592.1230683704673,888.2764981829666
-485.76592133033705,586.714531588896,828.9736800000001
-537.25730803549,534.849297078621,794.4121764961816
-546.7388311968316,583.7897548303458,748.9780342042468
-468.1603983735786,642.6663558286855,1640.3748012711746
-485.858729084292,592.1300712758245,780.2088394776387
-487.0631900618978,595.8305191411423,1186.3221790886582
-492.4201631368064,516.941316794223,1034.9081977561793
-484.1584073560425,640.5551143453154,1014.5237234620444
-496.20303304972003,596.3015304346,687.1471020435024
-519.2102493615753,566.8781266137132,687.249424945694
-510.0967185418299,588.1441091059845,872.9590468762524
-492.7468036659707,729.9661547837754,1148.4156361539979
-497.93202030334555,501.8531116049865,631.1177709653698
-485.0432734621172,615.7773348603807,883.3088978534585
-540.6268296719711,681.6329353925598,877.7267587232409
-516.6030020810167,643.6613766833261,718.773211670537
-487.89763058491826,623.0465883842076,949.3161125024507
-459.8152010719,549.477907426461,1052.3918700888048
-467.6667606182409,561.9839082712515,1194.0743443319557
-475.22991697106363,607.6559240126719,1270.5582000398747
-505.68306502550786,616.0010222321206,935.1257735484022
-484.0859221350306,521.446290027803,973.2877988329446
-511.91312111496563,491.3952207483471,1099.9690493910753
-534.8515093952838,585.5394418816682,1333.959708071219
-481.4428252782409,574.4195885823897,950.0015912781678
-469.78418851229503,461.5874598229075,734.9384101515999
-481.3842468428352,697.9191903883659,845.4625838833438
-540.0698852354917,606.3041359596912,554.9960332909211
-486.35871026541327,596.2130195120199,1157.8364985707683
-487.2886920005426,691.5034392046987,1081.2783014632125
-483.092447731447,619.91667707135,713.6914724379772
-485.605626664013,547.2299419164474,831.1799531954115
-485.7704991872172,586.7057199580023,709.15092
-537.0653457127887,538.7063790854909,1223.7468270895874
-482.9936469747638,559.9258992303435,717.72964460865
-484.08285000971864,621.3089157196011,1038.0869331990864
-518.5163942321078,588.6516187938736,805.3587559179228
-492.9389363094083,591.632249021384,742.3376333940759
-530.7841185806453,741.1915333620536,1517.6200129419806
-485.0043731791195,555.7893468195357,931.5896284550109
-486.19373530059465,594.3024500485174,850.3137551257933
-479.2153604093701,739.5265426212782,1250.3592819940573
-485.7602160266649,586.7070293739637,613.6651999999999
-485.76546075367696,594.7718218425301,880.2368148503857
-543.4404908024758,498.3356568221693,881.0255815413063
-476.33143559423615,731.1868789988217,1143.2341638988676
-485.72080966995827,577.6899078954979,1027.2892083921217
-486.63032230348267,605.4719455461602,1395.8865294847876
-567.0128747654746,716.4967675765079,595.5367433725576
-559.7629519317231,600.6729993155327,397.29220120571154
-527.3717340028622,535.5766814228339,850.8462602529453
-485.1007830063613,590.5600935086654,1240.5706314298327
-464.1078392214931,493.7608049350716,923.6986916763458
-492.8469182027334,601.4835683099525,745.6223855997338
-496.7248725969589,737.5052086979524,1789.0023756195046
-485.7549458047806,586.7118868798261,838.9440000000001
-513.4713337899657,593.4879813038083,737.5300951710219
-508.191996609276,632.543260572281,1340.1507567994709
-483.0790284180189,589.7573312904926,1386.4379940451236
-518.0437701670533,672.0956859264588,823.8772057632278
-489.87056388156907,492.9543080877497,1079.137988571759
-485.76796418236836,586.7125986092109,788.032
-485.0470984311846,615.3928885213979,862.0588469727028
-481.9361209113422,773.0956966840643,1295.6619993494755
-542.615463564116,658.8256661705163,725.5877214730183
-485.76385682809405,594.6752859730672,860.3282660439062
-465.6340347588416,517.6248519299621,701.3931395819675
-485.1788684409619,640.1314814493977,1068.395960395128
-486.8187917135715,564.3223197842349,790.9673184941025
-485.5068991555645,565.8143894880517,780.8179517121123
-543.2362449310897,612.7464264712047,727.7504887668083
-485.76924235082015,586.7338542354355,1254.8715
-532.5819061438624,589.7672990594596,654.5380243780867
-657.5842252767802,679.6249018685464,696.3543618346617
-479.4723836079547,625.8817133511541,897.6622548087086
-483.2808313312371,652.1871486797919,1098.8165199676016
-454.61762476577405,583.0992963447836,992.0641586732651
-463.2331424426975,594.115440862371,1051.9410122532186
-508.3959658767394,729.3224898928263,818.4579227347701
-485.7754667088575,586.7073919145084,1008.1986800000009
-486.74437747002503,480.18083731055975,1085.6778102034864
-524.5608100109448,612.040706527427,1224.6240440875195
-483.8012029736549,558.6500887559644,1113.9144190973784
-517.4359125702179,578.9261837177037,882.8309600112975
-505.67254187551475,547.31782118875,648.6011843225192
-485.83082033037,584.3155738816979,1075.489707271408
-485.75786052382637,586.7239537649803,956.015
-485.7531935978068,586.7175026929904,994.521000000001
-539.8104192686164,527.5155309322909,888.6045036446534
-485.7578538363973,586.7155122828322,1091.488
-485.77503026602244,586.7037144160588,1012.0310000000001
-556.3765014955163,683.4803607053295,1064.6250971151705
-481.64074321372755,547.3859382161631,976.344443558369
-493.39345090468305,604.3504988406794,1322.7627752241613
-493.5260635652676,592.0536193287746,867.4280654914742
-464.68110534612333,586.8539569517438,1135.0813767661762
-485.5179250024062,577.2396364907036,714.2915189120379
-553.6631437121614,593.583867292085,763.2129438345783
-555.3879641000799,593.7609298032503,801.5688009855979
-448.7273538431741,534.8344097455147,816.4857079128637
-492.810022876783,585.8691158429535,1141.0453132211994
-485.304167200027,610.4021088298302,1052.7655961525854
-485.76329447049807,586.7157485308921,955.0120000000001
-508.85239572222235,633.8670197692584,1401.1001653488156
-487.619697196317,587.0494255315862,1242.017422842997
-485.7164434363922,587.8384043228044,918.9988932915146
-516.3107506019132,568.6049364858975,562.4014773166127
-486.9665658618999,595.1800952946619,1051.1785845790587
-436.1545178178958,563.3641594085038,918.3875364160675
-483.76039999944487,671.9270821903917,946.5361147078703
-499.7239374435376,646.7180531817748,1158.4612515787242
-481.8450373906353,654.3154872142029,1218.8861019388548
-245.66249076414397,510.70275357808214,1225.2513463228163
-421.9690751294693,691.9133703263312,1271.5316100684602
-522.0111564394083,569.9392621457418,958.5813509482841
-485.73962528003085,586.7160873999869,1063.059
-505.69410747995744,577.359913346887,804.6154943366148
-460.8546736454931,483.03122259667543,798.2703872291778
-519.9536334686213,584.086311618757,918.4467048500477
-485.55404224193876,580.1682532503246,585.0082054193762
-478.78074590694905,586.3036040740842,689.8067616760085
-537.380606174889,620.5957436302119,631.3817075135994
-501.74678587866583,755.1626265565958,1364.3477939187171
-558.5127667845218,595.140169778387,402.34555426226484
-485.51114065732827,565.5313772796948,800.869770557067
-547.2183570071461,694.8163374674637,1129.5577924839545
-547.855604315675,695.9763936851039,1149.4879924264617
-481.9230542489688,550.1604768636121,854.5265117402466
-523.6123622121688,681.7248658603185,759.0473803729876
-485.7561466809925,586.7108664974526,985.2354
-543.6221211639877,558.6660272683011,113.73207225984851
-612.7418805485077,857.3774717466445,707.397602756018
-428.0484363394862,548.6810373918477,1023.8064963228752
-485.46162724153146,593.4136938542615,459.2031490294778
-481.7009955588792,538.3268491799676,893.9002777061817
-485.58995183076695,545.7912081975719,888.7099851325165
-513.1896132830534,717.4864849580656,1130.0670402541218
-486.0809617803384,609.9134583038551,901.677477269903
-541.6800546675045,696.4774316421033,1137.2902141261957
-512.4028085441018,528.9104045606146,1154.126746979321
-508.08712450063604,657.0481791096369,1000.9579049593697
-481.6778487219774,547.8484936229279,956.0414304154141
-484.84418097687103,647.4823937413539,1125.2949673377773
-537.005291132069,675.3789565862971,770.3043333787252
-532.6194922150285,546.1407811341712,822.2842259246983
-535.2510628014459,601.756150611062,824.5190592580248
