X,Y,Z
-477.56775711973387,581.1718321443798,1071.5979010823212
-495.33601160318676,609.7667956510611,1104.1198606830449
-524.0044619808218,629.757989062826,625.0642618409282
-533.291367195719,587.9759684589134,627.1125499717745
-541.154133082852,599.2886130868519,538.0459090962413
-486.21899878461363,525.0297311747951,754.2070608682488
-489.75930276400277,948.2771810344095,1593.4351256081038
-493.9373966482085,647.5599961459452,847.9061633355903
-487.66491537014076,581.9726065824848,848.1956
-487.6743620230204,581.9722694096679,794.6298
-484.43124433489174,505.7227492344943,839.7109447953055
-518.6878569574035,563.5791205903286,583.0920543074901
-489.55700403395895,910.6238753904724,1352.405803707933
-516.8802350949718,560.486408738229,813.5333702582947
-488.5308649380281,543.2895351295251,944.5187657084267
-503.7520024044675,668.1869459301809,1043.4831972313211
-517.8530522337492,661.7887472523803,721.9300253940528
-445.85961064232606,503.006352923254,1208.2087960527908
-487.675193526346,581.9643663189736,655.8756
-478.7375515613028,500.3745033754003,957.1804271454712
-487.61199875916736,583.1232690055054,938.6348376880344
-252.01341533169443,507.3720298774924,1189.6822519809098
-544.989728215875,699.2057587283683,944.356048298967
-484.20596739784696,533.0705085992554,960.2231407691268
-487.1875678972997,592.3274184795674,1256.1328168565426
-484.4997729610109,621.8004249716362,1006.8796560534388
-486.554165079845,564.7528714618722,525.7442902309974
-521.214348334704,583.9551000123134,844.0808959684207
-488.44670049247065,598.7623293077122,1171.7618643217993
-494.0014635720863,584.5459681779671,537.5744620897021
-483.7969693639848,648.8924977703359,1199.8197794692448
-474.3318757001166,477.4374136742563,491.2000876537052
-506.4940487117633,609.6746220490014,843.9605816203061
-502.37837917547677,581.8475648454332,716.903574133268
-488.03202135197193,558.5300232175007,549.0182001260155
-556.2872318762393,631.1795673523416,660.8407252563818
-487.6620063015853,581.9848461533338,642.912
-483.990141997564,762.092844991467,1227.8867928013958
-487.6707344338158,581.9736305446129,914.8220000000006
-468.262562410172,590.7991639512907,1121.6389893494238
-483.79389298448996,771.3935187888976,1330.0077557074885
-487.47896475799735,602.155819589648,935.3046994581099
-506.42304698309886,538.0346866565478,433.52934164564056
-487.68303045833136,581.9669176814062,1066.39312
-487.6714117680376,581.9581757660578,995.2264
-521.7348053750995,573.6049609280096,1006.8994458430948
-470.4450958163243,636.7499514862488,1591.0355503309336
-549.1870316157278,527.3166173010158,656.4100332299035
-535.6741220226322,533.6249223919094,689.986247682982
-487.662349312051,581.9714424607919,1087.3996000000002
1850.3438226385824,747.9120092295097,-849.4724457920711
-486.516364809027,564.181891808686,568.1515037535138
-516.6461644179735,635.4853166463945,630.8559523119815
-451.8043750315305,564.5383677355185,885.5187373619441
-491.23564666174957,445.6320044627469,852.7734123097096
-484.01004676561615,760.5489239292021,1210.8662248930304
-487.9000447201274,572.6880873249306,1074.1023720446228
-484.06515786155387,531.0355477706235,1031.3007994112925
-502.04238986396376,637.1439998152725,1092.5947349295711
-466.3397327325713,508.68768122431663,790.7019100005671
-535.8675272908063,534.4112214008888,599.9495548852452
-529.6568023584236,587.4835681951039,516.9542437031796
-543.684502935741,696.5641942184794,905.9649795543247
-487.6619728354808,581.9739292992002,1307.983
-489.2595988875296,603.654198665267,728.9664337873371
-487.76322733384995,574.989316030759,638.2461998739718
-462.60783725610054,545.9811880006743,992.931602523371
-487.66391036186315,581.9833434406798,969.7217600000009
-487.44239041219294,572.7982344626253,670.9802564130647
-489.35124375648,582.2807382372343,1052.0360182801342
-486.1123084829758,560.276099879803,1310.3008892797952
-483.18059782027353,556.8507150658293,784.519293331959
-487.6612298782925,581.9692309224407,933.4554
-491.15442954386685,448.7325461968224,816.1787716062292
-487.66838823404123,581.9700949753043,878.9476
-488.44270289813767,495.8250951831301,767.0762972934934
-501.60637087293094,581.957982641529,1024.7750277186408
-531.8306245988483,527.7066077210131,950.1763327645585
-469.7300330516059,581.589394455553,1044.641986372784
-510.5863507104559,726.4348952300825,839.7034434254954
-478.4711694586549,589.2514490420128,890.8113616922611
-501.96738645372716,488.714603408734,928.439286334015
-508.17312404458266,572.3604396331848,849.7250462386828
-486.03879306156114,637.6393102058291,1075.7152529449636
-487.6818078945598,581.9853107462072,1272.386
-488.7007240940811,553.2983021758505,692.3817472242639
-488.845387744218,549.0844479698862,925.0273098662865
-462.08751997607567,475.45195454546456,841.5784188381731
-487.4557280906308,574.9244807585198,687.1072975574033
-485.55979297425574,672.0782756896908,1045.1541370085833
-487.6757008694881,581.9682426897531,1167.7996
-488.48041289653565,621.379602715667,860.79754369367
-487.67676270617767,581.9844543977706,858.1650000000001
-546.3510814536971,585.7933866016323,866.5805925921959
-539.4414652462128,713.0036900905822,1305.5021358306624
-498.4019610101691,591.8026550508544,725.365598081157
885.2850381980188,592.8250066386815,-760.1117593886502
-443.1778154027065,424.8628594411755,1060.2660120313856
-508.23623880608375,533.8101410453603,547.7527967282601
-486.15821796235446,567.7494208102412,896.8048633444648
-499.89766465045045,542.7559894152864,838.6971841301386
-483.2390619634507,694.7624320216539,869.1154942399702
-535.9084816834591,582.5662926346436,856.1418358899273
-487.6622550857471,581.6213745090531,1011.288481997995
-442.6228714393601,422.9004183171521,1082.8247616413864
-486.238253061606,525.780829811924,734.3084601344908
-487.9755178865221,567.4504470893271,873.6372063168615
-502.149293558404,535.5311001892142,1131.7770601932582
-487.9087829355344,558.0144220602153,824.2303783690402
-487.678020237536,581.9739512852536,1016.50626
-477.05511768877795,581.1313652897147,1165.8460431278022
-279.1433363946562,676.2532388498714,2168.343052491022
-488.9510340676293,590.9128600259164,1147.7329823007133
-469.05033193953204,582.5587120870692,965.1617717238345
-487.6621177766581,581.9765681575855,1067.9788000000008
-542.9512569172612,600.6190065511267,551.7251349962064
847.8555588685522,605.356912236881,-773.1599128630714
-476.41167688042515,557.4545824797237,964.6243203830354
-498.75480787513743,734.233791399982,1814.7941361934936
-508.85702248138386,645.9707331856598,756.15850270027
-554.735251502831,594.6244222741966,290.6059161000347
-485.1568838489143,584.8296737045453,1261.3616704501464
-493.9705855212444,580.0237521505742,732.8118495856813
-488.2575178772038,591.1751411062623,1098.3047164239188
-477.46039952746423,591.3920339479841,1264.0041753867595
-521.5750751246064,561.8710781009561,707.9405934887147
-487.6820581312786,581.974002362653,840.4880000000011
-469.8924285899657,638.4886764926205,1665.3304276903248
-500.4103791965017,647.0503258694363,971.1835790152672
-487.66778362919945,581.9660306784754,713.37
-488.9041295141101,547.0039484363583,1031.8205971189723
-554.0684428417155,522.9692205261501,768.3869327397103
-516.9911014436966,589.1358943011419,825.0932622241004
-487.68689428119615,581.9658065151671,1008.1068
-489.33251279668,604.8234351292218,809.2361443318766
-523.061309474801,582.5432258536574,892.4374998173779
-485.9366389474476,617.80046616798,1102.2861286908208
-475.951302882896,581.3845333583216,816.5838420068311
-488.925390295444,590.8172767215565,1128.426777202012
-488.29895890135367,566.838061038152,725.5218379377419
-519.8847675976449,583.3571856724749,1160.3281583103983
-487.66681269962965,581.9679659363908,1151.0692000000001
-487.65145031583506,581.9789439963247,763.0210000000001
-489.51401983869505,582.9259800223163,1220.5458703431793
-486.4515616188753,563.0312938485015,652.9657988242926
-502.2333061569989,607.129420925789,1334.2572438479776
-487.6799180442076,581.9702673284366,1025.843
-501.0706855042116,577.5850665865319,1202.9468158011225
-521.6378014372444,671.730792468632,905.8657522076769
-508.0070131892501,481.54861917934363,754.7473549474018
826.005855007983,613.8451334158246,-860.7441205967662
-487.7524789104018,575.2081461441289,597.1142626027503
-473.4011359994053,539.778355712871,503.4970516143667
-538.5125350867434,557.3226852241744,9.763011121578813
-483.6768606238629,650.8787503130511,1257.5390495196393
-499.5241576700423,582.1965661727182,1025.115737761798
-540.4618874555235,599.7732473141326,492.9759781842543
-487.8338190225845,542.4723124780216,722.262932728573
-487.1787859425481,643.1276159231365,1115.0135481519878
-487.69001758734885,581.9575449872025,912.211
-487.9570086140186,566.9717009110713,830.86858116594
-485.9951093383968,557.7276526489852,860.1670080447886
-492.3440050887507,624.1563322517495,1338.803628448731
-509.97638853273816,589.3812748209116,860.270973316512
-488.8916206038632,590.5481221967189,1070.5080381079224
-487.6622974072757,581.9679906591809,854.3726000000006
-487.3911952647327,588.5580889191056,440.3590320282317
-509.6698141938755,626.88313270504,1299.6203893545116
-553.7111857969026,583.5000183659379,623.0827474860226
1205.3878781210187,620.819461490398,-803.3984812682847
-486.30648531915017,561.0301851513602,801.3909879054206
-515.6875835871799,553.0267840225331,740.7314696915522
1367.6455962188975,614.5295449089792,-805.0757933802015
-487.2364597861542,636.6868654868122,918.7527834535531
-487.45078834816695,590.0024282153333,935.8730009012008
-491.05777074347316,451.8420076821347,779.5848355512971
-480.8722702669047,711.613838587886,1267.4604647388455
-532.8644010820892,595.7161225370586,688.8326531417733
-486.1472612208372,467.17754335332125,518.9085177134336
-495.21862548637773,579.6393183024711,1027.45945970849
-488.72305170811524,516.8215178967225,984.7921308776147
-487.6700473205956,581.9807096851904,809.00322
-487.3698833084786,588.785602288144,478.0907463302081
-497.02335080548846,607.0919329879393,883.9422516998188
-491.7122016996432,690.5906762838199,1245.6940560354328
-537.1832416345223,582.5882912012653,898.1442015284996
-561.0773492850676,634.5872513885436,759.0543566358263
-482.74954137094096,495.17211016909323,620.3458679888752
-483.051080493698,556.1484223822308,827.6421341414517
-488.91147654049746,547.4124123440349,1010.4617703622182
-570.514933985075,686.3216981669927,884.5808848068352
-487.3126079503977,589.9351186733657,685.615645479232
-592.8762434804994,595.1264011925834,695.0542130233638
-488.63095373702345,476.8251080048537,1062.8586697962883
-476.28174743058935,557.172586949132,984.4880907761045
-487.6768682144866,581.9720238135965,1141.211
-488.80623368217766,591.0301313507689,1132.9275574302194
-487.21421422698813,640.9738187871403,1049.593539934184
-487.6811606202841,581.9805508083296,750.298
-487.6585412853933,581.9844229708528,843.5632
-486.74628160588736,643.4366661393333,1148.0319474006142
-487.6544127983948,581.9769537160829,927.5070000000001
-496.4570365155914,582.5266744765938,892.9149693163536
-256.32300052787605,508.7323264252161,1154.1594682570383
-540.7392551011642,637.113174831792,1202.8706797318039
-487.67055599883633,581.9726792250824,970.019
-532.7518167912417,696.0990627635855,1040.0473254193107
-592.4129188015204,614.4553510506987,653.2832124650868
-489.05990504590204,632.4555780087214,1065.5231212537344
-503.4341506840715,581.8501470253327,824.0587328619866
-487.0885483303871,636.4400132467437,1105.3036691775858
-562.973797836398,596.1773177808614,418.5544408181568
-489.8355095712968,508.73517362122806,874.8238185871539
-479.03845318973936,621.5924965819104,1089.5676408164818
-488.2074905135778,569.1578358796843,498.6097380026099
-501.19211005548686,650.9873139714638,1075.4225422889115
-487.67819863548357,581.9702709721136,966.9585199999999
-487.6760415624276,581.9780253052588,473.0164
-487.66311052789297,581.9907852478841,778.6636
-501.671937335999,606.172797744975,1253.8875108993298
-506.8970623210671,606.8207052157504,919.8508601316431
-501.84033041156727,579.8940553559141,680.833135647202
-540.9951413446252,622.9637395464645,896.8218287020967
-467.84851323119346,554.8822909554328,1381.6886328745293
-516.2334399050956,583.1882738063338,943.0291461751663
-455.5140801311604,632.3376325397049,1459.311656974421
-504.5243707986647,581.8327451891796,931.2135453918834
-487.88994456310684,572.4855661519832,1116.0476262495608
-478.86995015210596,597.8477070144276,952.0793529694072
-467.64862327866103,602.3975478851476,1004.2016919041909
-549.4509217107375,609.9588282380174,839.5571607533881
-487.6891577186029,581.9653846178077,1051.65132
-487.68638706980164,581.9712103797995,904.3810000000001
-527.7938425535426,705.404525009928,1301.952841598862
-489.1500991700509,526.1039866911331,1013.5207929828298
-489.4502870516808,521.3674355170115,594.2890286319931
-481.2464320991053,704.1597876233375,1151.2216029302087
-487.405472311209,494.8357707757941,731.3967452396886
-484.2207659883911,645.6650234233067,1225.4891598476174
-487.77459454126983,574.279621158636,782.2082620336826
-445.37904797115743,432.70055016821743,970.0292440619966
-514.6804225167691,618.7919783120892,663.0167658875688
-488.6842865867761,472.9057608176111,1130.2272948070304
-479.66615176209007,581.5124738680158,903.4452048270393
-509.8146906877132,648.851990884122,824.0274118093955
-516.8704650029595,766.0621473775259,1276.1165419998633
-449.8867940980622,563.6246743841436,972.7219658822004
-472.64473531502796,537.5479561784337,569.8479950749852
-498.9110952448018,571.3067330979603,598.7896741391265
-527.4355428620506,704.2031942438975,1282.1476872061276
-489.2557160974284,521.5496323016814,1157.5851667738664
-485.93136344206755,556.777841548115,923.5834794683067
-550.8552411308851,585.2215446879272,908.215758994673
-508.17131194775743,541.4369193968473,690.2732315457313
-484.67092817950015,613.8860101876733,1011.5951439921969
-526.2659099512016,700.6304213072485,1222.7320475331387
-495.90734714064183,611.761521327252,731.9009622433116
-477.47566293245154,478.35172683173744,854.9040177473282
-487.6688219509101,581.9702786483701,556.4392
-500.7603042049327,532.7395122310409,858.8825787317389
-516.8420486279429,621.7497836501134,776.7757163798387
-528.6178784077276,637.7922406785531,1027.1058513756368
-487.6881712235913,581.9719887212141,927.6788
-488.24947739571553,568.458879244948,566.6833127096305
-499.24431416931793,570.9872088102398,640.3106534826653
-295.6166035314209,376.0278539894696,2067.8850935770665
-490.4778472169696,528.2662925905646,838.2128710649697
-489.61740621256376,515.5383494522182,723.7667068539605
-418.21600283818043,601.2341473530048,1234.3224363195852
-513.5223838210209,705.1950839383592,1022.4841566437883
-487.68029053517785,581.9693717561737,1091.20676
-517.2440433397501,584.9445319215025,490.06281524385236
-502.51914157243164,614.7229718736626,1286.4777396509696
-487.6767880420666,581.9775369604022,1141.7908
-498.48775061911874,425.577851739725,864.7319360482861
-522.0621939693842,575.8277050810494,641.0893027311419
-559.707323286073,680.6925877206429,1102.2277079796663
-498.2001877881703,726.7308061071967,1688.0475191730777
-488.69094375516624,470.3111974159921,1175.1411675401332
-564.5531060866247,645.1448763156502,953.4640032549468
-488.00940794188136,572.6228432080036,1153.1809448890974
-487.65801271294777,581.9799271332784,894.2926
-609.9643450460408,619.8902278844312,888.526412538534
-555.6204435007626,583.5377096290927,663.0724100211075
-485.9521199029364,619.5011371007029,1290.7864742940421
-553.8150327298149,588.6818122981678,724.7948711180236
-488.90762539292086,590.6214774559403,1089.8143662944099
-566.5723432435016,600.4494021039843,620.2690782325194
-487.6660964482021,581.9733580600434,1244.9678
-506.1683062962047,605.8746045030928,856.6908068738741
-477.23579499459174,741.7188183391935,1344.4959754338647
-487.67714811994983,581.9754819946136,818.0150000000001
-492.4076857975324,624.4590482511453,1354.2861917130094
-487.6786263688027,581.967294486904,986.8454399999999
-487.6566694330072,581.9760102449006,793.1554
-483.9172124469351,669.4236614044648,1222.000139407601
1225.1140291820575,621.2856697318146,-804.0625546406172
-485.74608905671676,621.9237364419355,1315.9502557676526
-484.557688400047,695.5518588600507,1146.8216358606865
-418.96816543074283,601.0375262524722,1213.1050833521963
-260.64303717896473,510.1021611627941,1118.6381376535971
-478.61271042653334,589.1517730573628,869.4244976365505
-489.5743555844356,517.4833085225823,680.6075681131987
-494.4555307997698,720.6682946770818,1088.9255569740374
-535.5633123943878,580.8273533693111,1283.564356503025
-484.60725831446643,548.4033113033004,769.0731249068976
-487.29804405101936,581.9312733785277,938.9751137020269
-481.55843150724286,620.0172014488887,851.1080182191284
-479.90868305586037,572.576849925349,973.8765104830376
789.5595041806628,604.5049846597976,-777.6278384801317
-514.1418341345429,588.4497490141714,671.8421861420272
-512.8705871769344,527.3335851923441,1051.1877658116757
-485.51680797814697,654.4021268055003,1625.1593277262714
-482.9898614560386,555.8022984328418,849.2036658769648
-420.15799666562407,693.3263921863445,1390.775159962916
-540.0128198861278,616.3177826262836,651.63300049276
-501.8289135369155,731.3746258075519,1125.7610592959118
-542.5039466126918,689.5520092475886,1100.8650563783156
-479.9544032712856,471.32123591551317,398.52522564634467
-467.2754520175863,511.88296265955285,723.4979388242651
-539.1141010477386,621.5303122676271,839.007889126143
-486.7880509115748,639.0666987168211,1012.7015475662092
-504.28865591842987,579.5380352882894,928.0091134818158
-484.8286570706605,550.7856631158616,661.3972919477275
-486.692912246413,645.6399824122316,1215.6964339914243
-539.3856134467276,530.9542952198063,697.9333365560906
-481.54530246885747,473.92097529026955,956.1440262551919
-534.3127906014874,699.9888520542166,1101.3063769156865
-488.23237661354824,568.2291185531254,589.3745730118984
-508.01593595182544,630.5271354203123,970.5275703970632
-489.6645568972049,926.305187096116,1452.8358799914636
-544.3368982716456,697.8883367129537,925.160270720424
-542.0312171662908,698.3561029201679,1095.5370055197848
-443.6171238022562,498.8137176121294,1312.4958145738347
-487.64412741973274,573.4811934849205,924.7289031401175
-484.8236459901102,554.354045151822,763.9468441476945
-487.6838378169032,581.9708076072009,1137.54
-485.1282924460029,649.4544463855747,1156.4336342817612
-536.4095864289982,632.6134194198058,1043.2196402510287
-487.66414959029476,581.975638230231,964.518
-481.675868602576,560.1652351694818,628.2206470720128
-500.9638449855888,569.3403385001224,847.9146398730436
-520.8183301262698,583.9323439883048,824.7044411625059
-526.6471923950239,701.8188727212669,1242.5375785432204
-494.3437413578599,454.91737996189704,855.5353365678545
-531.3922396529429,622.36301406808,628.2524795176406
-536.329956092859,719.6742740590034,824.9561696360746
-502.8748888249811,742.4741961087409,1265.149025213515
-483.66476016799584,570.5552758630038,831.7024568832534
-487.6724547671852,581.9789659910575,1044.451
-538.7877898871764,599.2115004890398,453.8105165190301
-478.5379788731034,721.8116420555251,1083.326075741604
-473.65120931102814,540.5466608600991,481.38110391283965
-495.38549325459053,599.7709899944807,1345.1129512026446
-464.1819187910694,484.2314911610324,710.7482351453618
-460.1129372618593,625.0997086429619,1141.217887752133
-524.5808326183706,584.3827460893016,357.3581998787075
-487.6684702409052,581.9646248367778,752.257
-494.89765535035076,598.6405608487048,1211.2552597256595
-595.6116900053901,615.4352621931721,696.0543206085752
-504.2175797211021,854.5666777206081,1792.4187675417104
-523.4437699680493,629.0211915869224,603.5394305741845
-487.67384605794086,581.9785616004644,772.6212
-531.9916516167013,582.4923570642262,632.6673292530436
-468.05013145269686,582.6028272797911,1056.661496790729
-487.6917610555279,581.9447325804845,871.7458
-526.7401070902231,688.1985759180684,1149.6763454756256
-492.25782472689957,636.0681820000673,687.2086653531484
-521.3369323576535,611.1563682137291,645.7566281748716
-478.12451760808335,590.7846949237885,1134.305821401935
-489.29530501893964,582.8280090366602,994.8280712091457
-487.67492161332666,581.9779305611664,494.8888
-487.6875577874007,581.9761982031231,689.18046
-487.90861713226695,556.9215721602825,896.0125444348423
-605.1463784883254,594.6197369868569,202.80411580770473
-506.6473459220456,627.218964914372,853.481300181006
-530.76190093583,633.6478921034304,788.6445778609626
-489.0085786936047,544.4834313975257,1159.9720300511362
-539.5017816085503,671.6201594185445,788.3499906244136
-488.7331444075294,552.3989297336345,737.8822755241647
-564.383844374192,679.2948730460528,1243.3442024962492
-601.9908716806904,617.4313689997146,781.597007870328
983.2741040987385,607.8251297816787,-788.2606640166032
-522.05832772703,672.8360525065968,926.3030204737747
-446.8771005439005,601.5371350376518,1221.3060128452005
-481.5166573277097,699.1747273620292,1073.730305723217
-464.43016592934873,502.29461792830216,1510.2224335029186
1337.0753008781885,614.045863582701,-797.1599292170486
-487.6939538771967,581.9733416184338,1070.652
-478.2028152025423,589.4441010631974,933.5851980741278
-474.2023731441145,508.06216870668277,1317.167834827116
-483.7507116843169,544.5188317018005,895.0096710888654
-495.6979256906161,610.920704983617,690.2817595202824
-464.64680769328015,565.4464859873959,907.1029964096103
-487.90418845437216,572.5686610573662,1095.0749087608265
-485.17773011441795,584.8113422625397,1240.5140472203238
-521.2395272915787,584.4511348481989,1147.9085187891117
-488.28271695871763,591.566265199637,1177.7112967760775
-487.6812049110449,581.9728997669501,1182.132
-497.8200776799831,435.06749867083704,766.7382617529964
-541.7464672138767,692.582963965475,848.379187687801
-487.3862146688939,490.776008523482,800.639072128024
-478.1090107158775,484.9785031329262,752.3485805010323
-487.6839163214636,581.9838584171538,989.5828
-487.6535645034128,581.9756382989762,748.182
-489.7233701911132,512.617437447386,788.5051567952528
-514.9179639374934,553.8269992968396,699.4833721187892
-486.0281448272258,616.1382880424262,1016.8207592011108
-503.3182899498265,699.9867310481573,1151.7093854109555
-465.99143651370196,582.1272551103682,1188.770927971583
-535.3580782298777,680.1997477264706,934.7356759136032
-605.5656870637472,833.2684061368118,603.9513776832586
-529.1275636485711,636.4961337192949,818.7813178649308
-484.66594583965343,691.4731000285597,1078.6472199723428
-507.7981588591622,629.9659941631071,951.0199959330666
-502.9942709449283,697.5889575811,1112.9984413548812
-553.2533508340148,523.6915297479527,749.7240904961293
-511.4182285981881,564.5102889407339,520.7934803845608
-527.9903744956082,608.269034457992,1301.9839104159114
-516.8638008857038,551.8152277507895,802.6029763001922
-545.6414826132773,700.5380610717365,963.5507522600258
-487.6757365716776,581.9609905484785,999.8142
-489.28750501299874,603.9430370615688,749.0339038214788
-489.34280549857385,518.2853301632613,1260.487964086758
-487.66157841745553,581.9783724211962,1190.661
-548.4516981225433,585.9466224895067,924.6433245322496
-487.76827596202224,587.0878975508906,695.6673066975184
-529.9118087090578,639.5746892261393,1083.5118150283638
-538.5532865747518,544.962898111075,836.3678163836735
-487.6774993873712,581.976979087015,634.7704
-535.7202261284765,582.5405288875517,749.4718936045695
-487.676177455671,581.9697360408439,769.0623
-473.0203050103255,467.206754782851,612.8472135788664
-487.2058917977629,592.1273996489446,1217.4506212539509
-487.6706300491476,581.9722911997846,755.2280000000001
-534.7820793121223,580.8397623117967,1249.9900072609403
-488.59290232570856,482.0200183644417,973.0314046288713
-484.81526971936364,617.5353772252474,818.4879425096744
-492.1991319497131,635.2548136177502,666.0129237328273
-542.1099256552475,665.5489071913046,1139.7516507730697
-487.1373816769169,585.1448234770398,888.0866834567013
-258.4787667527612,509.4241777300401,1136.3987564964189
-487.9868017278409,604.8621998037561,879.7949948662927
-498.0946654991344,383.66079286681236,1099.0930942851687
-466.6380578308949,509.7607347252041,768.3009130094649
-509.8871203397914,627.3195888795881,1319.9370132711765
-468.6674153036374,582.5741073494213,1001.761823349641
-450.8667408088272,564.0754665942757,929.120848553128
-517.1944593190001,584.1488842091691,919.4364848931014
-544.3926100987865,669.0514687823893,1218.9613150953578
-487.6687035510208,581.973553551572,924.2692
-488.73449398473986,545.030731496399,834.8563478854643
-437.4929351133442,558.3708311974633,938.7324148339397
-511.7335616656201,534.3834923282677,941.2821969795508
-542.0328524807182,584.5737060149629,708.2916190981045
-478.770716846886,491.5757848834163,649.7916583913087
-548.352116079825,611.1049667988273,903.1133782441138
-494.4371296732061,453.2196149376707,876.9793267744546
-496.24177945889323,599.8181394063706,1059.5264131239423
-489.4377747798608,522.3440599693392,572.7096753810881
-484.5586660629633,508.61404770764915,779.512099323783
-539.8656566416312,588.8327810899806,825.3964970064674
-534.6704544995298,646.0667560044214,1290.3347384684164
-493.90930474396055,516.628715264696,922.3751155946106
-487.3171555709828,590.6692039574045,1078.0264964209277
-464.2058914256918,481.21062951115954,1065.8349513133396
-486.91528515855,612.533974168605,968.4129270916746
-487.667611508311,581.981397055685,828.6568000000001
-478.85491841392945,501.34897085621265,936.6442992057084
-487.6681364534045,581.6388004982477,898.1594809557055
-487.23633097810944,626.718540907869,984.2623079649281
-485.26656724127724,626.8112523463284,957.0073089203079
-501.47205360068983,581.939333058983,1005.608820772885
-511.1858779866402,630.0004601225394,1441.8352078912046
-486.78135564803915,617.6719903885244,828.916834873573
-527.46305894702,629.6706208552505,670.4079874439404
-499.7193776146937,582.2047124190993,1055.1624371643454
-488.7579916705747,590.6543151659853,1056.6641662425322
-487.6748321190248,581.9739525773992,1008.1114200000009
-488.00635924969947,572.5456006148743,1172.7951021650242
-466.5640116510349,603.5060797519327,1099.273268983376
-480.1358091143777,513.123029130817,690.2149421416705
-489.2798774422122,582.2548107696084,967.6000148910874
-472.3940309376367,536.8154916622857,591.9654676447649
-516.1935024463914,657.3440828758626,640.1818382954832
-485.4943578940829,674.9825127265376,1016.8584114707828
-519.1670239275545,583.8488345861496,747.1998887370455
-488.2874719409517,591.6702128413381,1197.5629114808344
-487.72188252587966,575.5394082024449,728.739341592145
-488.4650898196919,545.8836007008979,831.2420684279705
-498.0001415433767,619.2836788962024,1106.4736902275104
-441.3833246762456,477.59854236034744,1115.1189119151866
-506.06966326490783,538.8872916859332,410.6849163325082
-500.5767120610699,647.8350704419348,992.0314063590912
-495.2156966314342,599.4153732300592,1300.493535380968
-502.2150212819347,581.9512102415931,1101.439294852652
-541.6162060095767,592.4499454811739,969.4478748981888
-460.88054457195904,543.5456559373957,1111.7000744425882
-477.34867919759904,487.6133826828461,1224.1451860382826
-489.1318199585048,682.3888033380756,1005.602166954791
-439.9111964757892,559.4955655643016,857.2689641307563
-465.4888080951,505.88180525526514,1408.2323583634197
-546.3485558682428,517.7134205639404,1029.9268647349563
-482.9349220979743,568.4993803194293,1115.5239627298238
-488.7807518294612,590.8436579238464,1094.795855357333
-511.4824719175108,656.9841706713665,1118.3757227634403
-475.0392162176681,568.8908151227664,672.5782028940818
-502.85673114462475,663.4906699699893,945.6789346125905
-560.225016108046,595.6587960096904,375.90511793907694
-533.4130405338419,738.8724271099413,1554.3924086339966
-535.9002687707,632.1255969544499,1025.480974868328
-510.7221990634034,580.086658480584,873.2338813062489
-558.0916068891795,639.838996666195,810.2329676895152
-469.96910343054446,557.8015079936763,1152.3034197248192
-484.2887694854153,644.2395236454296,1181.5354958469748
-467.4479638570797,602.6057984220081,1023.2163424143893
-487.6770621841433,581.9687421283821,966.188
-499.8104920719293,643.899062552331,887.7922752488261
-500.650588892765,493.0148093639143,682.960063132798
-544.0575210564989,554.6404250992291,92.70754107626402
-487.2033821861271,606.5512397218781,1121.5182662157779
-414.66911780224245,508.3427592852668,1228.5167903282806
-521.7320737516734,626.7787283394214,538.9670541864685
-529.7684510229024,530.2481731545918,870.534668193598
-487.6768252833108,581.9657797493371,776.0966
-483.8743058882442,647.5704265030547,1161.340185954805
-487.40900059948353,559.1648817634833,921.0930626836164
-539.9921170316561,729.9547974493273,942.9365079488257
-426.46860738325654,501.2004325909202,904.8802308544832
-483.847914763664,536.2992142037466,802.4111373325669
-483.87459186625347,536.9795375319296,779.5745443372027
-484.0251773297664,644.9311493322755,1084.380818024856
-486.20374427728166,561.6306900903419,1182.516610682331
-494.77531381722656,581.1211237745686,1157.948873201874
-544.2995297595485,703.2095526037593,1172.5924606904787
-422.66729824757385,689.1989416331098,1311.5442966819992
-487.42788803034,571.8038734669938,822.4293245239675
-487.22579400908216,605.3636572126018,1029.9572264805195
-487.66130621979346,581.9843179149052,686.1484
-488.828267903752,549.5089524932221,903.6688275475816
-532.3191377905489,735.1595330293599,1499.5796177740333
-488.4836754667649,599.3478753367547,1239.0152760251035
1768.8232132416142,524.489742991485,-818.8835003072963
-477.7970387754765,440.34136759572993,720.4913342012161
-487.698268660401,581.9701469436692,867.6616
-489.152448843246,549.1893178217549,866.4234875097169
-489.0345364014147,631.2690053036188,1022.6117321955761
-487.67130285979147,581.9651504087764,777.8965999999999
-470.374464238977,558.3221914773712,1110.5970413292914
-507.8691476121164,534.6622353125042,524.9086027886563
-503.17501236714315,698.7703107864816,1132.3548351323002
-462.77286718043115,564.0692436247053,1043.8372004270961
-416.1755235686319,509.8381889165964,1188.152507671388
-556.1002741195152,594.8763041399739,311.9312986236634
-534.4674067013725,582.5203900309926,710.5373208271892
-524.4048872378567,613.8256534625796,773.0019465356031
-541.2823303567352,555.9876264559045,51.235670937853115
-485.7723973860129,675.8344395544136,877.0935432939757
-486.76467776212576,618.1516308829478,849.9669275447227
-487.4672974060013,575.2314211827079,625.833533256652
-549.2294272826393,611.5091574589592,926.8022874858377
-488.273535782517,591.3759288423507,1138.0079794038136
-487.67840914127873,581.9658673278112,757.6863999999999
-512.0191864431631,590.0617457891415,1008.0676009679116
-488.24765966478253,590.962311227101,1058.6015118130451
-525.1181180046794,589.2877151179712,381.5136764383441
-487.6757964309495,581.9940992633269,1307.415
-511.4399542450624,530.4309735720499,948.4002151565181
-487.9168071539848,556.1925692990515,943.8673106878649
-522.2672919562024,579.3249653072899,939.3571739024133
-495.8116318698062,611.3326282640003,711.0915053176325
-489.1243122855981,681.3051401622913,986.6201230007953
-487.67632119122163,581.9734241878466,1338.204
-468.7373177908994,601.282457066929,909.1302364643225
-485.8679689211135,664.1300586015363,1111.5740690254763
-487.7422043234719,575.6156796734887,706.2950177324743
-488.7463005885079,590.5768455184716,1037.5982337891392
-488.697217278087,517.5757656807673,964.6548969807219
-561.6768054920908,590.5455674074831,423.2004833804274
-488.43546147910524,598.3758241427777,1126.9262053340647
-500.92143899884536,555.3021108671571,848.8937923474246
-547.0722756527657,603.3963125385105,678.5032463731922
-487.66830318951224,581.9666813889442,779.23
-484.18498353262885,663.1408700390996,1080.192647284538
-557.9471368812465,586.5686433502083,1152.129758436782
-476.81856794237683,820.224732150137,1490.970796150533
-303.1456829135277,384.09057029580094,1957.4350962306169
-489.7852789998876,617.7873460186702,926.1119488474085
-501.1401189690623,569.1792937932213,868.6750370442649
-487.5277761253549,543.9574511542244,773.517322297581
-487.46320626081797,601.9318174081334,915.5275218182662
-488.7398362665267,590.4748114755707,1018.532423801472
-460.5480968765196,562.4859821424592,1203.360116113337
-487.64149707364277,573.1644150274068,986.2510780203335
-458.5868214913189,627.5076650120292,1247.2493800939935
-499.8223523815882,582.2022729725799,1070.1857672290755
-572.6849036623066,689.0126855973624,927.0990467043839
-486.32625114659754,561.3279484138579,780.1875860409516
-502.7562388190163,740.8572840039672,1245.238709018467
-544.7265923334294,593.0602790973333,1068.6754334724812
-475.51734151840446,581.3653694347628,874.4607352793176
-495.32545577141354,587.2464988011634,846.5888636441518
-501.27356205157275,516.4376915058799,312.2125568943634
-480.921243053941,581.5809045006984,647.0892828527
-500.2612695785483,646.2646902540781,950.3356513465234
-488.01595228083625,572.3499172473246,1212.0232040521892
-500.0585342477684,522.3104748728256,216.98177385662984
-487.66087890590916,581.9762161799891,708.332
-420.446463929341,600.6122596448986,1170.6698068368555
-517.9168043521345,584.2109629648631,960.9770780562159
-483.77668452694456,684.0632290488552,1178.2793314953756
-416.0005967348525,601.8644257264903,1297.9755032736955
-506.15376826894226,573.3006748138541,691.6088990858971
-488.0374655450428,558.1595753049862,569.759472500535
-487.94743451318095,515.2341559668994,1006.8600997058363
-501.7641422114664,581.9511151981496,1043.941050452684
-487.6263918193631,583.1362840163143,958.2677182671027
-492.3185420694115,636.8755515540183,708.4046534343481
-613.1557901117305,620.8748954117148,931.2979779682416
-487.68378900441803,581.961205478141,874.5224000000006
-485.9728533115756,557.4075388258937,881.3057681707295
-488.8626904148641,493.61065520927855,546.3367279411791
-487.6962324908004,581.9504470246766,1114.537
-487.6644624376204,581.9679697124197,1018.3406
-487.67062692625404,581.9731945871811,1245.1593
-489.153139311863,548.7912801618991,886.1693408918815
-487.37515356256336,488.06778344707027,846.8005181289525
-487.6763671356139,581.9778087109221,945.228000000001
-501.75908283154786,642.6293975916997,1179.8533743586772
-541.5389669657134,664.676496314049,1119.949084570229
-496.05973233224586,582.5073913565302,816.6599597686704
-483.78573698449554,570.8666556061517,784.3985698190088
-524.5568677574772,674.5364300403951,720.9950306104457
-488.8564756095848,548.6637112479038,946.385873294752
-568.759009946305,600.9452019142298,658.0505238008734
-488.41282991436765,498.098383122021,727.0512549530984
-487.3663006034021,588.9868850760586,515.8225823080531
-488.3680375598706,588.2956777242048,680.4594590728419
-487.4312342906587,589.9099734587996,913.942135231188
-488.050586827964,557.0439264590557,631.9831951218837
-427.29414313931557,542.1614350766004,1107.5974624501323
-484.18405396819867,752.7992589187713,1125.7653797754178
-469.2605958909503,582.560909339394,946.8619181110307
-517.8864605519288,471.8641936612812,1388.4697083748097
-475.2240844105663,581.3541894118194,913.0453079951435
-487.6829936805177,581.9598736636233,978.39742
-487.2237456043431,638.8176417154677,984.1736084409708
768.4493310706803,604.1365284904709,-777.2181002422567
-485.79369198765653,674.6780593360602,856.9893899559771
-487.960219476209,514.4838611722946,1026.51662461574
-488.3197456180151,588.0160760905615,616.4346496049351
-488.000107843553,572.4434662665135,1192.4091331537038
-484.6679561451497,619.4320925801376,902.2175464915717
-485.64576206123047,668.1458859841671,966.5284580433134
-512.8916884449179,590.3371071894824,1071.409146418112
-413.95190753910765,507.58772521945804,1248.7000995619392
-492.08854515326675,481.3370791784123,1214.3773832725092
-488.9925563994784,483.60178833953023,693.3662122879297
-444.51955674393366,521.5422454906336,1076.2963306095812
-544.9078223480315,528.4196097210968,1454.0853737874813
-476.06267545977096,518.2898223709344,1031.4480801736274
-497.2050181218915,616.3532317878739,960.8065343865079
-436.88360833196384,558.0802997309306,959.0979769407263
-541.3329899507189,584.5374771074939,689.4820675226308
-491.65980844457,689.5194789168108,1225.8288292998225
-481.20508606571093,622.2489253255405,944.5995694176363
-470.66081900741165,581.9255653894604,1036.0501995687996
-488.18303499915146,569.395965531881,475.918631479041
-468.0792791606191,601.9534261094243,966.1730348454599
-488.5483720197326,542.770487274184,967.174096109064
-499.25982068939857,583.1184927050035,1429.0272482155485
-639.2822343348876,583.7901778650937,714.411083044843
-486.72349138251275,620.0510658597127,934.1678153803007
-487.674705523704,581.9716155295696,977.758
-487.7676449928199,575.6089082401377,514.8502019343189
-486.007163880186,658.1050186973289,975.3720029461273
-521.4762988652715,582.1488223412267,853.9995294873581
-487.6719282879103,581.9741892116117,804.876
-519.7058325256107,579.5182774642267,813.6185512349061
-553.9956885823622,666.1340469304464,973.2907898036275
-479.38536797542247,463.0542635989277,484.3820715333967
-485.58220099401797,671.1034785248651,1025.4971387503995
-484.5712758965103,547.9320472317668,790.6084587991948
-487.6755097361033,581.9669673986841,688.6654
-506.65487986059816,606.5019385742639,898.7975577009494
-515.3983316340655,619.7793398084436,700.93642366717
-484.4100087263246,504.7581121648529,859.7772169002151
-510.0007544907453,722.6507660138709,798.1411476242376
-505.3651858271976,494.5431138276376,559.7856131477681
-500.5966421876419,540.5322484294993,928.8755436397194
-513.3745728073213,563.0798600144102,625.3434435184043
-535.1652969351278,580.8372215549459,1266.7773090490134
-486.9342544132596,612.151252594146,947.1628467515262
-462.42277229819126,476.9372854719986,819.7747405538712
-492.43890079311177,624.7741680005943,1369.768639438167
-542.0535824188116,599.5676533191543,559.6585383333795
-484.30214277195955,534.4205516172856,912.8377987193328
-486.06683696654545,636.4119925350055,1035.0152626007555
-487.30628395831036,581.9398662029157,917.6343158291706
-486.80079203043533,617.1972790908089,807.8666150755563
-487.67099961838085,581.9592302489273,869.8553999999999
-487.73484434570264,579.5307790493721,1118.6430100616587
-468.44723633125204,582.5924006129129,1020.0615760658856
-531.8446406330281,587.7811249943339,583.0489560806226
-487.2196929873894,625.6663187015299,943.4579124201825
-487.6925723952554,581.9676602394419,789.03276
-488.3876225506833,588.5832098494484,744.4842371681198
-487.6574912816027,581.9659697850625,761.5563999999999
-487.4194273652024,559.7102022296143,880.9890385961332
-506.7250317139187,573.0557019106559,736.7852128331874
-498.09031423056786,431.2723156571292,805.9357651025482
-423.36525480204364,497.09221836247207,988.9471141178242
-494.8664562567574,596.9502789432147,768.0793537049466
-487.6759709865396,581.9981068849111,1219.8425
-503.56245351355847,581.9575919019478,1273.934068934354
-487.6724521844467,581.9663249163596,893.7914
-531.3721308810468,582.4807689508112,613.1998497555765
-487.83679880982663,543.038728077622,700.6831264033311
-457.1934479302763,578.4552894386024,955.2478313889442
-483.5454987815856,686.6345232996916,752.4712372277115
-487.0328418156114,585.7035076205395,1181.8275091669705
-485.65316089855014,681.6344485860709,977.6131618000487
-507.1219654178983,485.87774642711656,689.7599722535674
-471.01404249458574,830.7302811053826,1604.7512039589806
-559.048212151476,590.2416136013808,381.3500297788397
-464.8405216977849,503.7348024032458,1469.426413458668
-501.9552031676785,613.4865572566302,1209.5856225314699
1185.6622855551104,620.3703855577176,-802.8407522351099
-594.7847593576575,593.5132394316738,118.59139892405744
-488.7878928848718,543.0184770604714,921.4268443519259
-524.0928783014165,575.4598198361972,722.7168982596883
-524.3383012251513,681.713913681185,1033.4129709745434
-495.2370685896549,587.1681404888809,825.7404418737399
-520.6226980635945,562.4426153362695,666.3241794546684
-487.9539527557022,567.3777503999676,787.2272649470883
-469.83534404279067,514.7403210398911,1218.3472648558577
-504.08185466943496,670.064725763966,1082.6051924471233
-483.2684297776375,504.2724068019504,476.43173349523653
-487.69416239108705,581.9651597091179,773.4514
-498.66401552440266,592.0717582536674,763.5691830572791
-543.790894440918,600.8913007933505,571.3078914437604
-511.73377525531396,654.6130865809985,959.7652466296271
-487.6699028697308,581.978095719574,988.9602200000008
-481.3088765108637,558.7737853093993,716.3063308763993
-489.6772975969848,932.5974763899028,1493.004735564956
-500.6089400005419,577.7087760570598,1135.2944954187053
-487.64122393708567,573.0583138434207,1006.7584671467915
-516.2283444940531,584.8445639256934,447.99358045099746
-465.2689360212139,505.16665701394527,1428.6303455958937
-529.6815323672463,688.2903560979715,917.5296824869732
-511.25418587279955,656.1904017094467,1098.835862080343
-521.7750325544994,588.6440302615927,279.9030382348086
-443.8368282587371,483.1414146755362,1015.9491129603838
-466.98019157089084,675.5325532770938,1569.4237622312805
-518.3754495290536,583.2725767663568,1069.7867508529812
-487.4527232762391,572.6458984806966,692.6157520991262
-487.6670209797294,581.9631936439635,985.4262
-487.2130628142136,639.5459574729107,1005.9799125559242
-469.9998119984534,846.0653019946797,1750.2523078740796
-474.84438233060564,481.5149489655528,442.53958084273705
-484.59483847663023,614.6006605352648,1051.3984926680605
-542.9493473444131,599.8659714817384,581.2710285172201
-479.3406690538254,581.497388971723,967.534125608043
-485.3198426888739,682.3512861945944,1157.2062012181027
-486.9651287510719,611.3900038988609,904.6625922535243
-476.7081099690595,822.2928666034,1510.3597229263466
-483.5846956926589,688.8628420162579,1268.8130423674843
-503.15119118747316,837.0912721717607,1629.3696823329183
-487.43263042660465,590.3082527340555,1001.6654362521358
-499.90778720274056,582.2084047123709,1085.2091623883018
-506.4061072287609,606.1944488521888,877.7441460997215
-487.6683214324303,581.9759837320167,890.5878
-488.45599488651965,598.9668716583092,1194.1795628029788
-530.2347358425407,582.5043712132458,667.1292961328895
-517.014443335333,659.5704564529533,681.0558925979598
-494.67512521289837,508.7373367413377,1124.5727601586843
-487.68068112345827,581.9706219651064,989.8996000000008
-509.73949610312957,651.5036734862935,981.5953195316521
1809.2829987858404,744.9733664572859,-847.6980616836936
-524.992558163023,632.7134183507357,1035.3853553978574
-484.53299896979524,615.3171433735795,1091.2018300398026
-466.02544759978423,507.6283110374617,813.1035968283916
-512.5705019797324,527.9538485406538,1030.6304701047131
-483.0071085700283,499.7249646718494,548.3890319464178
-487.8118687795204,545.9420704067493,592.7864926040314
-520.5304680017994,573.9010013119203,944.8318909797615
-540.6288416835218,584.5052045269238,670.6726505574761
-484.4573829830392,616.0394638914556,1131.0050115699528
-590.4086875539438,594.8284855617399,660.9850938568107
-502.0037493964451,732.9484571167461,1145.6743721671114
-537.1358068759282,580.7939659552217,1350.712881249408
-504.1572884280645,494.25172169638495,406.6468980187756
-492.3160384925327,623.8386311520646,1323.3212128332923
-489.0859319384235,550.4028133366951,807.186365843447
-478.67784325448656,571.0524888840598,1251.7411438792283
-470.2827774664511,841.6996361721974,1708.6785360114366
-483.67336062717277,683.3953687179712,705.8127475620536
-516.5328657694686,583.2066934845999,961.1374592684516
-500.5622512713667,492.09152388666456,714.0660485513704
-488.3455242564414,588.1093877525575,637.7762473907701
-487.89374839313405,573.1091926448833,990.2119457167082
-532.8704813584691,526.4345001749759,989.9968875678876
-461.17003838124265,543.9587419231374,1091.905502944252
-478.2305206626452,486.29729147773753,731.8370849219627
-486.18525173778335,468.9355432243977,499.3160804668381
836.3295145020747,605.2314318305921,-786.9696069638758
-542.7838314577066,601.8614926477319,575.5776839222048
-485.1395698986662,648.7874243031907,1137.283358978731
-494.84157667396767,581.1089189197855,1174.8616190197727
-501.77480086460537,489.91251798695714,906.5624841786506
-488.9749773744011,485.03295250257906,672.3620950270862
-483.55090115751614,690.0525764287454,1291.4472008531245
-495.07010395576526,597.3866180198504,812.9174544651154
-637.251945414685,583.7764963835286,694.8848460613259
-530.7924695789488,640.752797241408,1121.1156995559143
-487.65050175457736,581.9776989159885,1147.7934
-491.8153282232802,487.2918577122623,1098.258978531587
-449.4239526597489,563.3877253595365,994.5231069725631
-487.67119917649643,581.9699472034774,929.635
-535.1598168286987,540.8581282634352,844.6729142981549
-535.1645707215011,585.0791303393943,675.7035377447137
-487.6739230293647,581.9817735436463,886.8296
-467.34589266101375,673.8460129924359,1527.6898967833229
-514.1488278582228,562.5099819160017,667.1636391864836
-514.0831064787808,485.7245181726912,1118.9916182890438
-522.5637851682895,575.7318778231369,661.4963387507764
-487.7747325163682,587.470443857781,801.3712709733464
-524.7379229791254,682.8049725823312,1052.789650794737
-543.8215539594544,582.6301411553737,1002.5478163001086
-546.0133427577452,579.1619617085023,684.7854731023123
1260.392585829135,612.6565289754253,-802.0365026730942
-490.45296436865465,528.9380531761955,818.5172609955205
-494.2667916472001,456.6090614088762,834.090800119196
-487.6294422096844,572.0289988886656,1211.8325146974962
-486.1001686470818,520.5213655953147,873.5985869191421
-477.76501190475665,581.1998849612235,1033.8986137236814
-531.0871388754365,687.8515546314736,1398.1195187864175
-562.3516619414136,583.6949573468842,803.034144670193
-533.8196640872052,542.021525245031,799.4763325265602
-502.2441529577957,579.8364290171753,722.0291763116086
-507.8805638738113,572.5102020814761,827.1372083265526
-445.4299160764522,502.1648898160953,1229.066507126365
-468.1011865389835,489.95922659947166,1150.6720821522438
-421.02079661774314,494.0248053025143,1051.997120601688
-509.0501140476647,539.6843935677539,753.0259524251534
-488.63198542193004,627.8248633018882,1124.9317958679962
-487.6721674847877,581.9569924948016,932.4436000000001
-463.67714263948073,478.95927352444306,1106.5268270456386
-469.64891621531865,514.0027850463762,1239.8425885363517
-494.6109116473408,723.6670168214205,1128.7963208887095
-534.6228031784619,638.2734099631557,926.5874536809417
-487.6892689729607,581.9651733230091,862.715
-557.5299172636169,677.7065941588066,1046.1258804099618
-489.78232791532037,510.67977999192925,831.6646762013312
-464.9652902626126,565.6665551220461,884.3139493196959
-499.1738429903953,583.1046739460453,1410.7060678396947
-467.6536077350306,591.0740584984728,1180.0305957980877
-479.23578600190444,460.9865267945361,505.8460607544866
-503.8865773047687,581.825155159006,866.9204929424975
-510.2523600360594,589.4865035511118,881.3849927171598
-515.0455801271644,619.2831720794245,681.9765522813229
-486.8647236705683,549.1101354329796,1038.6547587099167
-487.6779197857684,581.9630650093461,1111.77836
-627.1597190376456,583.6429195115861,597.2487665245268
-517.7481372798807,583.2615590098477,1033.5704886626172
-543.2651631091776,667.2912290930487,1179.356548775152
-531.125606782201,544.3480148932879,709.0836559155618
-485.6943058857796,679.3184558194682,937.4050557255229
-487.198338340655,592.0296442178764,1198.1095088298594
-483.00091796452193,568.6648215927039,1091.8721281525673
-494.09570224171966,649.2332247735458,888.5338058873226
-496.88701453147223,406.7625166385592,883.3928684177483
-517.0678984608373,474.83156588353404,1330.7243248774862
-485.67898502987873,553.292018314087,1156.1104613482999
-499.62165198220237,582.198046771584,1040.1390880784186
-495.21881551275874,438.2933011945895,589.259549688258
-487.6870097588917,581.9689866550427,1092.9479999999999
-494.8045676032157,598.480190316272,1188.9454080960356
-474.6004064400837,510.2546971562024,1255.9421997823183
-487.9664593778964,566.350329466294,896.3303714570682
-466.8041000701496,676.3721815071898,1590.2908605573507
-487.78383723332036,587.7680006257442,885.9344810961423
-470.79975583528585,635.5972764241649,1541.5052411009556
-533.5080839475854,629.6059941335733,936.7861207897317
-477.0452520249819,590.3847794312819,1147.4554482893022
-483.3542196830276,505.79187300198873,452.4462855172728
-488.8893554652859,556.2171226158393,1024.173328143248
-500.1883969379767,494.6569286045722,672.3973187518549
-629.170409497561,583.668883519389,616.7766327763634
-523.8831182515089,582.1649217818,968.5985643721976
-501.95240414476257,654.9313364380563,1179.6613728774962
-487.9425944534969,515.9839854672975,987.2035587043963
-525.9875438483509,584.4663112615402,399.8044305953582
-426.59315049901033,541.7336066385062,1128.5534320045515
-502.6664670294017,615.0233355863932,1305.7008499947276
-564.4147119823672,599.9324040394818,582.4863458478328
-487.6518361507178,581.9725551937734,960.0604000000001
-487.669986810487,581.9686331886553,560.506
-512.9062694293566,583.45989554864,933.7088171070287
-487.6547126738583,581.9635905715888,842.1798
-487.74755446764266,574.647682269902,930.7370640183489
-488.1009265536529,589.6714315639347,871.4127949643033
-486.029990716856,617.6717663405882,1191.1962633528026
-284.9836815646645,673.6048380167238,2086.8171204120395
-486.11276629203303,567.357328355924,941.2939666668178
-488.00240484289907,605.7799609096166,945.6696855183033
-487.9945341224934,605.4743956906866,923.7114501797544
-513.4287968039616,526.0906417427602,1092.302873880569
-489.9267864665958,620.286564136301,1042.8477675419815
-487.66836266931296,581.9729432534564,988.627
-489.23648459600554,603.3413214970093,708.8993338479338
-485.981591440559,658.9713171935778,994.8292320515312
-486.0116746731719,558.0478046594956,839.0282414508179
-281.4735118565868,675.1886591450518,2135.732469830907
-516.72314495303,584.8964888759575,469.02853205969626
-520.1210233633658,562.7416641021794,645.5168355270927
-495.86284192098947,582.4814475289506,778.5324517061769
-488.1011692064119,589.767238356435,892.4816232118794
-488.44594566910655,494.6943049433562,787.0891370286437
-447.5551735126346,580.2660398589319,1205.3916841204964
-458.8898061844843,627.0348632199392,1226.0428072245115
-489.33302932743754,582.8393196597294,1035.8676761372137
-468.68365882310286,510.322864740408,1347.3192027035655
-492.52592931493746,639.2575203452711,771.994225012
-533.4029916429165,582.5328281004092,772.1357795177863
-525.2834541750631,584.4272664964611,378.58133560118625
-487.3382685839031,581.919836276933,810.9303219641524
-488.6692136669392,520.5994437883612,884.1061405266973
-489.7462637865274,617.2894461084716,902.7647447371401
-487.6798673304602,581.9751444206365,906.0242000000001
-507.0064820480984,572.9130661633899,759.3732823802818
-487.03863807200605,585.6399905632823,1142.662062232381
-528.0070111801078,630.3439911068485,690.1138773541177
-507.47193314873493,476.56413681355275,640.1326237406018
-475.3019499260645,640.1035838631918,1148.3406499569646
-488.95377456619417,486.462949437587,651.357897015297
-633.224404550791,583.7219085353688,655.8296322345805
-480.38911355994514,581.5512719053402,753.9042027329654
-500.0721377799962,542.2007837762994,861.2417987244417
-511.7950724514808,733.982015323739,922.8296774388995
-488.07176796844556,556.2907595580848,673.4654639838966
-502.1943397484956,512.0411923689594,383.63614021411416
-550.4093556282273,692.3382664791941,1169.6253236403418
-488.6077624477184,479.42182371190944,1017.9449856521326
-488.97181067470433,629.4841808225708,958.2448299367131
-625.1380258890711,583.6158984302349,577.7218229854828
-551.6161725332533,525.140053010818,712.3988314054502
-487.655324308055,581.6818228676971,739.7788842213965
-509.50930183768423,647.8891282289446,801.4043608594101
-512.026923793057,533.792196504653,962.1995591628271
-474.6489598366111,581.3200209844589,990.2145170537732
-483.8258435446173,648.229695920468,1180.5800262395978
-496.4918758114982,613.847074331017,835.9490145001967
946.9071307572012,607.0928461505785,-774.7856183946787
-531.7984473347553,543.7660344921858,731.6818385530307
-532.4913247949721,575.2179776846529,810.493901381481
-428.28614375023653,679.937629713721,1133.27215476568
-488.2390955828855,567.998124710142,612.0657995363167
-419.1375880200221,512.8458612828401,1107.4225866423776
-481.31093710332016,702.9176847073886,1131.8484492174937
-487.75259006626675,575.0446617066581,840.960301305791
-485.01111121952545,652.1711007008483,1233.032961107241
-484.4949830310579,615.679190333786,1111.103400950177
-512.1915802526748,563.9449628814904,562.6137750254417
-487.6583993480481,581.9604370860425,973.3626
-487.68697380025014,581.9713110590092,1048.356
-535.7420270702323,558.6696758185453,-31.709167247213003
-507.56445117162,629.4171181714073,931.5122843511725
-485.2811274547771,626.3660800163453,940.0338916589453
-484.6464409999721,552.6802918502699,856.5567000590477
-487.67992780279656,581.9731545471454,882.384000000001
-487.244006146811,635.9727111799066,896.9459798574179
-488.2975214478688,669.8375946248048,1155.3078545476797
-476.4512494701697,520.4930351052571,970.222752034623
-499.2267055159268,582.1932732228848,980.0457053436542
-512.9851744634677,563.3673088259646,604.433436613291
-564.2572825944362,583.7499661522131,843.0239437251072
-488.8974979577479,490.76230408528045,588.3459718860806
-516.8394225684933,583.2150561341633,979.2456832922353
-485.92277428607986,618.2019795790518,1123.6527700233796
-487.67152293853724,581.9788612438788,776.2982000000001
-482.49190446032503,490.6117050681755,692.3020321080139
-559.0102261034049,640.5891128376832,830.695004828416
-487.91243595923197,556.5627735536909,919.9400518696478
-504.6971378130247,579.4599929264423,969.2050783039896
-526.3312576845333,687.1235496872816,1130.298959942197
-481.128551186222,622.789004678539,967.9732027157808
-487.7249438640888,579.6901736871762,989.1593920132952
-442.04778674116005,420.9598518824514,1105.3851441618165
-525.1479739725312,683.8702954687865,1072.167544340413
-478.9325780812801,622.0943263852914,1112.4721470882905
-487.75884762543865,575.4073953521886,555.9822267040486
-487.35180584595264,589.2034140011867,767.3614242411385
-489.69702510826255,583.0465677648035,1425.7438690019248
-469.4766584542135,581.9324429405981,1160.2657880252095
-488.0237843586897,558.9104145232013,528.2771494452048
-559.9400830447078,641.3533281909188,851.156069549012
-494.2319884592298,513.1407190337759,1012.2415966741222
-442.39373793101095,479.81233401789154,1075.4515474525424
-538.6780479128149,531.6486384389221,678.3368255997472
-487.663149747802,581.9844594720378,690.5638
-481.11184781550946,558.0893670098262,760.3493988314856
-494.0622671808733,580.0113839317019,755.4771026376682
-550.3564374111938,578.9651694989959,791.6254017344799
-487.4226982783107,590.4274941764913,1023.5961565390548
-506.7939302940931,537.1909623877925,456.37394386466286
-530.7119019241493,686.9835130942663,1380.3672207568602
-487.2238219197793,605.9561201579336,1075.7377720658449
-489.1049306937798,549.9911653521065,826.9319349063726
-487.8990231695698,557.3000582485095,872.0854670816775
-525.7948381977037,589.4190116355405,401.83549019866626
-498.81040204488045,592.182788623237,782.6710068118376
-487.6290863571553,583.0643463116718,860.1033215900934
-503.47040722384463,497.78952070545574,359.9501480574121
-487.6631226239565,581.9721587751792,813.2826
-483.7955273107391,544.9832028114856,874.7067290994171
-487.3898702404349,588.9979083585638,725.939474784161
-485.51097266060924,674.0591565041552,1084.4659410716822
-483.3369634091373,530.2640381530817,1007.9424605207807
-489.1578904239234,683.469312743206,1024.5843638668275
-525.8864166090807,699.4494095114135,1202.926014686059
-484.8618062970868,617.0536986990826,797.5557681211367
-487.67295968259987,590.1296456948597,900.1687174859527
-518.9487618397773,580.1252252211254,487.6133570248577
-479.71295823778155,572.3361917120699,1016.6248527552284
-497.837443787545,688.3875612210704,1843.2917725360346
-521.0624337060885,582.1549323447433,834.8999315832009
-522.6414233441478,646.5736299102368,917.0950075938745
-532.5645630333861,587.8798494199351,605.0808713409104
-487.67536792234387,581.9582531957832,997.7568
-543.6545676989763,602.1591727542725,596.162436631759
-488.49600691862315,544.8494371488061,876.5528394586169
-468.9633214233231,601.066336137271,890.115953683264
-425.7982797645882,684.0436970179628,1212.505240012705
-534.0725392632392,596.0937686714229,727.5964560503494
-474.94699081123963,581.335599991013,951.6299737583859
-519.0256357596772,584.2990562092835,1023.2875253910485
-537.6825395613453,527.2070712460791,767.0908701384179
-507.61022779004225,642.1224517910987,665.6665128094459
-536.5947569556961,627.1822855928938,792.4988455788324
-526.1616433397332,534.6809169474,731.1611504966172
-476.6068734551586,824.3551527450256,1529.7493630493632
-489.37873559847844,582.8699694834654,1076.907264151897
-488.1389570328122,590.258707513882,997.8256706621114
-541.49224579619,606.3588836929797,634.6042458256479
-467.0496982238792,591.3589557420491,1238.4222063161706
-487.6615616238805,581.9680105693776,934.0457999999999
-463.83598588601126,482.76922423897577,732.5533913961948
-486.01368436747043,638.2587995678955,1096.065071758101
-478.71856660825233,589.0463668707714,848.0374738191034
-545.3462926280354,626.3276233705428,1031.7216199115592
-469.0636400919998,511.7828052827904,1304.3279976561137
-418.3991235157173,512.0899122449268,1127.6049715520835
-475.51455631469844,606.1820724895663,1586.086260003905
-487.6601364002131,581.9763210096131,1029.0662
-537.9779498924372,532.3323112767247,658.7396754638253
-510.5506754230205,628.6686532617728,1380.885734493868
-536.2447758368087,613.8494217786117,550.7281245348872
-486.0490260079532,566.7764428353644,1008.0277119980815
-487.6814778057819,581.9713294637083,924.2800000000011
-533.0319921410801,584.9439579377521,612.0350411143268
-494.66339019337056,581.1321561708885,1124.1232988443494
-536.575687111819,533.7246091332644,619.5463109428026
-467.88301116908065,514.0108649678426,678.6948479480898
-552.0923864325655,588.5002755715377,686.4389372711852
-487.7395048371163,575.240534630609,796.0719058228427
-419.70494154555627,600.827690002312,1191.8873324645738
-441.8834584008987,478.7043159271948,1095.28501704627
-487.9595289591598,516.7131838139619,967.5463484600705
-487.6236935134789,583.0842809460374,879.7361972658218
-530.2981716600661,688.9845766099963,950.7269883406327
-473.89911003423515,541.2953831472937,459.26428685791814
-485.3039324303136,584.6624419186276,1136.2760413317817
-501.82017935628073,613.1770861825753,1190.362554869281
-502.53379336254375,693.9838646814994,1054.9323261170352
-500.6923782424651,637.9636962547988,1031.3511154652585
-505.4416413195054,604.9401189412235,793.5305293999534
-487.66106783845703,581.9738010989279,826.3996000000008
-501.11282803495465,488.2584179649154,776.5704389442071
-494.49967939569433,653.3893451579838,990.1042445058115
808.2351105815906,604.6667897412419,-772.5123818672073
-603.5882123399722,617.9070855728248,802.9831209006992
-487.664511771874,581.9776000290288,992.31816
-548.200866749396,552.632620038192,154.91706856263824
-475.4341575990861,639.47340882678,1127.7606576221995
-487.6836871644023,581.9627514240885,1081.667
-487.6904242980445,581.9688296635948,879.3434
-487.668733639284,581.9759915249297,864.028
-492.59670770440493,640.0445870698481,793.1910357539365
-503.6410691552983,702.3841793092263,1190.420360233332
-495.0445599456584,587.0198317172703,784.0436461426415
-521.3361707936374,573.6968819952447,986.2101634200003
-487.32254690352147,581.9474729468016,832.2711144331788
-487.67004263496983,581.9785671616138,987.1474
-469.51761837537833,581.590061244945,1065.8603847819404
-487.6665885271459,581.9817379314959,626.1232
-440.52808539923717,559.7872041976357,836.9036479461112
-487.6703310093926,581.978652140076,903.3098
-486.84265498749414,548.3203512224459,1081.517896776125
-530.262491785219,609.7545687538862,1417.9952130086951
-486.89556863894813,549.8847720265128,995.791323428441
-527.591177031019,608.0322549105634,1282.6489611240504
-450.20903697036056,529.4653159586856,836.3546401305887
-465.3874928259279,582.144313491606,1242.4430486391025
-488.258138760772,591.0847880717222,1078.4530320463343
-472.0370347689759,581.9363231299483,891.1319578153779
-483.43902302264723,689.864411312795,799.1304018558964
-526.9568047576965,680.5513897535409,816.7168033309596
-521.159698678473,626.0367965309895,517.4427635906354
-487.9287860891129,567.7978254977487,743.5861632533952
-486.7436468887008,619.5713415417697,913.117727191676
-483.9543840821834,668.5184565399582,1201.7423158469817
-551.2384644199897,588.4156310551068,667.2606105104821
-486.0560442315523,617.2953964263477,1171.2784595147018
-501.4816661748455,568.8532309641279,910.1958852681873
-483.952673173168,646.2469058292129,1122.8606461297115
-497.5738279879438,438.84404282691844,727.5392333088612
-487.3090558001677,590.1400567567482,723.3474649988643
-524.4368122220553,589.1629392841776,361.1919819833587
-506.7185318703605,609.9929591427014,862.2037654906403
-506.5310896952617,579.1979802878823,1154.5870916466506
-487.67159571467346,581.983245105004,1162.4261999999999
-521.7464787799299,566.2007791068208,857.974632958002
-496.57223579057654,582.5364050874184,911.9786462685545
-476.1639327759249,556.8711300520808,1004.3516466352751
-491.5624603072815,493.2356589588163,982.139994343126
-447.3394749918632,601.3148948848743,1199.0506810311854
-484.6257441037501,619.9139134199561,923.1497262727033
-444.610196139025,482.0907857863583,982.1085800882483
-542.6583941385065,555.3136298265247,71.97233164343089
-485.04465724620195,584.9467188977083,1323.904386655783
-499.5595067675649,500.4750720713944,562.6312099436781
-535.1091813598582,582.513734444674,730.0041824126366
-466.09582264492974,589.0612571439864,976.7054334538201
-476.9136606723837,818.1576618416893,1471.5816698778287
-544.6114084651545,601.1725307142602,590.8913891019592
-609.1812843249977,840.9922297099315,645.5717126567604
-566.4565572801616,707.8264186730548,555.6147399184523
-548.4457913808214,688.9115037425765,1109.8333600861897
-524.2925630446243,631.7462414570738,1001.1964665627573
-478.5216969986436,624.0523329553455,1204.0918955588065
-487.6638419612282,581.9778753283538,691.7404
-616.4305768088575,856.4107764771525,728.8156228518314
-491.96051946735133,484.3176024096689,1156.3183155934667
-487.4372422757551,561.6322285027599,740.6252031305397
-485.967708617281,617.380261099524,1080.9198908945243
-487.6642231886267,581.9710084480515,1190.09536
-618.2421947576777,860.2810886352227,749.6242891886316
-501.5758997596072,491.1422382674415,884.6877901149705
-493.9985962320634,461.68091862663914,769.7570968364197
-487.68416585033765,581.9809785313778,1149.7845
-289.63363647936694,671.5145094568418,2021.5946469557525
-484.253891307239,644.9467245658353,1203.512536618361
-539.9667200053213,714.2892542215658,1325.9223654399846
-479.1060927063172,458.9221006217633,527.3107448366734
-511.1342478164188,589.7759546782188,944.7263120266359
-487.9760555180819,603.9248570489228,813.9206174446377
-532.4057704604456,674.1022219184185,830.2995179428282
-478.235707280965,590.6612027129149,1112.6895402656953
-482.14052976145194,484.5474864046887,788.244996204254
-469.93930790988634,581.5950598049446,1023.4235579301277
-483.1094437822617,556.504257849007,806.0807819626962
-486.0795253787619,616.9301367596893,1151.3604116927713
-494.28472299268424,584.6443953037383,591.0500968486931
-501.2619861719086,634.156481674449,992.7847981508199
963.7705587283399,593.4346268370625,-760.5831157254761
-514.4769638608154,709.6820951635975,1087.1926576604044
-484.14752058627164,647.077658764798,1269.443301373719
-487.65520789674247,581.9776079950046,1110.98448
-494.1487479324328,714.6596969017653,1009.1847658745497
-522.9342989922811,573.310068172704,1068.9671067564475
-489.88133540015747,619.2744840149676,996.1538012300281
-444.8413145623417,485.36373109260364,976.2821651026711
-487.4199736520179,571.944322523598,800.7937274387924
-487.8834308474761,572.797770606159,1053.1297888951913
-470.0386986814508,515.4656679406662,1196.8516021243188
-524.7428539221924,564.8161655089132,998.7092523373275
-487.2453941672529,627.2341743943459,1004.6647605894931
-469.714186585697,639.0675325505433,1690.0954825701824
-487.6689279005982,581.9868927484149,1039.1158
-445.0100198051523,522.1981988864477,1056.3014150906574
-514.7919735198548,580.382094317808,323.0463025391902
-487.47563492824565,602.3916541502263,955.0817503167345
-470.14416296574973,843.8793598030873,1729.465835504989
-483.63223820619123,687.6580712743676,1246.179947461263
-557.2842323408304,586.5303812580023,1134.0974198936094
-507.52017711204144,535.5010340978749,502.06330113247543
-513.7235931777991,584.5875360662002,342.81961511769225
-486.12104924073174,633.9355711051664,953.6159266805503
-495.14808096827346,609.1434217517533,1062.5319363150697
-487.6805565365685,581.9742080537249,1204.4279999999999
-556.6264371183793,586.4773050728604,1116.0649600643537
-479.8089156175265,469.2553573996245,419.9895334397642
-461.4594151532183,544.3569914059018,1072.1106127866008
-534.1341855087392,741.3666172946487,1590.9333709493555
-518.0535986070959,583.2775005715833,1051.6787227839254
-487.6730827804347,581.9700086280445,754.8646
-536.5497169546293,682.6188935723924,976.5111042294253
-487.648456697063,581.9782747952278,1212.0948
-477.9416747347145,730.9938383330283,1203.866474914583
-451.1461757479683,530.7878395169478,796.3641718354678
-487.82891258162954,545.3587203436423,614.365728098949
-502.69402286370587,695.1798192871479,1074.2879945981078
-545.8490494723478,684.3135471837008,1030.111689090009
-523.105354948791,579.8839559889318,652.1804511440869
-487.6148587747298,583.1697945690895,997.5334736582679
-528.4848559706761,589.9461841478112,483.1233449228257
-545.9727239344506,593.2996121110511,1108.3664328288528
-485.8372030304022,444.165979098375,773.5961442637076
-488.93113786728645,487.89005468567416,630.3534916300271
-282.64323836422363,674.6704443074111,2119.4271448650084
-489.0384710471865,631.8575848166631,1044.0675858934408
-525.9424189288268,686.0445038792723,1110.9214247128582
-470.7856547984293,581.6154609663793,938.549936131144
-500.9896878531795,639.2912910068651,1073.780611207072
-510.73347653429664,654.6396413539895,1059.7553952281348
-489.2840491449276,582.8108844857779,974.3082672153585
-488.4167403809802,598.1830311718718,1104.5083774895927
-487.67803767027135,581.9588843621759,834.2228000000006
-500.13508198077716,582.1949494977483,1115.255743170709
-537.7458396612865,531.5391462209432,752.5236536573318
-468.87989015730477,511.0556324540412,1325.8237777308057
-483.25855678283233,539.8967388706051,1098.0395544557123
-536.6310562868225,619.6107746245409,761.9221267969277
-487.2253520104832,640.2430272780598,1027.787323114694
-487.6676813049521,581.975308057687,1224.3324
-488.8585986609073,492.19503075116813,567.3419881219924
-523.7844151923189,589.0278639884441,340.86930992702867
-477.33884702982687,581.1690425221022,1109.2970559392727
-477.9049090334179,590.9752379741742,1177.5386735417133
-485.634517763644,669.1287765035581,986.184908499165
-487.6505308971973,573.5778439250738,904.2214674624415
-468.06939219675587,590.8804817892242,1141.1029980958058
-478.7672319063695,571.1724541370236,1230.3669285544966
-492.6665755155377,640.8479527525583,814.3871604378445
-485.5417884298172,673.0758611299186,1064.8095499523195
-481.47601007234107,620.5861521448276,874.48051847006
-489.1864668028629,548.3843779922038,905.9149909691247
-508.5978676611553,532.9488839872067,570.5965686502243
-487.667870302643,581.9787449138485,719.1912
-450.10524927878055,599.9931800877234,1065.5183552847266
-487.3982046220258,496.20857189041044,708.31716867749
-499.65478491551903,643.1048999177154,866.944771486404
-592.8200609075791,582.7971576409968,777.5133757884595
-487.1987155157774,607.1449321104119,1167.2987898659858
-472.89686250152886,538.316001596886,547.7320657797163
-500.462819816765,494.2574863890345,662.905267189418
-488.76092925296007,551.4992523543242,783.3827991834555
-528.6033360388838,707.7650607653989,1341.5640477904121
-475.78804408535814,516.835994628409,1072.2653814222251
-534.9783705995023,534.3290922198594,669.1408630533915
-487.65657125775897,581.9806243266887,885.9074
-487.67770562520445,581.9786976414126,908.302
-487.69139680170565,581.9862787723767,847.3414
-489.00285875048394,536.4614900179162,1202.7804656024578
-548.7725024184717,602.5689676464725,688.806307690221
-519.3976486203983,584.3193784223316,1044.0576438248136
-495.1429731375356,599.2228560057165,1278.1839284165208
-518.7752918612505,583.8000382543352,727.8233821898542
-505.4685957166548,487.1811579944879,500.0418952288786
-487.42784517213977,572.2293620470862,757.5225739664704
-484.7572872710093,618.4813158322406,860.3528445581171
-517.634040893354,551.0155665952618,843.8510734378433
-502.15436088051774,487.4936361038664,950.3146566556284
-483.6655701248367,686.4619732219671,1223.5462243936292
-541.0352193260342,584.7256415812799,650.3557302099607
-487.6777972377663,581.9653302314515,1227.8782
-531.1504100146856,575.4388281305414,763.8853302118862
-462.8850065320312,546.4014642321953,973.1370266041274
-546.8689538713438,579.1397803719026,706.1540270100111
-492.186340442428,622.5869623051835,1261.391297976704
-500.32175873645156,534.356994412899,805.5341640743902
-487.6763479608894,581.9752451034362,1046.675600000001
-488.88252961293347,548.3379242849753,942.6342141862442
-499.28799544988306,741.7791414108142,1941.5368266859957
-558.9783659668576,679.7043857229894,1083.526810756852
-541.3024348704453,674.761868875798,842.0608829114251
-481.16115992047435,733.4909351052324,1234.098835744484
-541.6592259374079,531.4530198910106,1328.35813565051
-478.6432774560767,499.38067482102747,977.71549786301
-487.6845745308651,581.9734751667936,866.6628000000007
-543.7219176385979,701.9964211019002,1153.3288618896338
-549.4971058118704,579.0028107072587,770.2570404916198
-562.2408722314774,599.4136179810223,544.704474744339
-488.7508551067581,559.3133384573944,810.3327953790817
-487.225198056698,591.6330695771697,1120.7450986966314
-544.6788324355261,693.7995858499912,1174.0358351859809
-508.2542524703417,646.7943108708897,864.3553625627836
-489.191265112549,685.6253452709868,1062.5490365572512
-508.2359926547779,644.043895692944,710.9126099805302
-501.40131667810783,492.35983740883773,862.8120859733057
-539.3787087131091,728.2446772255491,923.2729254065085
-481.218642393384,732.2262627629307,1217.569471882134
-515.4378345594312,480.7778901703359,1215.2339860492216
-526.4546790873649,589.5575926665799,422.1578654624052
-486.1800408560566,567.9333474397886,874.5601688906366
-534.851054317525,743.861737749633,1627.4743628109493
-427.96630920304005,542.6133362200744,1086.6410543933005
-487.677128821701,581.9775439028147,798.592000000001
-487.6671386930161,581.9767407579591,1007.5840000000007
-487.6540089593277,581.9910802096913,582.3784
-537.7266217028296,685.0462525120811,1018.2864238127639
-507.78385887912236,611.5749874712636,953.4205159757983
-447.18827650760295,580.2688066792025,1222.539241454668
-543.1007879424124,677.8758640541682,895.7729463293513
-487.9428256499143,567.5853747606444,765.40667784519
-486.9050499757377,550.2830942437563,974.3598219138048
-480.84565392015793,741.0506875461033,1333.2766562961149
-470.56718742683233,558.5811042524515,1089.7437237952854
-487.6666563737533,581.9904907597243,757.0304
904.9047941724166,592.9664573718073,-760.1897091877872
-489.56035553042875,913.7692819994447,1372.490358289062
-417.65389269341904,511.3411920188252,1147.787399150864
-486.9076115089242,612.9182081683016,989.6629805967816
-542.5975985394239,699.5623494946093,1114.801309416212
-483.49406812444477,542.212064562777,996.5246992691981
-487.3552973543183,589.5946385926261,850.2054444748833
-547.1496811488937,686.6161135904567,1069.9722556036925
-487.68647205761954,581.9673904781862,856.139
-481.1899397996349,705.3975662957819,1170.5951173161375
-487.66374477555473,581.977582909115,739.8966
-517.1153192010461,636.3401719483122,652.8740938606387
-528.2242240768251,532.1413546616736,810.8028782761631
-527.905954925865,682.9542208163964,855.0059406866167
963.7896540724923,607.4818339799856,-787.7880362769192
-547.9334457237103,602.2917004543489,669.2236090839808
-475.4309213911474,569.300369299329,627.9101462633132
-503.33943265883954,747.2093373759083,1324.8883351645725
-477.8750757882126,589.7146728980165,997.7464295400033
-479.6790622526278,467.1882826068422,441.45382083113384
-554.772098707549,586.3461374859174,1098.8310187504596
-479.2519002069039,571.7382653966856,1123.4958684470294
-506.53464256838515,488.76817476841825,646.4353794897136
-536.5510720702302,582.5722782431255,877.1428642214626
-487.88962855323143,572.9968262607924,1011.1845181116123
-487.6723020700895,581.9704386422588,955.1216000000006
-522.8351075228652,584.0573702836958,921.5860065331642
-539.0301249142492,525.7133508972342,807.5256963463769
-489.4851734333074,606.8844935597048,949.7078740444291
-541.9637302608726,688.4814399586271,1082.5726499116
-519.1768547592374,563.2885516468511,603.8998541585789
-465.2547422822754,485.7171444183637,984.4513445137289
-487.6707954345932,581.9754592843026,927.0576000000008
-487.6575494213603,581.9687873293547,1002.5068000000001
-525.9269357832018,615.1539628428404,836.6250279733322
-480.8055199989458,581.5685186582255,668.4522169630498
-502.97613580534244,640.7313255376071,1212.366607740305
-517.1977120799122,622.2373068947268,795.735777991013
-488.13529533585483,590.0586498974205,955.6880704017589
-502.5210313312059,581.9518112697144,1139.771415201609
-483.62052664174917,685.001593510706,729.1429124797075
-487.6702489425443,581.9822433698196,819.4058
-468.873802427006,590.5121098659365,1063.2474587511026
-488.8033114687946,542.5133311721216,943.0694110078955
-494.4422222303742,584.7216867580671,626.7006505608398
-464.63183650377596,503.00841934576556,1489.8241667039993
-541.4644144437689,697.1388887807399,1076.2733626857548
-511.07894653485164,583.3595281780534,812.1609176201449
-502.55602598101905,645.9564078899118,1285.9263713693767
-547.9164300241941,603.7228194902821,699.0885941054
-487.69632652240034,581.9605811971713,899.1578
-486.0347488101065,615.724820884556,995.4543574138985
-487.89725463364675,558.3684843955546,800.3027692428182
-468.09278174771,670.4821724420527,1444.221882459699
-487.6760704925132,581.9740797352244,1033.5610000000001
-466.24116905371875,678.8890688209566,1652.8920856343511
-485.3902880664964,679.191793240748,1097.0572124983405
-500.0294310473182,535.4620440535346,769.9692530398763
-517.3331817022149,473.85067157149706,1349.9732302007526
-472.14224245566345,536.0737323653839,614.0825268253575
-487.6706710336889,590.5294891622437,979.8028452352255
-500.20749666430584,593.4629034854072,973.6886971911306
-561.6036939045468,700.0638484964286,475.04136116662426
-441.1155754182912,560.0786969124315,816.5374457535198
-479.39732177244264,506.24564783846813,833.9648837977384
-487.67006289791016,581.9585010712062,972.9088
-495.10078728935105,581.0790582297566,1242.5126325016392
-540.748835387612,616.8313665608975,671.8140494555262
-538.5246024786634,584.412079986279,614.2441243124106
-496.3938246237417,613.4308781792295,815.13928127533
-483.54757089140844,570.1834741302928,879.0057728348903
-487.4183450045316,497.54511007235124,685.2353678664552
-494.47315367986675,581.1517515611436,1073.3850219429207
-531.4433194372593,688.7295512287778,1415.8717011498125
-488.35039471409755,679.2481761198746,1359.158803846789
-489.2245007886122,522.8496481562868,1116.423882969206
-532.510504686931,691.3579590233524,1469.1285083674063
-501.56700219731783,635.3584145881125,1032.7086102097583
-530.3521395961968,640.1633289438475,1102.313770440231
-488.04642265633674,556.6751673997944,652.7245082140128
-487.6768822385486,581.963529601865,735.3972
-539.7364678169383,622.011243933945,858.2792554435844
-491.03151778180177,453.4036947669828,761.2883495848172
-533.2342484213641,693.0932779841316,1504.6335704859557
-494.30055109732666,717.6692565588403,1049.0548127034817
-511.43076481355547,589.8612394535166,965.8401022902378
-507.37208512504685,610.9389118417172,916.9336954732368
-498.96175704503,592.3042202609613,801.7727310497355
-484.6258778662941,509.5649867927082,759.4451835515783
-545.3505159503948,655.1412080469847,748.2470408206561
-500.83806650699717,638.6287720695623,1052.5658347771005
-523.0653800785553,575.6486282421002,681.9034330395853
-452.7622760457639,565.0203070799621,841.9174619336997
-501.2980128873037,569.0223112044404,889.4356254894767
-520.1366848247305,580.0609492376182,534.6325249803172
-497.64977460720365,608.7162397598704,990.6183916059208
-596.783486940348,582.8307561552726,835.1916532352182
-574.1829664046973,602.2271771821902,752.5059120786143
-469.266308542622,512.52156087608,1282.8328845553244
-488.7810050718531,543.5238515526966,899.7842772730187
-487.3489206118152,589.2993538377859,788.0724382583585
-591.4978086561991,582.7869193217223,758.287344769736
-539.3655789016157,598.706727916514,494.82053855887204
-444.35707557373325,484.2463779318989,996.1157055358956
-534.4951899150199,535.7785230368555,560.7542416855711
-505.94897958242404,491.6677053332671,603.111536202042
-457.5377307577164,578.4799738585525,936.8282279372679
-487.67224059463865,581.982684022071,969.2006
-487.68443764070685,581.968654020158,761.4015999999999
-442.8656044345271,480.9262276031325,1055.617439562617
-487.68071367866423,581.9783861675091,886.774
-487.6573975018846,581.9622757123748,951.4988000000001
-558.2110261795146,632.5350063837752,700.1260664389268
-484.43893563609663,616.3924736035451,1150.9068201756022
-529.0499995394348,638.3935602033143,1045.9075928760637
-415.44198642146694,509.08886630071385,1208.3353942689032
-522.8801009726008,612.4918454738702,709.379048272782
-486.74697320850146,619.0929072023382,892.0675941775318
-487.8838123034079,558.7570455808304,776.3759121586963
-486.77390406710174,640.5302477880743,1057.8114196667284
-483.2185979476303,528.9236073229375,1053.6160969204425
-487.1329736299326,585.179626502543,907.6694043098569
-493.82967688028384,465.0731262015304,726.8687809584173
-510.42215990704744,580.1057685797289,852.0494689756181
-487.2381684876327,591.1308912163155,1024.0396126869782
-545.226138871702,694.8552947650523,1192.3287091039808
-496.76724434487414,408.87455964390165,863.7851646494788
-545.628002288955,585.7572494981022,847.2271001154968
-560.423769601857,681.7035494310562,1120.927771878159
-501.10040821318853,633.5577948573816,972.8228903637535
-485.17938544710796,688.680712358838,1277.5036823028017
-488.050155297379,557.4122049020905,611.2418729008632
-475.92534349414314,517.5596701840705,1051.8566197494279
-491.62188790429354,688.4378453365789,1205.9641720407394
-507.1037626950231,628.310531450808,892.4970156158175
-488.91799474707113,546.578792816631,1053.1790685018732
-499.44426200413477,525.2452339106164,169.3663644661171
-487.7523368672937,579.7142697395861,967.5787838965902
-487.6709782200264,581.9753120879884,1203.697
-542.6810220044354,666.4245746338452,1159.5540541487621
-470.35863432415454,581.6032463845731,980.9867081357035
-541.0163039350682,649.6599443056866,635.7248946681425
-479.2806271230738,597.107479916053,872.0536774454833
1244.8396294745598,621.7352553194307,-804.6142706865012
-514.9342159906687,579.7344646087454,1169.8153925368592
-487.67321436839256,581.9699842010293,667.4681999999999
-560.1117064356577,633.9199653369724,739.4115283231072
-528.3525217053943,608.5192147323484,1321.3194152655828
-494.16360109678544,458.29986870756625,812.6463048209328
-487.77199405333863,587.2518347409068,737.9488420566234
-541.4292368692713,687.417753670301,1064.2798088617606
-487.66494851465905,581.9828313544106,970.988
-494.1602376975884,513.9912653120386,989.7740574109898
-494.4170627479789,511.3615982657552,1057.173299356084
-467.60209819488955,581.5401857038612,1256.8259206022835
-487.67063979008344,581.9674115121793,854.8355800000008
-503.7368196456955,846.8006872272911,1719.9524764255243
-475.3659353805747,485.6088125719107,393.8808531762474
-540.6046468049485,731.682665356585,962.5986106149138
-487.6635017404683,581.9833057125561,821.9300000000001
-487.6567370783523,581.9725214600094,853.5369999999999
-551.5991904184084,585.2599142307213,928.051625295353
-484.63646575261373,614.2428034731607,1031.49683724215
-527.4756590571956,616.4726077570949,900.2476733039601
-514.7215583270199,584.6927815597008,384.889297217294
-474.7315420180462,553.7486996165676,1222.8527962706967
-485.99114489597787,618.7621804092432,1250.9505542777301
-519.8696099817471,641.4639401722975,784.9844460588513
-501.4749240821043,641.2891437383375,1137.4242877907836
-506.8668930508379,627.7651252766073,872.9892494785073
-511.0299418114828,580.0456387661188,894.4181588238459
-487.139415695033,631.5886982521553,939.8809128959741
-558.961180446848,518.6216751468669,880.3633784790709
-487.98819936423615,567.0656327036829,916.7852121185815
-486.1318654709303,465.40045253895806,538.4992520264406
-546.4998118000876,685.4641361789684,1050.0419970887872
-527.714864413847,582.4702447704296,583.1236715436282
-487.6891223650132,581.9679753601004,976.7902
-459.82185627463787,625.5791664830616,1162.4244689092955
-487.6673265468305,581.9644924337856,975.2714000000005
-494.342124285768,579.9239477082087,823.4727517306949
-484.85741806693704,656.2305861373007,1347.9325163140375
-487.6630992105229,581.9820515466073,1071.42904
-486.2298664147588,561.8359007080121,1161.218973401143
-487.2137240435586,627.7659296593818,1025.066809588853
-502.8169815914498,615.3368213942745,1324.923745356085
-496.256351658355,582.5129601882331,854.7874752420437
-488.83105263011794,542.0120711744997,964.7120724567982
-475.9634431658583,636.9551070494298,1045.440596626185
-526.8692525403058,563.8284529483269,1099.2342581327443
-485.3419955315121,681.3106090526373,1137.1559425840474
-545.4261612025507,705.634717942443,1211.1204797583694
-522.7023977083202,579.3000167316904,960.3134546873285
-487.6836630924008,581.9748936654764,916.5662
-481.0279739317307,623.3449588090364,991.3460985112501
-480.09663689788295,572.807544099632,931.1280789848498
-465.61410307739743,589.2257322853253,1014.3443307300828
-475.1576487111088,640.735272354147,1168.9205022756742
-492.99577165445,644.8352576360626,920.369104511438
-500.1086990339652,496.74395470723425,622.7955456582181
-487.67866860956997,581.9626814235801,1073.66952
-499.74778228516516,499.2263972157946,582.6856504878781
-486.12737447849304,560.5030220012873,1289.0035244210846
-245.5402988508863,505.3248565661504,1242.9652753733417
-510.19518462399265,680.6472015982725,877.526846541667
-499.3799274891651,501.714730579954,542.5761629625381
-540.3090293309147,630.6175650524713,909.8180033198847
-545.1501260895807,579.2159414464629,663.4173136040326
-554.6184610979117,586.3561686612945,1061.968547715772
-486.2611857328718,568.7077529651888,785.5818356914306
-489.19238028673453,548.0014102167472,925.6611368503941
-494.7907807216402,607.9023937339505,979.3559076962324
-550.8122022801203,583.4258821604922,563.0997515545253
-522.8659268086353,628.2739247849008,582.0155079235926
-535.1832819988163,535.0952985309137,580.3518431620325
-486.1175223978912,521.270801022608,853.6999139037399
-486.9259900810873,551.857540856987,888.633432311736
-467.4000695046452,582.1183947614197,1063.5359727237076
-538.7625322137596,726.534597169988,903.6094185011394
-485.0552165575964,693.9553850492573,1377.7515680966162
-500.32605242774343,399.0182241106904,1139.1152442417733
-487.6744307948188,581.968357847637,903.332000000001
-484.5087938978577,696.910904056786,1169.546456863363
-523.4879231692614,582.1636926192188,949.4986122162726
-487.69500840745195,581.9560242355275,858.7374
-507.3118301869831,572.7683464779407,781.9609549108258
-499.07816966919245,571.1438729878759,619.5501306324314
-474.0758439239721,475.3665257992466,515.5270760624136
-487.1261661693852,633.7420803518224,1013.4022260200755
-463.71956912540327,564.7532952415685,975.470195450652
-480.91814212395593,739.778232776288,1316.7477594512086
-466.1872801347822,582.1352659389565,1170.880171257741
-424.5299483887452,686.1278617521943,1252.1187859937124
-520.8248849799616,610.7143239289339,624.5490319940843
-487.61867023028844,583.1518346958034,977.9005966833089
-528.475073405279,575.8393466735802,670.6677523549165
-492.24804621281737,623.2215522199344,1292.3561283908105
-528.1887555499002,706.5888197352674,1321.758376911666
-489.34849090153784,605.1213104004802,829.3034876740758
-540.7728226425681,598.1246511563558,940.7961860304291
-467.85411499480097,582.6022693337444,1074.9614831681413
-487.6863214035275,581.981811737407,1237.357
-484.3226512634242,502.8378941616207,899.9101619692264
-562.0114926053848,635.2959260050902,778.6973130648628
-541.7949272684755,584.7492280363615,670.1909675625453
-537.8331934582989,584.360239598549,595.4343194309733
-500.60785688415126,533.2802052437039,841.0998569511745
-495.6208569225373,600.3574390185622,1412.041616474847
662.8965396756721,602.2812373923402,-775.0529872689331
-485.90816560791154,447.70827364801204,734.4136407277165
-537.7549831575432,614.8360247072937,591.0899842810367
-487.68085570491985,581.9683376544433,1015.431000000001
-501.8872260541293,636.551920221571,1072.6325699857457
-470.59843818294075,581.6001823403317,959.768583050803
-487.2177026017953,591.7266723691654,1140.0862278545637
-554.6692599812641,588.7624743118926,743.9732026211245
-562.813551783222,701.9970310006422,495.18561349493325
-487.6916442927286,581.9811630917383,948.9424
-607.3795732424478,837.1218571020063,624.7624356056599
-487.7034827479233,581.9821998886149,969.2626
-487.6699320496191,581.9693073267988,1100.275
-536.3610821266948,532.9337587255998,710.8322746954643
-664.0307116759213,677.3450950930869,735.5909412367042
-498.3523340637589,427.47239518401875,845.1329576188117
-467.16054847793157,674.682128655482,1548.5570887543274
-546.2018605589137,656.2380496608309,770.7520382348872
-536.7481479004787,536.0507903137056,1139.7694027637365
-522.1787866368941,582.5357037084538,851.2826230417685
-518.9255922394987,574.2934519954329,862.0751191814593
-477.2459435543383,581.1640573509387,1128.146728675117
-495.7382300000304,587.5244923835232,929.9823860089275
-537.5276659520548,580.7845576409748,1367.5000335244429
-478.37068097043266,487.61757555378847,711.3258003821743
-487.67262641071693,581.9607591540075,873.6641999999999
-517.7641978721208,580.20451235428,440.5941010878296
-498.24228678571853,591.687650127503,706.2638953388978
-488.9528435950815,628.8826200531742,936.7894073150155
-555.327641388779,637.5504357972297,748.8484845627041
-498.493223947562,611.015496596262,1139.9647558144163
-460.32681638466477,468.19507775567354,950.6075889323388
-467.8761702423408,602.1623269496513,985.187651116499
-484.5158281575639,547.4742508917532,812.1441217281442
-483.544518482277,532.9460138192729,916.5951410474163
-487.6615598169283,582.0000526809058,865.1964
-484.33028814950603,549.7394524354004,1018.6237080868987
-512.3098649244721,583.4218529931937,893.1926644650032
684.0070807723569,602.650440103499,-775.4890354854087
-544.9617819105374,585.7035913676178,827.8716955421887
-488.98727388926545,630.0769895228952,979.700537432862
-487.9302649604217,518.2269164121485,928.2337236164509
-555.2920795492805,586.3966420364702,1080.0005538095588
-487.20303096695807,606.8550192324617,1144.4084098246303
-497.6875145834392,436.96122998986107,747.1392071698326
-495.11447268537177,734.1848913339177,1268.3426559108304
-522.4769768415813,673.9527518528143,946.7396555677003
-524.8831533018147,584.1756211166945,1018.4669864751004
-487.65922037079804,581.9776075227378,997.45184
-485.3358203420544,625.4688856340232,906.0872508023838
-456.8742042321319,578.4074404453218,973.667818217967
-502.6524361620973,607.8765926847759,1394.5342612564036
-487.6931646307685,590.4088309184912,959.8944151259346
-451.9445492343564,599.1059226505204,976.4967670178704
-537.136585864479,584.3361053449173,576.6246420094232
-501.1935059187688,577.5286421084961,1219.8597877911673
-532.2476318887147,694.7958120417262,1019.6276365978308
-586.7017847480251,594.3497783044909,609.8819595509088
805.7271628112394,613.3640907590946,-859.1425050550388
-561.7900678610208,642.8487431691049,892.0797285977148
-574.8467969154153,691.7189502363697,969.6165516943728
-489.2062701385912,687.8069363715774,1100.5123680121603
-533.9998107356457,630.1095954032227,954.5248069277383
-550.0914842321283,611.9353744006548,950.4913928550327
-487.67183221401865,581.968156134572,847.807
-487.503746252185,541.5653682817169,869.40087256783
-467.84667248066444,590.9817674064193,1160.5666346956502
-505.6864395474022,605.2528117237798,814.5839023855843
-492.0411033999412,482.3420831396454,1195.0249322181303
-487.68644046226336,581.9734252429118,884.3696
-486.52969626457843,564.470748435054,546.9479469672293
-487.66135550243916,581.9843326684888,1286.2386
-486.1458567253976,522.0270602195682,833.8015405969295
-561.1566830786135,682.6993296464236,1139.6281044013467
-514.3556274529346,484.7397808427977,1138.2402750711747
-490.98269459667085,454.96179921404297,742.991637500822
-500.28479195596515,495.49990932139417,642.8503677781281
-529.1502929282165,686.9886020321452,897.1105893531226
-481.7757340590683,560.5205024567276,606.1994538991162
-551.7759207393583,583.4528777542041,583.0941913853711
-495.78682908891324,427.78565261209155,687.304216169221
-487.2155486343636,591.8272150449549,1159.4273246369569
-487.50164074510167,542.0455384977604,850.2242114825704
-480.9352258034178,623.9084954978005,1014.7187483264831
-488.3797161904122,502.6391111842279,647.0008446199133
-532.868765461787,692.2257371214032,1486.8810929246022
-487.65068423176353,581.9823800060674,912.7201600000008
-661.7066514218009,676.0915205349606,716.0185805123215
-521.8842739715469,582.1578841630054,873.099238225211
-505.30291330635964,579.3881580580128,1030.9991601660658
-494.5391114210074,584.7504914930475,644.5258580198885
-485.2672858159558,684.4670745260441,1197.3050706290344
-510.7761403722084,583.3463262901495,791.9029050655231
-499.16679059033777,740.2673445060259,1916.188546100183
-541.8771446434703,650.7448369373162,658.2300935621539
-488.18690061897587,569.6155074056459,453.22722360432334
-520.9370834790266,573.7953788946427,965.5209290427009
-526.0821010108684,607.0342809774123,1205.3080729978242
-612.8145735672492,848.7030689505996,687.1928917484768
-484.42002415140064,550.5816356005757,972.3188850457601
-609.3011215920512,595.076955922958,236.48816137048394
-500.84200737151275,577.6378668010725,1169.1206201523655
-548.4456800462572,701.2424391084239,1302.0852346208994
-520.3390304847492,548.2242522322751,988.2193933117906
-525.7143486877826,606.7900736611476,1185.9726059366967
-445.6646980293608,484.50758852255683,940.1717721667252
-539.9210739283058,584.4799505685342,651.8633415259544
-487.67414600735856,581.9739125203937,925.9110000000001
-466.39347497946255,582.1357984802121,1152.989507663401
-446.75930647833,504.6841208923487,1166.494084555471
-487.66826551314466,581.9657066546301,934.9718000000006
-483.95705590276566,763.6420647729572,1244.9070090775626
-484.0071196766221,530.3707898448133,1054.9938203918944
-504.4986140761737,579.4833880514016,948.6070165631941
-487.4652538050095,575.0146125946019,666.682648176875
-464.5353619610181,485.66845250433335,688.9413843493805
-483.8624664026131,681.6628698754041,1133.0124900563371
-514.9690925784193,588.6275856673715,715.6280479529535
-484.45805465548665,699.6222336715587,1214.9967462868326
-500.92592189526954,539.4310669370216,973.9651960734404
-489.3768586022193,605.4143472666684,849.3708914748626
-487.6744528371978,581.6691176625359,762.4046821796026
-635.2234092166925,583.7581530232333,675.3584669687928
-486.0484648357492,518.254327186822,933.2938134433925
-495.344702563169,436.19208988882895,608.868447433302
-541.9025040202337,675.7878133591107,859.9653703541294
-447.84582006135315,526.1514507129525,936.3300580168291
-534.6917349710388,596.2687766717298,746.978044572588
-487.6728538907214,581.9756408046221,1054.6151
-479.46798409557596,619.6328533715475,997.9480513990363
-484.47483646279034,698.2667737876859,1192.271566349274
-556.3970091148103,588.9353831696454,782.3289477906262
-514.7776587628955,711.1917631674162,1108.7615621835876
-507.9223320843562,643.0801590424708,688.2897266135203
-487.6531469950528,581.9737969479261,850.5354000000001
-470.6239955263786,636.1660630540282,1566.2706810360828
-459.50387864609684,626.0682884570984,1183.6303600820397
-487.75357988869837,574.9071361379858,658.812305146707
-503.8670002175877,848.7375791887209,1738.0693450017402
-489.9483238177943,620.7920414326072,1066.1947701749687
-576.9909887002113,694.4430533630966,1012.1337070606858
-471.46334235589234,454.92074455231295,758.8230472713923
-470.7649122204232,558.8431465001299,1068.8905138648545
-488.6750192220479,554.2032237324574,646.8813862808024
-525.5352031186717,684.9669724508396,1091.5441459127192
-502.07075087040107,581.9506669478567,1082.2731660990482
-295.4681345511258,668.8529999939549,1940.0686661985656
-500.9030756046227,532.2000757665307,876.6653998304959
-487.6720404103103,590.3275505496755,939.9857913079321
-504.5467378019971,663.8514533616672,810.6093008377678
-442.6247974824096,580.07041736309,1445.4599649139977
-539.847639445275,529.435824305473,815.0597018237802
-493.8683204812653,580.0568244888768,710.1466889109421
-488.52594379146603,623.3585410336461,942.0697340058454
-525.0416466769777,675.7386104440907,740.1393244864129
-487.67787077055664,581.9673700727062,914.4646
-511.71391771285334,529.8270375219283,968.9583098530693
-500.5438647160038,556.065249214121,802.3498383226561
-487.9542905603589,513.7513448092398,1046.1737262239342
-492.2164261703797,622.9090628003339,1276.8736412682674
-427.04006290768893,681.9897722922519,1172.8886835692572
-519.4082542185611,640.6025240118433,762.9664098215044
-512.8986977682507,702.1981842959492,979.3453086236893
-485.62771322344815,682.7900140766226,997.7173612697222
-487.44088306860203,562.45583708072,680.469270614774
-558.850809390078,595.3970345102048,354.5804759995709
-487.66182008732244,581.6555026622855,852.9078830283277
-556.0602818736677,675.7260939147754,1008.724730079854
-484.3624885686204,642.8378356736772,1137.5809399100006
-438.7083655556992,558.9254929608551,898.0007490128374
744.9060910818389,611.90039576808,-854.0914385147007
-496.35944765379145,582.5187910957673,873.8512097600079
-499.99064881623303,495.9366363731804,651.5628046665873
-502.0983786316838,613.7968924347024,1228.8086177527439
-480.95639401159315,738.5275621708809,1300.2175738225628
-469.78381147244477,557.5214390490364,1173.1564355312817
-528.9258755895671,587.3897568284207,494.92270258856166
-487.6755979678919,581.9524490130489,851.5132
-487.8295291970594,543.6340538654354,679.104292237091
-487.6565449473014,581.9919471719513,578.0574
-480.30261683001663,581.5422542054478,775.267288441465
-526.6721426289055,534.0526281579523,751.0719599120241
-514.2180992907056,584.64983659289,363.8545472913486
-488.4936453521359,622.375214406032,901.4334808540383
-487.67642673360206,581.9699672215332,838.5272
-485.873469884089,663.2754639639975,1092.1163987683065
-487.6580761506116,581.9762577557668,975.7471400000009
-545.7459449084561,609.8541229072289,832.0463427288472
-488.6586008775412,474.2156205650728,1107.7713607345718
-524.836414416855,579.1429080119078,1065.0956573545277
-505.2017050352197,604.6238040853286,772.4771569211136
-607.2170161455444,594.8480045131951,219.64674247636228
-511.79996487733365,564.2227299666907,541.7036424989351
-652.4255834826167,671.0627207375069,637.7284224339253
-486.04928788447205,559.3675522192361,1395.490334945835
-489.2985516204503,520.2376355657127,1198.7461013437633
-475.90849057607215,556.2983055423115,1044.079083318506
-487.67726989305265,581.9687060526607,807.957
-543.0100952886762,618.3133557261178,732.3569299616445
-563.007536174809,590.6951204873503,444.12479398241373
-495.2417944524568,609.4573640131764,1083.3258610091225
-465.60692016692565,582.1335683486641,1224.5525041913695
-422.5855002435869,496.0699227668947,1009.9638972101181
-487.98139680654367,565.1057527984282,1027.2539259042037
-485.9599709390859,566.0178046283281,1097.0062195640176
-487.6710141319045,581.9645668712063,1107.721
-486.8989698337482,613.2911092304591,1010.9132774548996
-487.6587004245812,581.9856668941432,1265.6032
-487.67946267424395,581.9686666527957,819.540000000001
-548.3599553782842,528.0439665218416,637.7478570253261
-502.5173512328454,607.6279067706787,1374.4418840538835
-544.8565394285902,704.4313132441449,1191.8560931827458
-549.861080633098,586.0235417448542,963.3515612199076
-487.6753636907679,581.9783784116839,1184.8135
-499.726611111538,543.3224364064517,816.1528986072359
-515.7124745369474,584.0522339209707,836.355923822711
-487.96734056341893,566.5484831176074,874.5096403137219
-486.05139701761163,637.0273423325818,1055.3652072151485
-499.66888204025963,583.152778681881,1502.3115090923911
-487.674044399545,581.9801744795383,947.0716
-500.9089447726949,489.5454018569166,755.7365634112705
-502.58673664772004,739.2834030609372,1225.325359532538
-443.5678844468739,479.6703105424699,1024.045437401265
-487.6901367987052,581.9532076447808,993.1414
-481.13173202932876,706.6392145940608,1189.9683297112829
-476.5900797834395,521.1981256613658,949.8133632001511
-545.6402478386931,600.7324310669801,646.1087947188819
-462.31673698546774,545.5889220585478,1012.7265984775156
-575.9108510427723,693.0840284409344,990.8753243311918
-249.85876846934434,506.69127614642616,1207.4436269085918
-520.6023392875964,625.2839231947123,495.91846544153344
-494.4085475137076,652.56175018461,969.7900199313984
-494.2564009292803,579.9553026713843,800.8074976412297
-487.6889582020058,581.967296093153,893.6894
-516.5672956640312,580.272286362642,393.575259746635
-488.4692550321938,545.3647935902618,853.8974134655107
-541.5184383250846,617.3040327581698,691.9950434221762
-487.78179840671896,587.5445073602596,822.5120746012657
-491.58803334440927,431.6343537164068,1017.4459044086906
-487.68299662297386,581.9702063179989,815.8542
-534.4640952982902,630.61856294749,972.2639717608729
-487.6719545337446,581.9657880424984,794.6514
-486.157790898013,615.4595542443669,1071.6884125404686
-487.7725755363392,587.6106716535714,843.652915953919
-517.5603005961057,584.1799674443827,940.2066985973108
-531.6431141924791,595.3559503519067,650.0690772330216
-483.48877587459765,532.2784826401661,939.4320527754462
-487.6728985679638,581.9751484206499,841.282
-487.6725435595406,581.967234632024,740.2964
-532.9600533308717,636.299992114497,867.4689788337951
-529.1518378455817,575.7086218359632,693.9717153229956
-485.41639531368946,624.1280290068504,855.1671715316854
-528.9847254496763,582.4787259776854,625.1261891950948
-537.5766893905486,598.1163606140162,451.59532500771854
-488.7899182830115,558.1873906654694,888.0929965142859
-487.46604580023586,575.5438162819491,564.5597948320798
-510.9766758603703,629.552299532676,1421.5187984230927
-647.7928502541454,668.5416990999831,598.5829277110795
-487.6713553044847,581.9705083010239,882.3503999999999
-489.89896261214494,619.7840776391813,1019.5006842747246
-487.67811587128494,581.9800816257298,669.1302000000001
-443.0494269705018,478.4714173126699,1045.0147941996274
-487.7499152215287,575.5194434721016,535.4162714087951
-554.4452716706871,614.0081356331789,1068.9362621794673
-502.51544913112957,485.0680854479416,994.0665738568067
-564.0276339709667,703.9488980685301,515.327819194778
-487.66581430944734,581.9737050107912,668.482
-488.8380976610729,541.5148581367026,986.3548583983556
-511.37524575332964,583.3757425715431,832.4190249351401
-513.2076735623077,703.7022226059828,1000.914434630759
-487.41896670844335,590.6301917848928,1067.4577876577325
-487.66890030408194,581.9767436949854,1006.73236
-494.8726199429725,657.5789176460298,1091.6731255926222
-487.111436622122,634.2898810030068,1031.782259879734
-535.2917999641868,596.4559295133053,766.3600727380586
-467.91287124932796,671.3145261687567,1465.0892390045906
-503.9132032000241,669.1301614049116,1063.0440395599103
-487.6705051235758,581.6595986965231,785.0304807715197
-487.8437959998719,541.8898969013999,743.8422003090824
-533.144232307739,542.6122006454495,776.8785062585532
-428.6504015491387,543.059544158782,1065.684916055641
-500.49263151464925,577.761388120407,1118.3814701725253
-486.1647112892467,560.9370993332614,1246.4085440039235
-531.3033714422556,634.3172046110849,808.3506688767515
-532.149746472375,690.47045358884,1451.3768058885507
-483.2301511018477,557.2151424637113,762.9580768731732
-444.8311192954443,430.73602168766047,992.5879869538531
-488.9572795688762,590.9842316425111,1167.0393280745334
-485.3725580513292,624.5876695175529,872.140211148834
-487.66625385225075,581.9742867867906,1069.163
-489.74658896469464,941.9992410006532,1553.2639213080056
-439.8565874379992,413.12488503755435,1195.6224825861743
-489.26062784152987,582.8172605491341,953.7884631522052
-540.0849473052322,672.6782584496696,806.2536400278547
-487.6816523911689,581.9623881239017,1260.5546
-450.3864672341401,563.8404522811943,950.9215359564271
-452.2938659758015,564.7713086342008,863.7182746360252
-464.90784041385405,589.4583004895545,1070.8029356392633
-510.4809096763647,653.8574816725755,1040.2153502446045
-500.9560143300938,577.6182733978148,1186.0337355939369
-484.8977390043251,585.1207386118144,1448.9900062906183
-516.4954097232617,621.2516890157076,757.8157883935322
-483.7225245492939,570.7114528743109,808.0505105672217
-483.3737601662442,691.4967726006623,822.4587905138596
-516.1228582130482,620.7600363248089,738.8561488826557
-486.25688950013,568.4835311983006,807.8260811568323
-487.6715465797529,581.9782052440546,947.1892000000007
-475.2320869940504,569.0923172365702,650.2441051995215
-488.5412856968519,542.2653810497973,989.8298233985483
-487.65508870862095,581.9646135962394,864.0436000000001
-487.4729416423827,575.6361565923587,544.1351563177284
-422.68031702454164,600.0087147694921,1107.017101516042
-502.1944553918222,480.5898942598836,901.5791996708019
-488.3931303422214,500.35867330442943,687.0255130899438
-481.01870534544196,737.2522366197704,1283.6888118929153
-527.4286603350909,681.7490261450007,835.8616540576235
-517.470077279399,583.7345370950587,1237.578612101199
-485.74771579234266,676.9968048666358,897.1973181031291
-558.6207327824177,586.6193137410389,1170.1617412800101
-485.92999454631126,661.5534074958236,1053.2015515023197
-530.4573213936792,544.9318318794537,686.4853644658991
-504.91589416618626,866.2199972744918,1901.1179908884278
-487.7459670309231,579.3212332738894,1269.7071920709884
-509.742408364179,472.89291810783516,884.7228554731976
-487.7469936276084,579.4367866286425,1183.384795157875
-469.5336527236045,639.6400977298395,1714.8607328135915
-475.0925383976146,581.3453639955986,932.3376822605233
-511.17554023510684,730.2109716472714,881.2665160114453
-487.687893170556,581.9696975532062,972.54044
-491.91704767531337,696.0014421353735,1345.017159815801
-487.82844911859866,544.2046785291184,657.5246277017413
-487.95954694817965,567.8427847210633,830.4892854251972
-551.2157852073678,578.9292705990042,812.9937673123568
-488.3969612395035,588.4752914475237,723.1427058481952
-523.5592851717217,579.2316957745338,1002.2262601025598
-517.1671272367005,580.2396120851372,417.0846338719598
-488.54383385606343,624.3534025415313,982.7056885424242
-503.1405441787483,499.5600518596473,336.6017436193991
-650.1113464792898,669.8092246618553,618.1550537128518
-484.654291861767,550.0850309211905,1133.2813084906543
-483.82276109127974,769.8344605485397,1312.988154370229
-513.1535680347561,526.6956423355227,1071.7448252121608
-539.2778750518557,635.6211175357358,1149.653883353717
-504.47369410423744,492.48985613466925,429.9964483448193
-487.73791761776874,575.1439105753117,818.5161115859396
-570.5932147578292,641.4470239590642,955.4831417948582
-540.282571847855,584.6845525929302,630.5202348882933
-479.0258653278702,494.2381658184512,608.7701590697937
-657.0725655035067,673.5782559556128,676.8727774264745
-485.2503692072337,584.7173480784561,1177.971246260393
-483.82306804155473,682.8692834439676,1155.6454913464302
-469.07943917686134,590.431944621323,1043.7835645444163
-487.67423303920395,581.979044746726,904.8998
1304.0170580055237,623.0998777849829,-806.4819398548298
-488.1212582185451,589.9578766292555,934.6192793322235
-557.2530702768108,631.862217693498,680.4830625942308
-487.6772473739634,581.9745531135577,806.7782000000001
-566.9558703792791,591.1580652306845,506.9001135138828
-506.9133246296965,610.3049959556223,880.4474015241312
-503.4744668272342,701.1869013146556,1171.064828386195
-536.3518578464402,580.8119151542871,1317.1385802919156
-487.66190911936246,581.9839244991249,718.2368
-553.3591755599537,594.372040680405,269.281279909594
-487.3990973484306,492.1237277594148,777.5579572541901
-487.1310760946119,632.6648498555504,976.6415853794418
-464.2390480297013,501.5664064475293,1530.6203513300145
-489.19269944475127,524.1480269907133,1075.2625530573746
-523.8919114531495,613.3761793463884,751.7945311544363
-495.5281937598743,587.3822986487046,888.2856566075694
-487.6796820542136,581.9770552196075,828.9736800000001
-539.1308134070036,530.1523570247818,794.2152706417461
-548.607897432023,579.0544273207825,748.8899114245878
-470.0801803289005,637.9096841464293,1640.5654894972101
-487.77241912373097,587.3891138538904,780.2305003926338
-488.97627844459976,591.0883895371285,1186.3454933806756
-494.32939660424336,512.251188192532,1034.7074314797087
-486.0729360255141,635.7911482752847,1014.665477687753
-498.10954115208324,591.5574175134564,687.162089080846
-521.0977741847612,562.1561830620351,687.1324064845415
-511.9949537766529,583.4057132968377,872.9348357923878
-494.6579913619262,725.1761875313298,1148.7311702312427
-499.8334281475336,497.2016906017074,630.7267647493509
-486.9574186895434,611.0236963884975,883.412145265994
-542.5112798066434,676.844808234951,877.8683826112907
-518.4988090881484,638.8907962558474,718.9295995418888
-489.8102895813349,618.2905896306729,949.45901392041
-461.7445861897795,544.7628982110774,1052.3158323581345
-469.59051960556417,557.2601361017314,1194.0097044413744
-477.1486468954854,602.9085471302171,1270.6130878517472
-507.5854777333129,611.2468710224763,935.1771732864897
-486.0008428161443,516.754507941779,973.0911065372579
-513.8093967821101,486.72143883503895,1099.7435077234782
-536.7406464105993,580.8025524354334,1333.9257847764072
-483.3592422055251,569.6897240452126,949.9613278312236
-471.7135800258111,456.97249475618946,734.4940362891022
-483.29988648265453,693.1338322443323,845.7868428933243
-541.9414346070707,601.5514686737849,554.992040898977
-488.27214283896114,591.4706493286278,1157.859642164016
-489.20180633333507,686.7225608837703,1081.530359489449
-485.0077980212891,615.1593172621631,713.8260972718814
-487.5194734594436,542.5210083919976,831.0474192336674
-487.68425121998484,581.9682603575487,709.15092
-538.9486424556717,533.9974078059422,1223.5859196710924
-484.9094690203822,555.208458474785,717.6422497983717
-485.9974664711217,616.5538058244156,1038.1870942123635
-520.408219508402,583.9128793771857,805.3282499347115
-494.8478701649715,586.8915032271293,742.3467917691764
-532.6823630281654,736.4008661603716,1517.8503689653428
-486.91861558451933,551.0721820307483,931.4966657667195
-488.10721422729284,589.5603313729998,850.3440643407517
-481.1315337146393,734.7325071923838,1250.6295461650275
-487.67396182845664,581.9695706552197,613.6651999999999
-487.67920882102044,590.0294545379683,880.2601866116986
-545.3105777659027,493.66507955988413,880.801213513362
-478.24841784539876,726.3999289640097,1143.596524171184
-487.63457907108796,572.957674436649,1027.2658831373585
-488.54369379942773,600.7260678057787,1395.9397809059453
-568.8876458640605,711.6970795464588,595.9022108094007
-561.6075221271606,595.9224902246278,397.22917967645265
-529.2534558147418,530.8785612550801,850.6240533672277
-487.0148670427743,585.8206736729089,1240.5756573186063
-466.0383431458358,489.09528023892466,923.4134857154435
-494.75606692375914,596.736473402286,745.660304733406
-498.63615383747265,732.7339467922209,1789.4447452488807
-487.6686909313851,581.9744181511385,838.9440000000001
-515.3660947770027,588.7458834662689,737.5211382181672
-510.09599907956317,627.7858549157263,1340.2529588942866
-484.99402678110164,585.0184439594348,1386.4472481813268
-519.9417001101283,667.3163640532707,824.1166046344649
-491.7815234418772,488.2805136412127,1078.9057001276715
-487.68170657790006,581.975137176334,788.032
-486.9612456943223,610.6392451314716,862.1620944920845
-483.8512045108612,768.2939167665261,1295.9673847502993
-544.4962173430699,654.0463787892779,725.7420615839686
-487.6776048474935,589.932917368979,860.3516378116308
-467.565889705927,512.9495607579275,701.0963489343471
-487.09289768925123,635.3686255161743,1068.542849005398
-488.731796965194,559.6006051989625,790.8928413018774
-487.4208340990035,561.0918954231967,780.7293200028016
-545.1112552171815,607.991405470451,727.7646760185256
-487.68299201820014,581.9963501004377,1254.8715
-534.4600621844629,585.0274945410805,654.480488314098
-659.3888331067587,674.8284182571467,696.4461306277442
-481.38925667179956,621.1247693796938,897.8541512714617
-485.1957140614659,647.4197948809439,1098.9840143794509
-456.54903192557003,578.3638655198201,992.0877118019569
-465.1589887534451,589.3740109580991,1051.9836233928813
-510.30183175794673,724.5353866246987,818.9229436022282
-487.68920003376707,581.9699273558242,1008.1986800000009
-488.6573870406387,475.5230573922876,1085.315206486985
-526.4550836051981,607.2904849645209,1224.6432988055321
-485.71610567078096,553.9290558613586,1113.8328750873159
-519.3287664287009,574.1938433505788,882.7642632343966
-507.56958779740626,542.6133956034587,648.4385440070151
-487.74453022652096,579.579427590259,1075.4817961654726
-487.6716166740907,581.986448988448,956.015
-487.66694487046743,581.9800023132705,994.521000000001
-541.6840883441889,522.8219465838711,888.3996263847852
-487.67161096490304,581.9780289824294,1091.488
-487.6887677627715,581.9662555638131,1012.0310000000001
-558.2587318295709,678.6997439907839,1064.8265053347807
-483.5571899378897,542.674290061163,976.2217506662728
-495.30362267825285,599.604775890888,1322.8031151100136
-495.4350099896228,587.312839716159,867.437223937346
-466.6059708144048,582.116399172902,1135.0989017125241
-487.43184022584705,572.5089513385556,714.2513729110924
-555.5287999618472,588.8415100382877,763.15130366991
-557.2536131616116,589.0185948579699,801.5071610397559
-450.66796191189724,530.1345762986195,816.3594723633499
-494.71997522020865,581.1321143997307,1141.036086140547
-487.21815219000973,605.6524291056958,1052.8476250183007
-487.6770515990038,581.9782652304893,955.0120000000001
-510.7563874649529,629.1096371467554,1401.2023669651203
-489.5325014295943,582.3117961016815,1242.017016529453
-487.6302174575835,583.1002639001193,919.0019642877269
-518.1982686257031,563.8830077967043,562.2844592464953
-488.87964218666843,590.4379960693177,1051.2018987215754
-438.09893463368735,558.6411527502933,918.3664122844814
-485.67493202863534,667.1557315338823,946.8725435817787
-501.63159035765557,641.9543845507803,1158.638914916607
-483.7604524631747,649.549279877448,1219.0597320557558
-247.7047529976876,506.00596210773506,1225.2048308914416
-423.9022445541632,687.1438719384635,1271.9275799165066
-523.9017249225353,565.2125429912992,958.4990824478313
-487.6533839030594,581.9785956100159,1063.059
-507.59404359615814,572.6289183285594,804.549036805842
-462.789526736708,478.38159161753447,797.9686500699781
-521.845727041516,579.3505303417078,918.4006170794455
-487.46794751403377,575.4358353312846,584.9843548964312
-480.69936068644165,581.5663943234317,689.8152034705591
-539.259210742053,615.8352040200521,631.4516974085584
-503.6556578082482,750.37377114883,1364.7138823256303
-560.3583469362184,590.3947913814984,402.275484298019
-487.425069322077,560.8089009307135,800.7811391804338
-549.1058207080187,690.032646370124,1129.765016292558
-549.7430795517071,691.1926755443114,1149.695217379844
-483.83950459732114,545.4488204870922,854.4038186348507
-525.5066976872051,676.9386432911165,759.2841887175681
-487.6698975944,581.973368414458,985.2354
-545.4489955227637,553.9706732590482,113.44336772861658
-614.6202785707524,852.5646421028891,708.0032410992984
-429.9961822355699,543.9659711036306,1023.772201336621
-487.3756226219143,588.670771143703,459.22489304064703
-483.6175858090992,533.623292609438,893.7585824588108
-487.50380788734674,541.0822557982249,888.5774506396339
-515.0924586411757,712.6970163671783,1130.330529292654
-487.9945220740001,605.1628460444033,901.7533091865691
-543.5685983368135,691.6904849258478,1137.450365915806
-514.3002848026294,524.2082389237466,1153.9745809915655
-509.9902579364734,652.2772633987037,1001.1357500175639
-483.59429846801345,543.1368382395731,955.9187373353201
-486.7583296623293,642.7180605414826,1125.4765155672512
-538.8897485892765,670.5908127109406,770.4459577414876
-534.4968767139637,541.4348016459137,822.0742140244303
-537.1326140700874,597.0088978152297,824.5050813077377
