X,Y,Z
-483.9128396477954,581.6792633301195,1071.6265468975619
-501.6821788761781,610.2754361546906,1104.0831243056923
-530.347976229757,630.2623355261806,624.8601745261797
-539.6332641441427,588.4829382339177,626.8779770311259
-547.4915276046402,599.7933531621195,537.7272120211451
-492.5647340946491,525.5318880392136,754.2346023860039
-496.1052451246296,948.7874063259808,1593.339014430138
-500.2835233634132,648.0698828054037,847.8509946995741
-494.01080081461714,582.4800972351691,848.1956
-494.02021842685554,582.4797616180756,794.6298
-490.77685484109634,506.22301548557044,839.748124689093
-525.0326264477239,564.0872603591804,582.9313629151205
-495.9029274702557,911.1340993593619,1352.309692784031
-523.2259787116054,560.9940036047755,813.4121833583631
-494.87679867280895,543.7942067698939,944.5287723937276
-510.0981537429677,668.6960309422375,1043.4029272358136
-524.197757574085,662.2930221880606,721.7570214364154
-452.19942249837277,503.50236447091913,1208.3801564469427
-494.02106906150834,582.4718572903021,655.8756
-485.0824653276868,500.87301766889436,957.2548666748298
-493.95791324422316,583.6308411160541,938.6346700346752
-258.27187482917225,507.85184484038814,1190.2888704528755
-551.3317791654731,699.7054279955972,944.1293175300193
-490.5515228469267,533.5737213939137,960.2592158186987
-493.53344579362783,592.8354920776211,1256.1317723633526
-490.84545823451754,622.3104776624687,1006.8793055173297
-492.8999293945635,565.2586261288659,525.7595058144302
-527.5600519646819,584.4625803779248,843.9599501768837
-494.79262441973333,599.2707342968797,1171.7527076076285
-500.34774839278543,585.0536227998273,537.5422955941965
-490.14265104595097,649.4036894758956,1199.814138847032
-480.6751572461462,477.92423345177303,491.3322979439819
-512.8403075647752,610.1826399445353,843.8770010435186
-508.7247380217932,582.3550537754177,716.8401541930044
-494.37792372628724,559.0353013517097,549.0272895094321
-562.6239323877548,631.6804688479729,660.5379706575418
-494.00790201314976,582.4923397927362,642.912
-490.3358839147793,762.6084799724006,1227.8626662927281
-494.01662764598836,582.4811231338842,914.8220000000006
-474.60667315835235,591.3074652097207,1121.697624529691
-490.1396334003025,771.9091489271175,1329.9836295022683
-493.8247964735283,602.6646113538777,935.3000430491386
-512.7692442385214,538.5413637357663,433.4377304790119
-494.0289097390373,582.4744114126044,1066.39312
-494.0173059137401,582.4656634843388,995.2264
-528.0804490275832,574.1125221602119,1006.7723687012641
-476.7896993256304,637.2614216650165,1591.0921109649253
-555.5277570981925,527.8286756322134,656.1786681404313
-542.0185677528066,534.1338023950855,689.8310850071236
-494.00825228308895,582.4789339936585,1087.3996000000002
1850.3276309941793,748.868709455594,-849.851296746634
-492.8621244664039,564.687646094269,568.1667193256094
-522.9911998593993,635.9912071385543,630.7009703842535
-458.14375519954774,565.0427079388953,885.7012194032651
-497.5818126079919,446.1277236918052,852.7983247056386
-490.3557978583399,761.0645560435512,1210.8420985772989
-494.24592479764124,573.1949910116527,1074.1041184661944
-490.41070846274306,531.5387601818497,1031.336874433341
-508.388643849024,637.6529474232523,1092.5298188043612
-472.6819958915785,509.18288737067303,790.8469217183258
-542.2099029324299,534.9221968740998,599.7369209108072
-535.998658723347,587.9905331693755,516.7196722724615
-550.0265916240387,697.0638653444488,905.7382475190285
-494.00789951161414,582.4814208786892,1307.983
-495.6055821124187,604.1631207929296,728.950679865024
-494.1091089333431,575.4962268180846,638.2483326249798
-468.9507557913071,546.484433413946,993.0237409762349
-494.0097979642064,582.4908395732525,969.7217600000009
-493.78825933126086,573.3049619500105,670.9859901316743
-495.69725336990473,582.7882395189195,1052.031294780876
-492.4581143887651,560.7822683537847,1310.3134186198213
-489.5260435952389,557.3558055727412,784.5525437319229
-494.00714244033315,582.4767268434699,933.4554
-497.50059134768753,449.2282646116334,816.2036839488146
-494.01427221628956,582.4775900053431,878.9476
-494.7886289374319,496.3248045495484,767.0998521775688
-507.95278104026556,582.4654746507499,1024.7252011394849
-538.1756905291884,528.2151581706037,950.0296421039075
-476.0741228816587,582.0968476304586,1044.7055238164528
-516.9318562770136,726.9398588923816,839.5619784671771
-484.816212033581,589.7595796034959,890.842153864587
-508.31397266907106,489.2173148830876,928.4117981310333
-514.5192098705918,572.8678330667149,849.627725911114
-492.3845353830611,638.14986232264,1075.702210504658
-494.02766358734857,582.4928049313462,1272.386
-495.0466786300426,553.8033617570529,692.3908553896179
-495.1913359746336,549.5895976663767,925.0330552483099
-468.42923108015,475.94214306084405,841.7236746351845
-493.80157986852896,575.4314002382739,687.1108486383753
-491.9055151854177,672.5901742048825,1045.128435519946
-494.02159061254224,582.4757304887627,1167.7996
-494.8263634225045,621.8894564777818,860.7805073632471
-494.0226560131496,582.4919504189313,858.1650000000001
-552.6931462228722,586.3006285816949,866.3617929548764
-545.7854221360412,713.5062154020674,1305.3105514983977
-504.74830392703507,592.3105740097312,725.3162648478764
885.3115273694148,593.3829116357035,-760.2652372781722
-449.5151645229221,425.34020877319585,1060.500025533077
-514.5824533098487,534.3168195796693,547.6611853171178
-492.5039816904168,568.2558061753521,896.8187473144895
-506.244171048151,543.2613515120725,838.669802344958
-489.58471566100525,695.2766196850346,869.0980921467047
-542.2520738622413,583.0737556026488,855.951297691251
-494.00812442307347,582.128835814437,1011.2886727392707
-448.9602210121725,423.37776763324155,1083.0587751547082
-492.58395582011553,526.2829829729673,734.3360014632442
-494.32143447316685,567.9568870228809,873.6414931802381
-508.4958093154469,536.0364630505755,1131.7496783683023
-494.25465304184445,558.5200389158695,824.2401572593714
-494.02388572120867,582.4814429538965,1016.50626
-483.4001965919224,581.6387965300752,1165.8746889268068
-285.45824935111114,676.774749847081,2168.6636986695485
-495.29700486123147,591.4208573819569,1147.7256241601594
-475.39431781550184,583.066261825798,965.2209752882006
-494.00799755619505,582.4840623889497,1067.9788000000008
-549.2890180848931,601.1237617326648,551.4202491364947
847.8784766821318,605.9759660660259,-773.3768194112272
-482.75651835078884,557.959784965065,964.6712836721107
-505.1009124047773,734.7450917071315,1814.7447701653475
-515.2028059709783,646.4779441033352,756.0382607145776
-561.0608019052515,595.1280738817295,290.17603722677484
-491.50255284944024,585.3373338077188,1261.3692786368097
-500.31680535735404,580.5311410778859,732.7779509021645
-494.6034183633344,591.6831746661812,1098.3002293537993
-483.80554128869744,591.9002031649256,1264.0358311200082
-527.9198981983302,562.3792229551725,707.7799007505372
-494.02792758473333,582.4814940386898,840.4880000000011
-476.2370618820746,639.0001506047483,1665.3869885356662
-506.7565508822131,647.5593361817765,971.1102169874981
-494.01365006459037,582.4735232219161,713.37
-495.2501316681346,547.5090991405093,1031.8263424828745
-560.4091842489881,523.4812812129811,768.1555671098871
-523.3365274382932,589.6432743107393,824.9550789756346
-494.03275452552316,582.4732964758219,1008.1068
-495.6785082653146,605.3323602907482,809.2203903470744
-529.4066331361623,583.0507132209892,892.2970941230013
-492.28246765651147,618.3100773629626,1102.282039211172
-482.29606763786205,581.891969160777,816.6213719939218
-495.27134998748124,591.3252728739931,1128.419419075973
-494.6449285477929,567.3443518856496,725.525574194372
-526.2311336078815,583.8646983474558,1160.2432682582782
-494.01271403924056,582.47545765771,1151.0692000000001
-493.99736968372963,582.4864376568778,763.0210000000001
-495.8600152203469,583.43352423843,1220.539677676083
-492.7973052312743,563.5370459711517,652.981014343223
-508.57956420204687,607.6376492686213,1334.205024342749
-494.02580444496607,582.4777601713922,1025.843
-507.4170793184445,578.0924054580878,1202.9044298662277
-527.9824725444735,672.2350623213938,905.6927493229816
-514.3537337914618,482.05199777857274,754.6954417796943
825.9829204314719,614.5061149024343,-861.3838204119238
-494.0983740454153,575.7150593566989,597.1163953650042
-479.7444144426833,540.2782502909622,503.60962471844084
-544.8401439429895,557.8390369265187,9.375760921894539
-490.0225635615375,651.3899430171145,1257.5334089039673
-505.8706341472125,582.7040692752813,1025.091931092594
-546.799631287023,600.2779992923203,492.6710931896696
-494.17971564766685,542.9763293627941,722.2792402199511
-493.5246859681397,643.6382984573952,1114.9973002069796
-494.0358756275755,582.465034991819,912.211
-494.3028602967372,567.4780592717283,830.8743323850592
-492.3408701748958,558.2331774712341,860.1839670333407
-498.69009807024077,624.6656680244296,1338.7812299411314
-516.3223907564479,589.8888010110741,860.1652904501335
-495.2376004818884,591.0561202965628,1070.5006799567486
-494.0081982536926,582.475483528051,854.3726000000006
-493.7370474766212,589.0662003319549,440.3580059069322
-516.0160259007373,627.391317660645,1299.538618477633
-560.0496318665405,584.0073360069966,622.8148445910987
1205.405554319981,621.4730557377618,-803.7072015291214
-492.6522525508233,561.5359399427036,801.4062034940505
-522.0335677617766,553.534197354292,740.6220214379981
1367.665737878826,615.148784505501,-805.3731809167857
-493.58233603843337,637.1975468385199,918.7365355436896
-493.796600680987,590.5104482083791,935.8713354325745
-497.4039701951999,452.33773021754195,779.6097481308354
-487.21776465899575,712.1276545922146,1267.4453872458553
-539.2080901821512,596.2229513005526,688.6495248340773
-492.49294369743984,467.67019114103795,518.9592129524823
-501.5648567698754,580.146708218716,1027.425560963949
-495.0689729703654,517.3242529559934,984.8052422447714
-494.0159861055413,582.4882052841846,809.00322
-493.7157671963205,589.2937174336328,478.0897201983979
-503.3696962155577,607.6005350673945,883.9008911704743
-498.0582734282443,691.101999864014,1245.6508987257812
-543.526833401701,583.0957541296655,897.953663342189
-567.4140235819136,635.0881494702503,758.7516033315712
-489.09475429921895,495.66759600602677,620.4220229846829
-489.3965277018449,556.6535130513826,827.6753845498681
-495.25742999308204,547.9175630967861,1010.4675157620238
-576.8486504496182,686.8138747322237,884.2269434909225
-493.65850717074636,590.4432349193414,685.6146193455154
-599.2037475662341,595.631600899032,694.6876405250996
-494.97694570331623,477.324276088001,1062.8887249034246
-482.6265807138302,557.6777887858566,984.535054004629
-494.0227549204019,582.4795191791195,1141.211
-495.1521738406784,591.5381324926848,1132.9209070174406
-493.56009451210684,641.4845030519245,1049.5772919228525
-494.02706667832786,582.4880458692278,750.298
-494.004447153691,582.4919165275428,843.5632
-493.0920594914169,643.9473271642853,1148.0163353685773
-494.00032042203975,582.4844507186925,927.5070000000001
-502.803361835508,583.0341967819329,892.8852487018341
-262.58145855705834,509.21214167998323,1154.7660866070576
-547.0841103310943,637.6196066763138,1202.71949149784
-494.0164611796308,582.4801743686075,970.019
-539.095792258951,696.6015905993362,1039.8557404619878
-598.7284042104579,614.953412492591,652.7616012979369
-495.40580488471096,632.965614863241,1065.5011844149453
-509.78053478133006,582.3576397797483,823.995312669542
-493.43439115193496,636.9504461162884,1105.2903532700507
-569.299339544589,596.6809728721114,418.12456248259747
-496.1815322284383,509.2367413025999,874.8416954685483
-485.3837497989239,622.1028307340071,1089.585986072204
-494.5534453288765,569.664124949369,498.61347424143787
-507.5382583124624,651.4963222568102,1075.3491805384056
-494.0240968590929,582.4777647340135,966.9585199999999
-494.02193835646176,582.4855185412143,473.0164
-494.0090418210459,582.4982809981352,778.6636
-508.01821021639785,606.6810270354563,1253.8352912744288
-513.2432488039531,607.328568983356,919.7623188230209
-508.1867609088263,580.4014720702467,680.7710858422128
-547.3382529418145,623.4691350315506,896.6239345014352
-474.19266026917944,555.3873934633366,1381.763150411545
-522.579778997876,583.6957855093304,942.944256482397
-461.85704760487033,632.8496919554617,1459.3985323711386
-510.87071021706015,582.3402309332291,931.1501256456254
-494.23584708668113,572.9924708062267,1116.0493726732516
-485.21511235157186,598.3564881975345,952.1037563068058
-473.9924615269965,602.9070912957773,1004.2644948861277
-555.7913287563385,610.4638333299793,839.3020463838623
-494.0350379890506,582.4728760442512,1051.65132
-494.03223102046695,582.4787014856038,904.3810000000001
-534.1389991643427,705.9097380309368,1301.8013161209267
-495.49604942358155,526.6075798015195,1013.5304077448745
-495.7963482192213,521.869008743369,594.3069057608542
-487.5919777122949,704.6736045154794,1151.2065255644052
-493.75136506493436,495.33474859038233,731.4280731788886
-490.5664650803237,646.1759613056009,1225.4825804260236
-494.1204867481488,574.7865328427979,782.2103947885021
-451.71643595931755,433.17790055308956,970.2632588084466
-521.0260053055558,619.299054684235,662.8875257181804
-495.030233449399,473.4049240824052,1130.2573496023424
-486.0113488490133,582.0199267127125,903.4780494663673
-516.1604764274457,649.3592022088594,823.907169769487
-523.2159794707372,766.5671088356157,1275.9750771423987
-456.2261613934902,564.1290127810096,972.9044475416464
-478.988017150889,538.0478509950553,569.9605682380333
-505.25751338128566,571.8137071335542,598.7416973584512
-533.7806533008675,704.7084058234298,1281.9961626901948
-495.60169574665724,522.0532253153565,1157.5947815113777
-492.2771232297521,557.2833663455365,923.6004384551
-557.195285279902,585.7287381264082,907.9485851695816
-514.5177005879625,541.9433424613446,690.1976334563385
-491.0166350645186,614.3955905325423,1011.5968263528074
-532.6110316443865,701.1356335237626,1222.5805227647484
-502.2536281604007,612.2703748126248,731.8550624430931
-483.82035454086645,478.84730790859965,854.9750581374617
-494.0147188077581,582.4777726365403,556.4392
-507.10683375760163,533.2444587873383,858.8521937732534
-523.1876780627986,622.2568737500887,776.6464749793081
-534.9625983114597,638.2982086416291,1026.9438566817535
-494.034015495678,582.4794784431397,927.6788
-494.59540825610793,568.9651657056987,566.6870489237101
-505.5907747706201,571.4941858691733,640.26267637748
-301.9173751388457,376.4869502321592,2068.4340582057575
-496.8239717317292,528.7697402930481,838.2191226823254
-495.96347653395424,516.0399233408702,723.784584005208
-424.55031969577567,601.7448379758525,1234.5385102250675
-519.8681351188661,705.7018909277165,1022.3607048566646
-494.0261965882987,582.4768653939246,1091.20676
-523.588622028539,585.4518928430955,489.8965283983729
-508.86548775354277,615.2314241712461,1286.4237403343657
-494.0226735801298,582.4850313285178,1141.7908
-504.8344147314174,426.0740483481511,864.7350559439112
-528.4069345689795,576.3354014835573,640.9298749101671
-566.0477947434965,681.192691113961,1101.975444593657
-504.5463111498816,727.2421074093158,1687.9981530469272
-495.0369325121387,470.8103660819348,1175.1712226966313
-570.8905075423897,645.6453869539475,953.1618547797896
-494.3552706169403,573.1297667962292,1153.1824254023095
-494.0039292104484,582.4874206419076,894.2926
-616.2798145266363,620.3882855502104,888.0048027567663
-561.9588919936896,584.0450269883474,662.8045070242249
-492.29794886851596,620.0106293862466,1290.7815979869054
-560.1531998774572,589.1885237538002,724.5086211795195
-495.25354487197274,591.1294699198352,1089.8070082174463
-572.9055175852927,600.9539197200204,619.9345850957537
-494.0119602385348,582.4808510950395,1244.9678
-512.5144903309797,606.3824681639637,856.6022655978883
-483.581190984532,742.2344061181717,1344.4885770806557
-494.02302093915364,582.4829774336329,818.0150000000001
-498.7537280095712,624.9683756017957,1354.2637934512536
-494.0245073294532,582.4747875291292,986.8454399999999
-494.00259990018003,582.4835023216997,793.1554
-490.2629307741631,669.9355551852036,1221.9858944332477
1225.1317054761585,621.9392674945173,-804.3712766329809
-492.09189494980683,622.4333444552706,1315.9461663305792
-490.9034387650595,696.0645027809283,1146.7941414107868
-425.3024758670408,601.5482163552635,1213.3211570386627
-266.9014942703434,510.58197589893234,1119.2447558902147
-484.95773686767734,589.6599006319559,869.4552897384951
-495.9203965672,517.984878408854,680.625445088252
-500.8015689148933,721.1797071053218,1088.8639999287093
-541.9092873006509,581.334841531911,1283.4566828924894
-490.95282519691705,548.9076288999106,769.1033772026594
-493.643892352241,582.4387632214875,938.9790716210521
-487.9038132874962,620.5277654560348,851.1234752979776
-486.2539549476437,573.0835392502199,973.9107841115608
789.5817046294087,605.1248827027216,-777.8718967638688
-520.4872643601661,588.9571295081487,671.7040028004589
-519.2170218174356,527.8398872519642,1051.1133919372164
-491.8626016704161,654.9126863608803,1625.1462850824623
-489.3353203307918,556.3073900256863,849.2369163464175
-426.49446743735734,693.8494387493067,1390.9607950847194
-546.3534424490344,616.8218464929498,651.3793991768373
-508.1750322431526,731.8840988509448,1125.6723094632912
-548.8480058233995,690.055915008912,1100.6897863387255
-486.29860575571115,471.80469058027893,398.6614679400483
-473.61770440610326,512.3781684784266,723.6429503320406
-545.4572413256665,622.0357094017909,838.8099940474176
-493.1338743825795,639.5773654279644,1012.6859353456077
-510.6350863321172,580.0454513855493,927.9470636767544
-491.1742166257052,551.2899802887418,661.4275442130124
-493.03871852761995,646.1506463411642,1215.6808218660897
-545.7279699170444,531.465267145073,697.7207031552814
-487.8904589426229,474.4164567706018,956.2201805780445
-540.6567260555153,700.4913738869199,1101.1147933390685
-494.57835261503806,568.7354099858809,589.3783092734636
-514.3621570177572,631.0353568247056,970.4397523757793
-496.0104589175635,926.8154093723913,1452.739769387122
-550.6789693596729,698.3880067061929,924.933539295474
-548.3745919645135,698.8582995220696,1095.3394327649044
-449.9569475122971,499.30972969541847,1312.6671752705345
-493.9900274252177,573.9880991365759,924.7314915072533
-491.16925084832747,554.8590555250794,763.9693600554764
-494.02968792313413,582.478298728972,1137.54
-491.47403516355416,649.9656222220773,1156.4241605774585
-542.7544328520937,633.119850813148,1043.0684522210809
-494.01001714009226,582.4831289707272,964.518
-488.0210912699331,560.6702586308465,628.2633777765834
-507.31029521644996,569.8473148703762,847.8666628475776
-527.1640027706208,584.4398211801107,824.5834959623287
-532.9923150358827,702.3240847461466,1242.3860537690036
-500.690182563907,455.41490384960093,855.547840009137
-537.7336793176742,622.8664122966695,627.9991868279133
-542.6724924787641,720.1721823959349,824.7328422693049
-509.2210026006551,742.9836684459808,1265.0602754745114
-490.0103117616036,571.0617861621072,831.7247377255144
-494.01835067800266,582.4864603120873,1044.451
-545.1255521111664,599.7162563000314,453.50563059918096
-484.8833660941573,722.3272285574548,1083.318677440262
-479.99453197504016,541.0465591583129,481.49367781175897
-501.7316377479058,600.2791896052622,1345.0834080773689
-470.52366053088645,484.7216826542726,710.8934916880535
-466.45595458681464,625.6117705555517,1141.3047638731384
-530.9226736615101,584.8899737181472,357.12432188402386
-494.0143648446092,582.4721183414797,752.257
-501.24380541666415,599.1487610852314,1211.2257165726364
-601.9271360561065,615.9333166272415,695.5327128002835
-510.56376797940584,855.0789471406608,1792.3497543975586
-529.7872791900622,629.5255448750509,603.3353431380656
-494.0197286596281,582.486053898584,772.6212
-538.3354408144323,582.9998263370597,632.4886598431225
-474.3941225802346,583.1103781224077,1056.720700403835
-494.0376012723659,582.4522193081789,871.7458
-533.0853221800869,688.704323086486,1149.5316015609542
-498.6039633230803,636.5782821635853,687.1643937153721
-527.6815655463151,611.6628140552948,645.593076875538
-484.46965804544016,591.292864397579,1134.337477126811
-495.64134238491897,583.3355566657642,994.8218785010525
-494.0208016481638,582.4854212805762,494.8888
-494.03347180993774,582.4836909436598,689.18046
-494.25448961391567,557.4271891900005,896.0223233285027
-611.4365933133461,595.1212315533269,202.238263864508
-512.9935333018823,627.7271834445924,853.3934826305258
-537.1060029558762,634.1532155313371,788.4663468295004
-495.35455539977374,544.9885823593527,1159.9777754385327
-545.8451017566831,672.123261238291,788.1610752313106
-495.07909612119465,552.9039876539975,737.8913836402967
-570.7238179362607,679.7948533766746,1243.0766249504386
-608.3063643035148,617.9294301744258,781.0753961305319
983.2953357216174,608.4445644461653,-788.5335234836803
-528.4029879411437,673.3403222516422,926.1300178413396
-453.2176639647603,602.0471843021633,1221.4503400803562
-487.8621692495726,699.6885439045266,1073.7152282558632
-470.7738842570284,502.79464593525745,1510.3209002565739
1337.0965325335656,614.6653012633408,-797.4327893606678
-494.03979934451763,582.4808319324861,1070.652
-484.5478899185209,589.9522362237747,933.6159903929748
-480.5471119791001,508.5635723267419,1317.224683909907
-490.0962148526685,545.023022420643,895.041309312254
-502.04418746695364,611.4295559763939,690.2358598808529
-470.989696810253,565.9518223681074,907.2056865664363
-494.2500415743157,573.075564884485,1095.0766551862557
-491.52340824663406,585.3190037157833,1240.5216554170547
-527.5853839626416,584.958623710988,1147.7952791968833
-494.6286113692788,592.0742985081317,1177.7068097090782
-494.02708263174054,582.4803939634585,1182.132
-504.16676186973837,435.5636976614726,766.7413817193631
-548.0885298495323,693.0826337337968,848.1524565322542
-493.7321278883942,491.2749898541749,800.6704002853746
-484.4537338217988,485.4740872477988,752.4196212766774
-494.02979070978427,582.4913553890245,989.5828
-493.99947070153803,582.4831353310518,748.182
-496.06939282779103,513.1190051275985,788.523033676615
-521.2639438574854,554.3344122907959,699.3739239386623
-492.3739270195051,616.6478930928845,1016.8166698011967
-509.664434126541,700.4959307703259,1151.623275212327
-472.3354575655503,582.6347634698068,1188.8276810134446
-541.7012643546941,680.7015832259162,934.5249452568362
-611.8812663975882,833.7113718542473,603.4897017863694
-535.4710712131309,637.0004871991966,818.5772304694578
-491.0117147504884,691.985745566451,1078.6197254325152
-514.1443554383907,630.4742134541084,950.9321782546511
-509.3404154670061,698.09815732995,1112.9123311516298
-559.594096596325,524.2035912180486,749.4927247238281
-517.7639722613023,565.0178844547535,520.6722934951181
-534.3359583565534,608.7763385713926,1301.8559045429733
-523.2097710730654,552.3226398646168,802.4935282858488
-551.9835311624142,701.0377304375248,963.3240215555174
-494.0216001384438,582.46847927013,999.8142
-495.63347979724404,604.4519580780412,749.018149926912
-495.6887803866539,518.7889231152121,1260.4975788260426
-494.0074743593773,582.4858627771306,1190.661
-554.7937756297911,586.4538662838273,924.4245244536849
-494.1141697150083,587.595777695253,695.664436638654
-536.2565749402027,640.0806633166872,1083.3498190743626
-544.8973348630452,545.4717143540665,836.1972858100391
-494.02338554359653,582.4844712655763,634.7704
-542.064035066956,583.0480012790616,749.2932236379798
-494.02209637616215,582.4772294695141,769.0623
-479.3635922644328,467.6935750987095,612.9794239983156
-493.55175898824245,592.6354721461422,1217.4495767637018
-494.016494835485,582.4797853391017,755.2280000000001
-541.1280472529397,581.3472498192962,1249.8823337685515
-494.9388761829923,482.5191851529458,973.0614596602743
-491.1609891538328,618.04543667505,818.4875918615858
-498.5452336091696,635.764910556647,665.9686523635396
-548.4534720531128,666.0528267629963,1139.5572140587592
-493.4831811176241,585.652507380616,888.0717893342055
-264.7372260996958,509.90398948819916,1137.0053747929494
-494.3326807486101,605.3711543307361,879.7854501274028
-504.4412912662401,384.15407801663605,1099.1120520782924
-472.98034380021704,510.2559414795518,768.4459251658923
-516.2333295707194,627.8277729309477,1319.855242444423
-475.0113659062813,583.0816526178975,1001.8210265854761
-457.20609320918356,564.5798032092378,929.3033297751676
-523.5403481187495,584.656374910138,919.3232447285131
-550.7361527987287,669.55538775951,1218.766878509093
-494.0145893181416,582.4810468122294,924.2692
-495.0804203998091,545.5353766568879,834.8650107902287
-443.8295175678056,558.8739555209513,938.931328820732
-518.0799641796059,534.8899171989856,941.2065987450569
-548.3751642558941,585.0810268982373,708.0824650445059
-485.1154304426991,492.0713674459265,649.8626990144568
-554.6914612259156,611.609302305289,902.8207412590756
-500.78354740907616,453.71713777477953,876.9918302314496
-502.5880052474804,600.3263685899244,1059.487469346324
-495.7837938987668,522.8456271070218,572.727552237844
-490.90426407170935,509.1143171116768,779.5492793624649
-546.2075194115114,589.339746660191,825.1619253383674
-541.0151951761877,646.572727021949,1290.1727431997556
-500.25561335460316,517.1318640770216,922.3727727467203
-493.66297690882175,591.1772295213959,1078.0252313011651
-470.54889273708113,481.7056372513012,1065.946500214064
-493.26114058237636,613.0433492799939,968.4051732458418
-494.0135189087414,582.4888885592361,828.6568000000001
-485.19980997797643,501.8474830012153,936.718738449242
-494.01400749424465,582.1462661200799,898.1596716981351
-493.5821731983083,627.2286892719587,984.2517512621192
-491.6122985313086,627.3216211147652,957.0033598850421
-507.8184327632066,582.4468220035603,1005.5589944371507
-517.5321186462179,630.5086485197376,1441.7534366122793
-493.1271688122765,618.1818394960594,828.9076759938898
-533.8071377115896,630.1759417173189,670.2297570901015
-506.06588466098765,582.7122149916128,1055.1386303806808
-495.10393638406595,591.1623166733125,1056.657515824976
-494.0207038027138,582.4814446285476,1008.1114200000009
-494.35226548966284,573.0525303616273,1172.796582702049
-472.9078708471643,604.0156246718195,1099.3360721747363
-486.4807417220054,513.6215452072029,690.2893819110541
-495.6258400230897,582.7623082025284,967.5952914268548
-478.7373137156117,537.3153864827277,592.0780408215182
-522.5381492306178,657.8483501028768,640.0088361149136
-491.84014728676675,675.4950687442445,1016.8410858068603
-525.5127518445843,584.3563174184363,747.0789424820148
-494.6333657757543,592.1782461112248,1197.5584244142046
-494.0678058610847,576.0463939207463,728.7418834646262
-494.8110704374558,546.3882768717683,831.2520752091797
-504.3464337208443,619.7925330513244,1106.4277903517109
-447.7213514195305,478.08827917044596,1115.3228882773994
-512.4158763773789,539.3939698696474,410.59330492770295
-506.9228572345678,648.344078063052,991.958044662352
-501.5618841250998,599.9235763405454,1300.463992054948
-508.56143146079694,582.45870200836,1101.3894682734049
-547.9599268609181,592.9570158800445,969.2653585633101
-467.2235238127032,544.0489048898756,1111.7922137499709
-483.69358472996305,488.1118961532734,1224.2196254599917
-495.4777911545989,682.9009532881323,1005.5701234611079
-446.24776598894846,559.9986888666413,857.467877711411
-471.8325053861963,506.3818242157349,1408.3308245419869
-552.6925110643185,518.2230591708326,1029.7538416431967
-489.28045547760166,569.0058890236214,1115.5462435067734
-495.1266912000651,591.3516590045983,1094.78920494537
-517.8285358650764,657.4921395950304,1118.2739837809172
-481.3834608261559,569.3965842202641,672.6520289025935
-509.20291473844304,663.9997661252203,945.598663834636
-566.5505621846225,596.1624479950183,375.4752393506052
-539.7581906853293,739.3775289105079,1554.243703573713
-542.2451507133133,632.6320302848216,1025.3297860128266
-517.0684210944501,580.5941216348342,873.144467419057
-564.4290085026546,640.339507577575,809.9308191982253
-476.3132653976527,558.3066117230601,1152.3779374377782
-490.63446670234816,644.7504613020586,1181.5289164301591
-473.79178977263746,603.1153401613785,1023.279145282261
-494.0229182722992,582.4762318984098,966.188
-506.1566407795849,644.4080704159406,887.7189135130127
-506.99720760064656,493.5170129621822,682.9317059335388
-550.3851280794074,555.156776286495,92.3202909754346
-493.5492397730759,607.0601333260568,1121.5115689927813
-421.00034577769566,508.83542296273384,1228.801990987904
-528.0755814944732,627.2830789940735,538.7629668965276
-536.1135253160567,530.7567242613568,870.3879773391255
-494.0226815588835,582.4732712674117,776.0966
-490.2199980255318,648.081618639781,1161.3345453379466
-493.7548349675103,559.6706784428242,921.1039093142438
-546.3346092428133,730.4527044011704,942.7131819608819
-432.7952265527174,501.68250266765335,905.2878466790181
-490.19343602983645,536.802380834345,802.4445940103442
-490.2201615095255,537.4827119395078,779.6080013932544
-490.3708540448765,645.4423404183294,1084.3751774148752
-492.54955121842386,562.1368586394315,1182.529140024304
-501.1215749873777,581.628575312649,1157.9254539911492
-550.6428943625388,703.7117483527178,1172.3948882558564
-429.00374729666555,689.7219863296434,1311.7299311724576
-493.773704897317,572.3105944685788,822.4350581755723
-493.57169610120786,605.8725545382731,1029.9505292079396
-494.0071994712134,582.491811131526,686.1484
-495.1742282721016,550.0141029089866,903.674572935562
-538.6642946953245,735.6646357281998,1499.4309125354198
-494.829602733766,599.8562806464797,1239.006119305508
1768.8455686587695,524.834994346887,-819.1870607193814
-484.1412604794409,440.82482425243893,720.627576986319
-494.0440974673302,582.4776370197729,867.6616
-495.498398854716,549.6944137503299,866.4278910519772
-495.38044082451415,631.779041894388,1022.5897953612977
-494.0171791020566,582.4726448220296,777.8965999999999
-476.71859114557014,558.8272925214578,1110.6715586323323
-514.215362223089,535.1689142148516,524.8169913965986
-509.5211130679527,699.2795072920801,1132.2687255068
-469.1157206106518,564.5745780549188,1043.9398900162682
-422.5067367424881,510.3308514155795,1188.4377076630526
-562.4258230081161,595.3799543347818,311.5014198697284
-540.8112178251918,583.027862612404,710.3586507990441
-530.7495367608608,614.3321004876668,772.8383948177708
-547.6099482468358,556.5039790473106,50.84842019084198
-492.11816487866463,676.347056082792,877.0688830380229
-493.11049270631247,618.661483513835,849.957768574044
-493.8131488893357,575.738340864468,625.8370843386098
-555.5687388308099,612.013490098158,926.5096520559957
-494.61943092245997,591.883962247699,1138.003492336106
-494.024271744187,582.4733586797453,757.6863999999999
-518.3652256893752,590.5692751685724,1007.9619174837849
-494.59353932266595,591.4703431031614,1058.597024757735
-531.4599774410194,589.7944258221312,381.27897129280564
-494.02168987223195,582.5015972707865,1307.415
-517.7863623039029,530.9372763048045,948.3258416683582
-494.262684938009,556.6981868490959,943.8770895918283
-528.6128280009955,579.8324774574457,939.2281571527169
-502.1578996530434,611.8414798078791,711.045605633177
-495.47027881836925,681.8172920277127,986.5880794091294
-494.02218893149984,582.4809180351467,1338.204
-475.0811327975721,601.7919982852168,909.1930392200098
-492.2137587712982,664.6418215946046,1111.5573189804518
-494.0880714081836,576.1226654377143,706.2975596085216
-495.09224212385243,591.0848468012559,1037.5915833747604
-495.0431616625551,518.0785024717445,964.6680083923823
-568.0069421689159,591.0512389999078,422.8370166123152
-494.7813907244065,598.8842295798406,1126.9170486119706
-507.2679226998623,555.8083814630536,848.8537393680693
-553.4126795950792,603.9018342953211,678.2585799507418
-494.0141737178287,582.4741705957513,779.23
-490.53069139299987,663.6527630554481,1080.1784023295954
-564.2900178813052,587.0759404766011,1151.9348232255525
-483.16403362241226,820.7414697491715,1490.9442281736444
-309.44644422979445,384.5496650189991,1957.984059899399
-496.1312937015482,618.2966797726085,926.0847527616219
-507.48656617251936,569.6862699286927,868.6270600417517
-493.8735961103207,544.4617449483937,773.5319256153086
-493.8090803902892,602.4406170219506,915.5228653312995
-495.085764666057,590.9828115368341,1018.5257734017298
-466.8909500382583,562.991316985872,1203.4628057030834
-493.98739241373414,573.6713203604135,986.2536663858328
-464.92980855292444,628.019725309248,1247.33625577801
-506.1688535040921,582.7097760308033,1070.1619604675645
-579.0185705958952,689.5048482464317,926.7451088578422
-492.67203337564615,561.8337051361509,780.2028016777673
-509.1023018225733,741.3667492849875,1245.1499602263625
-551.0703150326713,593.5673559523018,1068.4929170426947
-481.8621134625769,581.8728066391446,874.4982653091768
-501.67172808748046,587.7542500942732,846.5539043900769
-507.6200642711474,516.9423041413304,312.145713514464
-487.2664160002705,582.0883531308734,647.1221273663734
-506.60742722392297,646.773698834803,950.262289507379
-494.36181699545295,572.8568411185374,1212.0246845664888
-506.4050440678045,522.815088064385,216.91493039276054
-494.0067674060897,582.4837100766446,708.332
-426.7807704916331,601.1229486319605,1170.8858803996895
-524.2627163202756,584.7184555042244,960.8638374782148
-490.1223625136281,684.5756543690759,1178.2590417077226
-422.33490385535424,602.3751154582678,1298.1915768481538
-512.4998201693068,573.8080652870717,691.5115792767004
-494.38337858323416,558.6648536616278,569.7685618853131
-494.293371874018,515.7367556449015,1006.875482479086
-508.11055210289237,582.4586073941643,1043.8912238756948
-493.972279791029,583.6438518517431,958.2675506158189
-498.6646920657586,637.3856527130629,708.3603817136935
-619.4712500949506,621.3729513243361,930.7763689987081
-494.0296566402792,582.4686949042714,874.5224000000006
-492.3186133855145,557.9130635823597,881.3227271571541
-495.2087001596651,494.1083866243239,546.3665026240974
-494.04206787568546,582.4579330140054,1114.537
-494.0103539239394,582.4754660843655,1018.3406
-494.0165157307599,582.480687463152,1245.1593
-495.49912079848536,549.2963829426371,886.1737445416734
-493.72105386327667,488.56676275269615,846.8318461605397
-494.02224750487767,582.4853012604383,945.228000000001
-508.1052904603921,643.1382622365547,1179.7833722456223
-547.8825269781405,665.1804167680752,1119.7546474483506
-502.40604769352785,583.0149120758226,816.6302392010268
-490.1312449973036,571.3731621661195,784.42085050574
-530.9013031579798,675.0402219447974,720.8225191461515
-495.2024436815709,549.1688621870776,946.3916186878765
-575.0921777288636,601.449719068298,657.716031009905
-494.75879071212967,498.5980964076632,727.074810029355
-493.7121758159269,589.4949986623963,515.8215561815398
-494.713948792893,588.8036449729584,680.4534475214466
-493.77709792560836,590.41800166437,913.9404697275295
-494.3965231056293,557.5492076887379,631.9922845626525
-433.62929863137515,542.661865912889,1107.813684762692
-490.52980715531385,753.314890451444,1125.7412534991438
-475.6045658027506,583.0684599896719,946.921121525555
-524.2332544969208,472.3683325331349,1388.42124986512
-481.56885251886433,581.8616271943682,913.0828380025735
-494.0288445733845,582.4673634212472,978.39742
-493.5696001683318,639.3283175024972,984.157360721116
768.4715315685644,604.7564279726057,-777.4621589093585
-492.139470372852,675.190677575026,856.9647296057082
-494.30612626734205,514.9864557698763,1026.532007229
-494.66566854991197,588.5240447661615,616.4286380396494
-494.3459934493512,572.9503934852644,1192.4106136814319
-491.01368034351526,619.9421512155077,902.2171958760664
-491.9915255981932,668.6577863886446,966.5027564882231
-519.2376897326949,590.8446314675953,1071.3034635769384
-420.28309085596084,508.0803861281633,1248.9852982414905
-498.4347243015054,481.8381998088129,1214.388297730091
-495.33857794910546,484.0995210385588,693.3959870520881
-450.85884510670394,522.0404736982664,1076.4629284525236
-551.2526769121532,528.9280481961789,1453.932942477482
-482.4074391389913,518.7912289680412,1031.5049295137535
-503.5512671239471,616.862081057443,960.7606348553743
-443.220201739859,558.5834248525207,959.2968912701557
-547.6753073139348,585.0447985063627,689.2729132846448
-498.0058918084005,690.030803485889,1225.7856719080853
-487.5504792018842,622.759485664744,944.615026698813
-477.0049964984437,582.4330501300049,1036.1168284389494
-494.52901498489337,569.9022569898242,475.9223677384871
-474.4231419672342,602.4629716301404,966.2358380688977
-494.89430620240364,543.2751592617672,967.1841028036104
-505.6060502870305,583.6260224861662,1428.9809957498385
-645.5851814978107,584.2971490607565,713.882601810004
-493.06930704143497,620.5609158858858,934.1586564782294
-494.02061158174774,582.4791105904678,977.758
-494.11352290226296,576.1158185400525,514.8523346831266
-492.35292826454815,658.6167783545666,975.3552530158744
-527.8220361125823,582.656312455165,853.8789073065599
-494.0178383898615,582.4816819883886,804.876
-526.0513792128831,580.0257905137241,813.4895342689032
-560.3356723818852,666.634028136682,973.0232118225085
-485.72957502471786,463.537719075998,484.51831399440835
-491.92794796131375,671.6153781575997,1025.471437222948
-490.91683969278665,548.4363640217696,790.6387110644728
-494.02140317207886,582.4744561929622,688.6654
-513.0010730126969,607.0098028727,898.7090162993281
-521.7439358298586,620.2864268615781,700.8071828096344
-490.75557731285016,505.2583835547363,859.8143969934395
-516.3462398455667,723.1557215770913,797.9996837834976
-511.71192358607937,495.0464929422992,559.733699767823
-506.94315441163235,541.03761100061,928.8481618297271
-519.7203398372628,563.5874559429147,625.2222561570111
-541.5112835900998,581.3447108688736,1266.669635239216
-493.2800996688452,612.6606268836047,947.1550929182412
-468.7645211031653,477.4274776132447,819.9199972657366
-498.7849499845929,625.2834967851336,1369.7462411383813
-548.390977179301,600.0723934173425,559.3398412462147
-490.64769583935004,534.9237642188191,912.8738737552083
-492.4125825594747,636.9225454281732,1035.0022201385248
-493.6521454545227,582.4473570132654,917.6382737564272
-493.1466086172227,617.7071317151738,807.8574561061298
-494.01686528565256,582.4667193194764,869.8553999999999
-494.08069930893043,580.0381220511574,1118.6436278287915
-474.7912344791007,583.0999534872177,1020.120779743929
-538.1865043541366,588.2880911264505,582.8143843745809
-493.5655532402561,626.1764693232624,943.447355667739
-494.0384628445927,582.4751490207713,789.03276
-494.73355561135713,589.0911793776893,744.4782255929993
-494.0033907026775,582.4734614819849,761.5563999999999
-493.7652628204314,560.2159992208548,880.9998852328652
-513.0711424119434,573.5630977526125,736.6878921274028
-504.4369949795273,431.7685139733485,805.9388850368509
-429.6918764499403,497.5742886284743,989.3547301020676
-501.21266403244226,597.4585065039598,768.0404100396908
-494.0218642572336,582.5056044347848,1219.8425
-509.90888323193485,582.4650859823116,1273.8842422017012
-494.0183516811603,582.4738148397471,893.7914
-537.7159120557553,582.9882374544585,613.0211805716758
-494.1826793256396,543.5427422849186,700.69943380635
-463.53538332733115,578.9623238685303,955.3579449391677
-489.89115409679744,687.1487104840996,752.4538351706974
-493.3786466518218,586.2111916399133,1181.8126150324256
-491.9989500248371,682.1470679336655,977.5885013929591
-513.4687038572015,486.38112532452897,689.7080588449867
-477.3592045102173,831.2489609708589,1604.7435481793843
-565.3783455053863,590.7472773669163,380.98656325700546
-471.1842505580471,504.23482865925325,1469.5248802889735
-508.3015653555335,613.995012517016,1209.531623054136
1185.6799618294244,621.023982589142,-803.149473871199
-601.0749751040182,594.0147371035325,118.02554686878392
-495.13383630518683,543.5231221758603,921.43550724241
-530.4375897174687,575.9675152639787,722.5574711783377
-530.683560183468,682.219666757217,1033.2682259274263
-501.58331048617674,587.6758894807583,825.7054827867019
-526.9674925206177,562.9507579373474,666.1634874418044
-494.2998010902784,567.8841082445,787.2330161594747
-476.1794723432654,515.2410975588846,1218.4305351225507
-510.4280449569785,670.573822081273,1082.5249216009104
-489.6135982975695,504.76788836645824,476.50788788648845
-494.04000967715183,582.4726505912611,773.4514
-505.01040754717405,592.5796796828938,763.5198494511602
-550.1286481324498,601.3960544581543,571.0030059594419
-518.0795414647569,655.1202950359134,959.6450050264873
-494.0157736199981,582.4855901347241,988.9602200000008
-487.65407739271177,559.2788058220622,716.3490614031455
-496.0232319607994,933.1077006394387,1492.9086245734247
-506.95529847308796,578.216111097347,1135.2521097175813
-493.9871185674515,573.5652190707682,1006.7610555117599
-522.5729733125736,585.3519294185344,447.82729229018526
-471.6126571954337,505.66668067340015,1428.7288122399248
-536.025483955983,688.792880244992,917.3380983600777
-517.6002124701331,656.6983676615433,1098.7341236958453
-528.1168760328967,589.1507396952584,279.6683336798227
-450.1748647285399,483.63115195323326,1016.1530896164247
-473.32496448004895,676.044916893646,1569.4310297762602
-524.7217772378722,583.7800887824147,1069.7018613117589
-493.7985329947369,573.1526194879734,692.6214857492157
-494.01291772255945,582.47068435293,985.4262
-493.5589419110065,640.0566417655546,1005.9636645432872
-476.34492040169835,846.5839730293471,1750.2446527139516
-481.1876512722579,482.0017675072045,442.67179084298584
-490.94055066323926,615.1102409674522,1051.4001750374935
-549.2867439331053,600.3707117011311,580.9523313385223
-485.6858787760357,582.0048430780676,967.5669703128517
-491.66562817502563,682.8638412062107,1157.1888755977086
-493.310938850198,611.8993754883195,904.6548384605717
-483.05358084204363,822.8096043343114,1510.3331549608745
-489.9304047555545,689.3752698144931,1268.7927524826248
-509.4973758146698,837.6035422125453,1629.3006691599637
-493.77845184530315,590.8162737467335,1001.6637707795895
-506.25430235611384,582.7159074965087,1085.1853555742568
-512.7522955339577,606.7023125544008,877.6556047692734
-494.01422262231335,582.4834750160438,890.5878
-494.80191707134145,599.4752764890504,1194.1704060915376
-536.5783302613193,583.0118343173929,666.9387578669482
-523.3591449096102,660.0747305934424,680.8828887722964
-501.021427942248,509.2404852260015,1124.5704173186932
-494.0265499500547,582.4781089470737,989.8996000000008
-516.0855672336447,652.0116433954753,981.4935804165978
1809.266807206408,745.9300628913761,-848.0769110402325
-531.3383434269153,633.2207548062787,1035.2661648089902
-490.8787122796821,615.8267229798324,1091.2035124296124
-472.3677188969632,508.12351755203497,813.2486087133459
-518.9169501458014,528.4601509023171,1030.5560960509476
-489.35228468787136,500.2204475931169,548.4651864967632
-494.15777081381293,546.4460839911746,592.8027999840127
-526.8761113820929,574.4085590037021,944.7048138226385
-546.971176318863,585.0125277303559,670.463495749236
-490.8030973955879,616.5490414152189,1131.0066940076367
-596.7361808974288,595.3336777775357,660.6185220277528
-508.34982834312723,733.4579244420745,1145.5856230912932
-543.4817929882481,581.3014549976385,1350.6052074487304
-510.5041984730751,494.75379493749847,406.604821820672
-498.66212359466135,624.3479658404401,1323.2988143604316
-495.4319073731672,550.9079145827327,807.1907694682816
-485.0230775595978,571.5591666401276,1251.7754172614025
-476.6279351645112,842.2183159954495,1708.6708801982984
-490.01900658154227,683.9095551576631,705.7953455297904
-522.8792248416094,583.7142052655007,961.0525693093382
-506.90896501674,492.59288624199627,714.0524169244752
-494.6914324700856,588.6173547352446,637.7702358423747
-494.2396113233335,573.6160962131576,990.2136921397121
-539.2155325162221,526.943050411212,989.8501972845345
-467.5129999904275,544.461990252284,1091.997642012094
-484.5752681847007,486.7928780239357,731.9081260007863
-492.5309057743998,469.42818859299535,499.36677545960083
836.3502700479312,605.8508401992815,-787.2537654533571
-549.1242594703831,602.367017113583,575.3330165599218
-491.48532576348634,649.2986018913401,1137.2738852308278
-501.1878318411741,581.6163702656784,1174.8381998313284
-508.12137090434544,490.4152286506102,906.5349960760361
-495.3209846168711,485.53068350458943,672.391869682614
-489.8965700396111,690.5650012141132,1291.4269110808395
-501.416322211448,597.8948465649903,812.8785107340788
-643.5549215289566,584.2834698672741,694.3563623990532
-537.1371932651464,641.2587661346015,1120.9537047454949
-493.99643990262575,582.485195236091,1147.7934
-498.16153598059464,487.79298266875674,1098.2698931392974
-455.7633223543444,563.8920633892537,994.7055886929887
-494.0171096085769,582.4774380914951,929.635
-541.5027076193578,541.368190655164,844.4594991771895
-541.5064534039343,585.5863626113213,675.4696582112842
-494.0198180672105,582.4892661331846,886.8296
-473.69068679590873,674.3583787962931,1527.6971643347758
-520.4946065256108,563.0175789523283,667.0424516059729
-520.4299028684195,486.22865720793925,1118.943159759342
-528.90851684876,576.2395734812995,661.3369111537753
-494.12063421178414,587.9783252757711,801.3684009079535
-531.0831769151598,683.3107252235138,1052.6449058640735
-550.1653459379172,583.1376104847737,1002.3691468119431
-552.3536310790241,579.6697197555059,684.5339184605432
1260.4127276277377,613.2757728697109,-802.3338918895824
-496.7990852818707,529.4414995164822,818.5235125703718
-500.6131982857032,457.10658338235567,834.1033035548251
-493.97536279668884,572.5359062608746,1211.8351030734043
-492.44590179795887,521.0235225436837,873.6261284383114
-484.11013647592426,581.7073168709561,1033.9272597277436
-537.4327713711691,688.3585041681308,1397.9949899481778
-568.6901192453934,584.2022751522677,802.7662413011526
-540.1625674438876,542.5315886370361,799.2629169824851
-508.59058669662386,580.3438454772131,721.967126474178
-514.226660593909,573.0175967331074,827.0398878345704
-451.76969449486296,502.6609000166344,1229.2378666745553
-474.4447265022693,490.45552031813247,1150.7899952226317
-427.347418719728,494.50687555656623,1052.4047366122913
-515.3965172499136,540.1908179011045,752.9503541653792
-494.97789739812106,628.3347138262682,1124.9147596447983
-494.0180245351389,582.464482364825,932.4436000000001
-470.0201466571002,479.45428114144676,1106.6383759717996
-475.9930174232263,514.5035586009726,1239.925858413172
-500.95693775220707,724.1784275451266,1128.7347640096589
-540.9668784735593,638.7787305743318,926.4092234237074
-494.03512900423675,582.4726648370067,862.715
-563.8703841603419,678.2066973514445,1045.8736171964902
-496.1283534852146,511.18134813715113,831.6825531039128
-471.3081829745388,566.1718923594516,884.416639541181
-505.52005486775806,583.6122021497197,1410.6598155032202
-473.99774782318036,591.5823649523159,1180.0892312369149
-485.5799979749552,461.469981925429,505.98230321363275
-510.2329196203118,582.332641173085,866.8570731672912
-516.5984061135189,589.9940380987728,881.2793090950719
-521.3911679278635,619.7902533796571,681.8473118825892
-493.2105476945501,549.6153077550771,1038.6679624194867
-494.0237839912397,582.4705568524782,1111.77836
-633.4626787957559,584.1498915953414,596.7202842337492
-524.0945144432585,583.7690716776852,1033.485598461845
-549.6086802987156,667.7951476775004,1179.1621128909674
-537.4684920449679,544.8580768246313,708.8702409801103
-492.0401089109823,679.8310776089311,937.3803951818668
-493.54424184157415,592.5377220675645,1198.1084643218069
-489.34644228884076,569.1713296189241,1091.894408898153
-500.4418417961997,649.7431124128871,888.4786371423195
-503.2336206621635,407.2557994784207,883.4118260632417
-523.41469507381,475.33570496469747,1330.675866347312
-492.0247765348488,553.7975454278724,1156.127420416117
-505.96816303018977,582.7055499441018,1040.1152812797231
-501.5654770178471,438.78658950622025,589.2785076317396
-494.03285010027,582.4764763114179,1092.9479999999999
-501.1507600760433,598.9883937966915,1188.9158647471256
-480.94514531281266,510.75610063480826,1255.9990488604992
-494.31233381294055,566.8566898629796,896.3361227000839
-473.14886890761954,676.8845428944384,1590.2981281693073
-494.1297265442761,588.275880693325,885.931611038004
-477.1443721244809,636.1087481037289,1541.5618018322475
-539.8529424141711,630.1124262269653,936.6349324788629
-483.3902822169521,590.8929080973958,1147.4862404057549
-489.6993781924623,506.28735372022993,452.5224397826365
-495.23531470420903,556.7229228886331,1024.1765562129594
-506.5351284096794,495.15829217704453,672.3836870721273
-635.4733825910498,584.1758567427282,616.2481493673909
-530.2288578190053,582.672411970619,968.4779421473045
-508.29858405527375,655.4403478571334,1179.5880107352164
-494.28853976506866,516.4865863824323,987.2189415165373
-532.3293992399667,584.9735399958389,399.5705520716245
-432.9283458609634,542.2340382366499,1128.7696556284768
-509.01278787568936,615.5317844841138,1305.6468509136937
-570.7478581284286,600.4369193467458,582.1518542009107
-493.9977534491245,582.4800476729838,960.0604000000001
-494.0158741496607,582.4761249703706,560.506
-519.252442216658,583.9674052136382,933.6133334172571
-494.0006403862071,582.4710841907445,842.1798
-494.09342383162357,575.1546676741208,930.7396058921929
-494.4468298525994,590.1794379874293,871.4072944672438
-492.3758293934234,618.1812592294839,1191.1913870420358
-291.298559928699,674.1263504660662,2087.1377647493905
-492.45851955693115,567.8637126704612,941.3078506114298
-494.3482773293804,606.2889137310747,945.6601408082038
-494.34041431907826,605.9833504373239,923.701905437084
-519.7752570575785,526.5969445459241,1092.228499671154
-496.2728108326487,620.7958982351147,1042.820571428036
-494.01426114007427,582.4804376531026,988.627
-495.58245536766117,603.8502421412978,708.8835799641164
-492.3273947743187,659.483080880425,994.8124819855152
-492.3574404736455,558.5533298421853,839.0452004520135
-287.78840683082535,675.7101707732184,2136.053115054769
-523.0677581770094,585.4038525676955,468.86224430905224
-526.4658444518766,563.2498091276368,645.3561428438843
-502.20914680151736,582.9889674804142,778.5027311875947
-494.4470563232312,590.2752440118431,892.4761227254025
-494.7918895863181,495.19401598345826,787.1126919932851
-453.89701980514883,580.7733621753553,1205.472042299376
-465.23282528462823,627.546924857376,1226.129683381201
-495.6790399796862,583.3468651093362,1035.8614834552097
-475.02772835657925,510.82363594008257,1347.4024721706705
-498.87205975889856,639.7676197751648,771.9499534344085
-539.7465595914757,583.0402890466491,771.945242046928
-531.6253088231156,584.9344954310053,378.3474571042512
-493.68410952161094,582.4273255983703,810.9342798785835
-495.01514740547964,521.1021797161336,884.1192519157147
-496.09229141637184,617.7987804761119,902.737548608996
-494.0257288873372,582.482636315576,906.0242000000001
-513.3525828178781,573.4204609953072,759.2759618250991
-493.38445445372054,586.1476741959486,1142.647168073287
-534.3511071041148,630.8493136276097,689.9356465082667
-513.818834464776,477.0662096370354,640.0905476299998
-481.6469596744055,640.6152231961636,1148.3625684635067
-495.29978822048497,486.9606810984658,651.387671712169
-639.5273743880832,584.2288814612966,655.3011490986651
-486.7343050907757,582.0587235472078,753.9370473433023
-506.41864505078934,542.7061459477659,861.2144169356559
-518.1405783461341,734.4869749777822,922.6882128878397
-494.41766922995726,556.7960367420658,673.47455334659
-508.54082126262665,512.5458032461408,383.5692970431872
-556.751646142206,692.8394311161487,1169.4016187346883
-494.953741260013,479.9209910522696,1017.9750407195329
-495.31773616159876,629.9942225583807,958.2228929184577
-631.4409831420089,584.1228703362301,577.1933409047317
-557.9569286305912,525.6521162523666,712.1674652917068
-494.00121505991797,582.1892883927367,739.7790749639775
-515.8550907797835,648.3963398232981,801.2841187581263
-518.3733198632365,534.2986205794864,962.1239609969678
-480.99372672995014,581.8274591742228,990.252047054165
-490.17153896628724,648.7408880203068,1180.5743856305621
-502.83816354289957,614.3559285861866,835.9031146461645
946.9300486284519,607.7119015834562,-775.00252541183
-538.141335535581,544.2760966445264,731.4684235182627
-538.834220794289,575.7259122831524,810.2760975956694
-434.6225809421535,680.4606733840803,1133.4577889120314
-494.58506580241647,568.5044156504579,612.0695357940025
-425.4688012373913,513.3385239765778,1107.7077866445768
-487.656472814077,703.4315012254567,1131.8333718425583
-494.09846571982143,575.5516475503192,840.9628431817919
-491.3568708727157,652.68227908601,1233.0234873366576
-490.84069450818697,616.1887669673448,1111.1050834014268
-518.5373690003328,564.452559597575,562.4925872325159
-494.00433148480397,582.467931501518,973.3626
-494.03283912930056,582.4788037449168,1048.356
-542.0696252746125,559.1860263917195,-32.09641680449437
-513.9106625559275,629.925338696472,931.4244664666076
-491.62687839617774,626.87645060855,940.029942605726
-490.99207065387213,553.1853049998781,856.5792160703428
-494.02579880480425,582.4806463559935,882.384000000001
-493.58989785530457,636.4833986896342,896.9297317349519
-494.64339846211396,670.3489224717491,1155.2775435956223
-482.796043196485,520.9944443379504,970.2796016529164
-505.57320200561753,582.7007763270345,980.0218985994924
-519.3309416994587,563.8749050213383,604.3122492523875
-570.5957538899875,584.2572859449072,842.7560397638467
-495.24352801895293,491.2600374610313,588.3757466908341
-523.1857841359501,583.722568808629,979.1607932993317
-492.2685579706176,618.711585562806,1123.6486806057014
-494.01743760822455,582.4863562558364,776.2982000000001
-488.83707028012896,491.1071870817534,692.3781865255539
-565.3476356932358,641.0896241570924,830.3928559641715
-494.25831879706993,557.0683914399267,919.9498307799506
-511.0435354292433,579.9674062632384,969.1430288193917
-532.6765085176546,687.6293019488073,1130.1542150895464
-487.4738953120932,623.2995576855712,967.9886600067563
-494.070814126952,580.1975180693632,989.1600097821779
-448.38517929233876,421.43720139014454,1105.6191589527182
-531.4932077403987,684.3760457801727,1072.0227999092815
-485.2778718445461,622.6046575564949,1112.4904924280272
-494.1047280598118,575.9143064402945,555.9843594566274
-493.6976755114856,589.7114458659646,767.3601590989881
-496.04305858077805,583.5541154822299,1425.7376762974359
-475.82086266983606,582.439928696476,1160.332417176002
-494.36971032374686,559.4156946670687,528.286238865326
-566.2774773737176,641.8538376006188,850.8539214356399
-500.5783335732258,513.6438720567974,1012.2392538671622
-448.7317198712335,480.30206992478645,1075.6555225458635
-545.0203995185066,532.1596136472493,678.1241924887963
-494.00907238754485,582.4919556422217,690.5638
-487.45706294200636,558.5943897941113,760.3921294833042
-500.40851382977326,580.5187752479583,755.4432038113372
-556.6967369861868,579.4729286584472,791.373846646817
-493.76854253994725,590.9355187693834,1023.594491051312
-513.1401156861125,537.6976378305899,456.28233282972974
-537.0575709987681,687.4904690897158,1380.2426910499137
-493.56967290718217,606.465013404641,1075.7310748468688
-495.4508947477734,550.4962646774381,826.936338503304
-494.24491828789496,557.8056772730599,872.0952460143872
-532.1366826740402,589.9257210884023,401.6007856071907
-505.1567688663358,592.6907086044471,782.6216733981576
-493.97497565446065,583.5719143637497,860.1031539387039
-509.8173515482613,498.2915946033163,359.9080714088953
-494.0090287209341,582.47964766884,813.2826
-490.141027658648,545.4873931623692,874.7383673048317
-493.7356894432878,589.5059335108797,725.9382096660865
-491.8567189552914,674.5710551913305,1084.4402396092332
-489.68248786987624,530.7672055526269,1007.9759172315217
-495.50384138380036,683.9814668602787,1024.552320167742
-532.2315410267197,699.954621947621,1202.7744898524334
-491.2075281621801,617.5637529251405,797.5554176215747
-494.01889291416865,590.6376868103158,900.1661293950046
-525.2918125609449,580.6328835258757,487.3888744841535
-486.05822609761435,572.8428849014281,1016.6591263831447
-504.1835808149194,688.897448719556,1843.236603809839
-527.4081913571692,582.662424202147,834.779309014552
-528.9864565018966,647.079519850005,916.9400257371778
-538.9064453983042,588.3868176001087,604.8462989421092
-494.02124838738337,582.4657397055679,997.7568
-549.9949803097447,602.6646952666676,595.9177698739093
-494.8419835073373,545.3541129181499,876.56284623125
-475.3071566053977,601.5758790966311,890.1787566372627
-432.1347008146954,684.5667392942571,1212.6908736904045
-540.41625739186,596.6006021230638,727.4133268851516
-481.2917615508345,581.8430375293352,951.6675037812464
-525.3715165701715,584.8065464338439,1023.1742853688111
-544.0264991473823,527.7167097452852,766.9178469123137
-513.9559754400407,642.6296575924348,665.5462716176129
-542.9362234284135,627.6856857901246,792.245551824151
-532.5066817231598,535.1894665775355,731.0144605239877
-482.9523832461373,824.8718919184957,1529.7227951176937
-495.7247465678481,583.3775148974141,1076.9010714696133
-494.48481587597234,590.7667118245031,997.8201701941429
-547.8326485478826,606.863888662437,634.3491316248815
-473.3938353555668,591.8672614647958,1238.4808417298643
-494.0074761266774,582.4755014156783,934.0457999999999
-470.1777338561823,483.25941604937907,732.6986480697359
-492.35943742710197,638.7693539153445,1096.052029255239
-485.0635871275372,589.5544947254286,848.0682658887869
-551.6894611769148,626.8330219846544,1031.5237239711432
-475.40772118378914,512.2835776456295,1304.4112672853353
-424.730332143688,512.582574734352,1127.8901713543926
-481.85970722680986,606.6910280365103,1586.1144427504764
-494.00604988886744,582.4838168362415,1029.0662
-544.320320989618,532.8432825955705,658.5270415110697
-516.8969127960067,629.1768418851443,1380.8039632446591
-542.5854052141108,614.3534865616987,550.4745229353388
-492.3947608063486,567.2828250186344,1008.0415958946033
-494.0273635285612,582.4788224098415,924.2800000000011
-539.3738896262535,585.4511926465358,611.8011610319887
-501.00962568242403,581.6396061124262,1124.0998797285974
-542.9180624043281,534.2355858084007,619.3336770224992
-474.2252945882349,514.506071413852,678.8398600384929
-558.4305553339009,589.0069875409293,686.152687251752
-494.0854078364396,575.7475210341025,796.0744477004565
-426.03925188074754,601.3383798161246,1192.1034061505684
-448.221466429909,479.1940520976258,1095.488992860724
-494.3054321689715,517.2157773078413,967.5617310381638
-493.9695741931341,583.5918480933836,879.7360296147976
-536.6426233609043,689.4883747728738,950.5544761431947
-480.2424476605921,541.7952827136774,459.37686102618227
-491.6496484889726,585.1701075764709,1136.28364957232
-508.16652774466047,613.6855388938716,1190.3085555304378
-508.87990757591797,694.4930621723972,1054.8462163142947
-507.0385682619217,638.4725590313772,1031.2811135648856
-511.7878257587613,605.4479825172798,793.4419881203207
-494.0069584854914,582.4812963451004,826.3996000000008
-507.4595432048561,488.75978014068727,776.5568072907151
-500.84579338426965,653.8992308472752,990.0490759777692
808.2580283951702,605.2858435703872,-772.729288415363
-609.9036634151753,618.4051404146073,802.4615126771056
-494.0104259303057,582.4850986408504,992.31816
-554.5284884091816,553.1489748486058,154.5298176547185
-481.7791796531519,639.9850491501953,1127.7825761713239
-494.02956524235424,582.4702429562226,1081.667
-494.0362784829704,582.4763214859056,879.3434
-494.01463969732777,582.4834865858279,864.028
-498.942832216924,640.5546857216882,793.1467642304656
-509.9872116434726,702.8933785506019,1190.3342500789454
-501.390788295947,587.5275800954428,784.0086871283346
-527.6818084856002,574.2044379390095,986.0830863691684
-493.66843771220374,582.4549660225543,832.2750723787193
-494.0159244024844,582.4860597422463,987.1474
-475.86172804675607,582.0975174587436,1065.923922424636
-494.0124848175906,582.489230996671,626.1232
-446.8646573898038,560.2903276920515,837.102561604457
-494.01621368937003,582.4861450077196,903.3098
-493.1884726601286,548.8255189580332,1081.5311003912352
-536.6080837513373,610.2618747017551,1417.8672069583454
-493.2413415139936,550.3899314304078,995.8045268554673
-533.9367979797162,608.5395634747239,1282.5209544855431
-456.548278915659,529.9635437164982,836.5212368704899
-471.7315263051223,582.6518228433117,1242.4998017921382
-494.60404334626924,591.5928222613904,1078.4485449718072
-478.381232572694,582.4438088179822,891.1985868988415
-489.7846256706016,690.3785943578557,799.1129999347597
-533.3012214116084,681.055179211738,816.5442924323307
-527.5032068187443,626.5411512152743,517.2386761312385
-494.2746858667015,568.3041879183808,743.5919145194051
-493.0894652002935,620.0811925032449,913.1085682668846
-490.3000842907004,669.0303487235626,1201.7280709202284
-557.5766330851689,588.9223429201064,666.9743605021099
-492.40187267096417,617.8048886655588,1171.2735832080582
-507.82811157313563,569.3602071930192,910.147908281569
-490.2983508344287,646.7580972370743,1122.8550055101389
-503.9204803969865,439.34023791651066,727.5423531534942
-493.6549270462633,590.6481693437036,723.3464388760633
-530.7786870793593,589.6696516984719,360.9572762636093
-513.0647677332522,610.5009729113534,862.1201852522637
-512.8775230902909,579.7053966589624,1154.525041812492
-494.01748077654884,582.4907398904079,1162.4261999999999
-528.0923227699031,566.7083019722106,857.8583366346234
-502.9185413619757,583.0439250146546,911.9489257467609
-482.50874955609834,557.3763305246398,1004.3986097409007
-497.9086495140059,493.7367808134983,982.1509088390034
-453.68004732980467,601.8249448143542,1199.1950084699156
-490.97146928945176,620.423972340494,923.1493756514976
-450.9481501062701,482.579830710157,982.3152117734473
-548.9860148610023,555.8299839136685,71.5850807692554
-491.39038528212404,585.4543864923742,1323.9119949092894
-505.90612547544674,500.9772756696625,562.6028527444188
-541.4529442927824,583.0211995792594,729.8255137433509
-472.4392757811411,589.5695270145405,976.7825745369956
-483.25912337569935,818.6743998640602,1471.5551018375447
-550.9491780329295,601.6772870379776,590.5865028300614
-615.4968651356053,841.4351905065123,645.1100374068681
-572.7857736226763,708.3073374247588,555.2252415976571
-554.7881143357522,689.4126722934529,1109.6096539613238
-530.6383360021587,632.2535778378204,1001.0772761834986
-484.8669450630232,624.5626582520158,1204.110240840131
-494.0097507413461,582.485371092582,691.7404
-622.7461583861259,856.8537375304759,728.353947515398
-498.3067008716548,484.81872437422976,1156.3292301113731
-493.7831043523611,562.1380265449128,740.6360497925849
-492.31350113178496,617.8898679767772,1080.915801467347
-494.01012833779805,582.478503005365,1190.09536
-624.5577747832685,860.7240534054381,749.1626133907903
-507.9225101036409,491.6449519446795,884.660301826268
-500.344995410253,462.17843996978127,769.7696002537803
-494.0300303376548,582.4884735632709,1149.7845
-295.9485335565155,672.0360195371761,2021.9152923202357
-490.5995939914501,645.457663018395,1203.50595718238
-546.3106444729497,714.7917742002427,1325.7307822549765
-485.45027874737093,459.4055538069572,527.4469867434664
-517.4802904511555,590.2834839981183,944.6206284878091
-494.32192821071885,604.4338077891689,813.9110727678967
-538.7489537189231,674.6040567726384,830.0887874079765
-484.58081544617653,591.169372402592,1112.7211958159235
-488.48571317686833,485.0429698605865,788.3211508390516
-476.2834076616955,582.1025146303539,1023.487095473349
-489.4549142785186,557.0093503847675,806.1140324933957
-492.425328152302,617.4396282606601,1151.3555353771085
-500.63097288352355,585.1520492481129,591.0179305260056
-507.6082558135972,634.6654311559239,992.7198818460325
963.7970478323459,593.99253042092,-760.7365932164867
-520.8226936384904,710.1888987671248,1087.0692063933225
-490.49322178397915,647.5885976109943,1269.4367219198025
-494.001134049925,582.4851053451495,1110.98448
-500.4947979297217,715.1711127293172,1009.1232085489706
-529.279935266351,573.8176263140883,1068.8400297476342
-496.2273262130452,619.7838150263183,996.1266052720165
-451.17932430581413,485.8534669441955,976.4861409417869
-493.7658013708965,572.4510454048882,800.79946110889
-494.22932403355117,573.3046751792954,1053.1315353195803
-476.3828016885666,515.9664423357317,1196.9348720537364
-531.0886486205859,565.323681040122,998.5929568841703
-493.5912100741525,627.7443195651292,1004.6542039566554
-476.0587820745923,639.579001306935,1690.152043160092
-494.01482215572287,582.4943890985246,1039.1158
-451.3492737424631,522.6964260023212,1056.4680120878388
-521.135046777475,580.8897544436152,322.8218192009504
-493.8214578767929,602.9004441896025,955.077093924963
-476.4892775324147,844.3980314522576,1729.4581803236206
-489.9779179024738,688.1704967578999,1246.1596576664112
-563.6271406083365,587.0376797554086,1133.902483846273
-513.8663700982845,536.0077102601599,501.97168999441044
-520.0681954928305,585.0948991827546,342.65332765218807
-492.4668309130989,634.4461293118281,953.6028840727517
-501.4942760109516,609.6520655797194,1062.495199758161
-494.0264242009848,582.4817012130698,1204.4279999999999
-562.9693112281611,586.9846017791242,1115.8700250645752
-486.1531317494589,469.73881312236995,420.12577602923153
-467.80236779996176,544.8602392339552,1072.2027517287415
-540.4793339923253,741.8717191508867,1590.7846659176803
-524.3999760442534,583.7850130299458,1051.5938325796285
-494.01898690281655,582.4775027768214,754.8646
-542.8928722521532,683.1207270008929,976.3003745733214
-493.99439471447886,582.4857723989945,1212.0948
-484.2870648991202,731.5094253926255,1203.8590765863146
-457.48542269661175,531.2860676344058,796.5307687056312
-494.1748129182265,545.862732541992,614.382035432536
-509.0401421341717,695.6890172263315,1074.2018847241218
-552.1913277017702,684.8147110967716,1029.8879846039551
-529.4483930647552,580.3916130123678,651.9559690489137
-493.96077551020926,583.6773668479021,997.5333060048567
-534.8267094479504,590.4528943671351,482.8886399978894
-552.3164493478989,593.8066843153272,1108.1839163531838
-492.18289403942345,444.6586278962199,773.6468396023387
-495.2771644215318,488.3877870498527,630.3832663651539
-288.9581497039576,675.1919557084564,2119.7477909508807
-495.38438372330893,632.3676230750268,1044.0456489982935
-532.2876594257914,686.5502549039668,1110.7766801185564
-477.12976207017937,582.1229167326305,938.613473749752
-507.33589207897603,639.8001552057503,1073.7106091385504
-517.0795633627363,655.1476123129795,1059.6536558701632
-495.6300380364653,583.3184281354747,974.3020745546185
-494.76269784607666,598.6914389124879,1104.499220726291
-494.023890732429,582.4663719113328,834.2228000000006
-506.481537226779,582.702452599084,1115.2319365810274
-544.0903126181652,532.0480297678434,752.3684903579926
-475.2239641559838,511.55640400574566,1325.907047256501
-489.6040684759205,540.4009302006293,1098.0711927198058
-542.9741999548214,620.1161720019586,761.7242316131442
-493.57120600952567,640.7537080113543,1027.7710752205269
-494.0135768719333,582.4828029364953,1224.3324
-495.2046605509436,492.6927672451509,567.3717631209756
-530.1262664627411,589.5345740654313,340.6346050835167
-483.68397617836763,581.6764738260803,1109.3257019636364
-484.2500358386287,591.4834079311825,1177.5703291909063
-491.98026058770665,669.640675800405,986.1592069886103
-493.9964137962561,574.0847481768452,904.2240558224349
-474.4135082774583,591.388783206492,1141.1616333265488
-485.112490374162,571.6791382866693,1230.4012020897599
-499.0126931267673,641.3580506225585,814.3428889721233
-491.88751147658195,673.5877597277429,1064.7838484592337
-487.82139806327314,621.0967133241877,874.4959756908916
-495.5324196108545,548.8894755404424,905.9193945408658
-514.9440382458945,533.455558164706,570.504957824274
-494.0137694024786,582.4862383291475,719.1912
-456.44580925604373,600.5032289747119,1065.6626824426476
-493.74411367105904,496.70755327787424,708.3484968378793
-506.0009317786139,643.6139073389132,866.8714097847131
-599.1494846635471,583.3045218147811,777.1606227239781
-493.5445636104166,607.6538252138769,1167.2920926485415
-479.2401790609117,538.8158993743841,547.8446395686017
-506.80943852464657,494.7596899873022,662.8769099901588
-495.1068846325484,552.004311825398,783.3919073444448
-534.9484320875526,708.2702724479436,1341.412523539554
-482.13282658195703,517.3374027091631,1072.322230930838
-541.3228294956357,534.8379734422674,668.9857000606276
-494.00251095852263,582.4881196210627,885.9074
-494.023576680288,582.4861940779552,908.302
-494.03724407728487,582.493771732146,847.3414
-495.34877289822,536.966134221985,1202.7891284909888
-555.1102435069877,603.073719912432,688.5014228189391
-525.7435417709012,584.8268698469413,1043.9444035820916
-501.4891452864233,599.7310579263103,1278.154385161544
-525.1209813007517,584.3075164506562,727.7024366699546
-511.8155378517681,487.68323271023655,499.9998187025042
-493.7736845703489,572.736086079618,757.5283076489955
-491.10297866077326,618.9913703265916,860.3524939856811
-523.9800063820355,551.5229782837966,843.7416255035284
-508.5009410999646,487.9963475467838,950.2871685071805
-490.0112828423969,686.9744013194343,1223.5259344968024
-547.3752787490371,585.2328357623769,650.0885557422627
-494.0236840493076,582.4728178668,1227.8782
-537.4933309229128,575.9467649391431,763.667525571845
-469.22795610885396,546.9047118937657,973.2291655033216
-553.2092795423414,579.6475436843025,705.9024708928723
-498.53241166324733,623.0962954326039,1261.3688995596885
-506.66829538842694,534.861942037174,805.5037790950736
-494.02219339227486,582.4827365508754,1046.675600000001
-495.2284830121471,548.8429758286929,942.6433221000215
-505.63415736742854,742.2904474912939,1941.4874601047052
-565.3188277898926,680.204487559233,1083.2745477988426
-547.6457780629353,675.2649744623805,841.8719667543589
-487.50676634133697,734.0060687343946,1234.0853722391998
-548.0040694171198,531.9614562636848,1328.2057045779102
-484.9881825122177,499.87918770825877,977.7899372449
-494.0304188730779,582.4809669650404,866.6628000000007
-550.0652996398708,702.4986179453296,1153.1312889298847
-555.8373830750247,579.5105672668551,770.0054862868678
-568.5739905918329,599.9181301886447,544.3699845742469
-495.09678709932996,559.8191358490428,810.3360234239508
-493.5710737864433,592.1411435862811,1120.744054200971
-551.0228840169389,694.3034901028163,1173.8605653959835
-514.6002847719496,647.3022766621576,864.2536241129658
-495.5372128498657,686.1374927370648,1062.5169932133485
-514.5817435520025,644.5511021823652,710.7923687053272
-507.74791998388673,492.86255109845945,862.7845977517916
-545.7212227468508,728.7425849660549,923.0495987285619
-487.56423719242366,732.7413960882877,1217.5560083660555
-521.7846227162781,481.2820285741582,1215.1855275833636
-532.7965530486858,590.0643047981462,421.92315977736035
-492.52579693660414,568.4397317969574,874.5740528392811
-541.1962346828241,744.3668411604349,1627.3256570867848
-434.30148721468004,543.1137672535376,1086.857277441729
-494.022999424129,582.4850356886348,798.592000000001
-494.01302879767445,582.4842361139679,1007.5840000000007
-493.9999315632849,582.4985770782694,582.3784
-544.0697797606435,685.5480867430924,1018.0756940277004
-514.1301190834051,612.0830051535282,953.3369353862233
-453.53017407409106,580.7761316177775,1222.6196002824524
-549.4441202409598,678.3789688721158,895.584030492906
-494.288698453023,568.0917349374548,765.4124290853949
-493.2508279987908,550.7882469796159,974.3730252106328
-487.1912425479218,741.565820396045,1333.263192791713
-476.9113047680655,559.086204583939,1089.8182409868487
-494.01256805805224,582.4979844498262,757.0304
904.9312832076157,593.5243595035079,-760.3431862839934
-495.9062998516288,914.2795071625021,1372.3942471282387
-423.9851039261871,511.8338543518851,1148.0725990544224
-493.2534635791626,613.4275830107949,989.6552267550401
-548.9409666702522,700.06454572883,1114.6037368595053
-489.83958101315943,542.7162559900962,996.5563375393151
-493.7011358413788,590.1026663036926,850.2041793476418
-553.4919747663184,687.1172785196552,1069.7485505859654
-494.0323285400459,582.4748833752067,856.139
-487.5354613253685,705.9113825178531,1170.5800399098068
-494.0096562236404,582.4850758269563,739.8966
-523.4603436839616,636.8460612130384,652.7191122151471
-534.5692517930026,532.6499040075282,810.6561885711805
-534.2503796820993,683.4580139879254,854.8334293883818
963.8108857219868,608.1012694390945,-788.0608960122845
-554.2711794408181,602.7964515747341,668.9187245768549
-481.7751761867994,569.8061387444621,627.9839723850661
-509.6855166140913,747.7188051817068,1324.7995860124809
-484.220108622867,590.2228019319925,997.777221668551
-486.0232524225503,467.6717361943836,441.59006283967756
-561.1141549224526,586.8533790727093,1098.6122194076074
-485.5971200661106,572.244947135039,1123.5301417771475
-512.8813883741582,489.27155464454404,646.3834660544316
-542.8946351573875,583.0797388011006,876.9523268966227
-494.23547650695355,573.5037294862911,1011.1862645346907
-494.01820458274733,582.4779318081228,955.1216000000006
-529.1808282486545,584.5648524502191,921.4650604152978
-545.3740375991117,526.2229847332414,807.3526743710162
-495.83118446660364,607.3934206644134,949.6921200101181
-548.3077859416458,688.9853443485208,1082.3973800164563
-525.5216263039413,563.7966915953709,603.739162714394
-471.59774099601464,486.21215197397015,984.5628933699758
-494.01665948568234,582.4829522372609,927.0576000000008
-494.00347408667403,582.4762801343079,1002.5068000000001
-532.2716059720001,615.6604115254991,836.4614757226092
-487.1507066020117,582.0759695980507,668.4850615477853
-509.32240014547097,641.2402742883824,1212.301691499353
-523.5433426352217,622.744395632973,795.6065366084564
-494.48115521354885,590.5666544053004,955.6825699321464
-508.86741404397026,582.4593001493361,1139.7215888380003
-489.9661634289946,685.5157791795466,729.125510474454
-494.01613282826565,582.4897374436416,819.4058
-475.217891044068,591.0204069623105,1063.3060937374164
-495.14926492399263,543.0179770698006,943.0780739116569
-500.7884842154717,585.2293403268479,626.6684841795332
-470.9755591939461,503.5084431775799,1489.9226333733395
-547.8077845887497,697.6410855657886,1076.0757900431227
-517.4251090166717,583.8670370425758,812.0654340854072
-508.9022202001647,646.4652704683092,1285.856369444298
-554.256888338457,604.2283466994043,698.8439255692696
-494.0421576888066,582.4680669527985,899.1578
-492.38055330762745,616.2344295141093,995.4502679626814
-494.24311803929413,558.8741007366284,800.3125481232443
-474.4375715298643,670.994538052014,1444.2291500002252
-494.0219479204475,582.4815748400581,1033.5610000000001
-472.585936554668,679.4014311434524,1652.8993532054537
-491.73607846749655,679.7043504552332,1097.039886778588
-506.3760115285945,535.9669935823783,769.9388678093327
-523.6799910744785,474.35481168368597,1349.9247715739266
-478.4855493655024,536.573629486853,614.1951004474633
-494.01658310086896,591.0375307138451,979.8002571423982
-506.5538590407805,593.9708233023721,973.639363810838
-567.9329081376607,700.5447673839451,474.6518629468329
-447.4521635473948,560.5818216400189,816.736359917664
-485.7422016736796,506.74415883266056,834.0393228897354
-494.0159545895922,582.4659955973996,972.9088
-501.44703485410855,581.5865087564619,1242.4892133411556
-547.0895076251593,617.335435296485,671.5604461256119
-544.8669617669675,584.9194050974327,614.034968691276
-502.7400733031491,613.9397270778534,815.0933817543824
-489.893064584915,570.6899794753513,879.0280534706505
-493.7642274427335,498.0440856559562,685.2666956675248
-500.8193690848084,581.6592016754012,1073.3616029020766
-537.7889566222373,689.2365005959361,1415.7471722427617
-494.6963163440623,679.7595071777355,1359.1284927024926
-495.5704930422662,523.3532413938813,1116.4334977037431
-538.8561737310183,691.8649151150441,1469.0039786568493
-507.91326831787455,635.867363588045,1032.6436939472496
-536.6968879287776,640.6693003717589,1102.1517749824545
-494.39236376456756,557.1804495373588,652.7335976733175
-494.0227520184651,582.4710195099656,735.3972
-546.0796113327392,622.5166414006296,858.0813602618829
-497.3776900453263,453.8994144472368,761.3132620023509
-539.5798723160151,693.6002258715582,1504.5090418575498
-500.6466051602829,718.1806684306489,1048.9932556279002
-517.7767578515961,590.3687618391375,965.7344195929046
-513.7183014834568,611.4469228180559,916.850115510917
-505.30809028585963,592.8121389137038,801.723397888821
-490.971439111117,510.06525609844454,759.4823635224416
-551.690483475687,655.6411871015719,747.9794635675689
-507.18426957432257,639.137635673437,1052.4958327416505
-529.4101341642704,576.1563249324735,681.7440048760656
-459.1016685163604,565.5246479579484,842.0999443247513
-507.64447516759265,569.5292883047028,889.3876483707209
-526.479740799627,580.5686079122538,534.4080422535758
-503.996098101165,609.2248409179826,990.5770312059393
-603.1129206971775,583.33812107513,834.838899613388
-580.5161270814854,602.7316934178011,752.1714196666424
-475.61038455547487,513.0223324662929,1282.9161541024575
-495.12693337592736,544.0284969385704,899.7929401823785
-493.6947818317949,589.8073840755835,788.0711731228782
-597.8272340275178,583.2942836282548,757.9345916152263
-545.7029773231848,599.21146830966,494.50184128754165
-450.69507614043187,484.736114064356,996.3196811466095
-540.8375284855717,536.2894920984678,560.541608835832
-512.2957280218907,492.17108551316164,603.0596227532885
-463.87962674390474,578.9870039530088,936.9383408007916
-494.0181588205078,582.4901795723763,969.2006
-494.0302957791014,582.47614212291,761.4015999999999
-449.20362257466195,481.4159640031743,1055.8214156651766
-494.02661973670797,582.4858812284074,886.774
-494.00331417546977,582.4697674450501,951.4988000000001
-564.5476908207943,633.0359030557206,699.823313616282
-490.78464385480083,616.902052267727,1150.9085025757486
-535.3947457411341,638.8995322639164,1045.745597447201
-421.7731771180488,509.58152767902715,1208.620593276198
-529.2247573567329,612.998293094093,709.215496377072
-493.0927886939812,619.602758027746,892.058435254439
-494.22971393339594,559.2626651581975,776.3856911021809
-493.1197020214481,641.0409110882867,1057.7958075603133
-489.56414230535256,529.4267782642545,1053.6495537974927
-493.4787721755547,585.6873101636861,907.6545101897942
-500.1760722821223,465.57064841453894,726.8812844598469
-516.7683882269775,580.6132321497923,851.9600549997187
-493.5840618879952,591.6389672808426,1024.0385681853109
-551.570190512221,695.3591988127635,1192.1534393213738
-503.1138967678594,409.36784741850204,863.8041225850025
-551.970094924744,586.2644955127058,847.0082995127343
-566.7642416281344,682.2036527952325,1120.6755084736656
-507.44669284570864,634.0667445181505,972.7579739377826
-491.5251766452998,689.1932643030434,1277.486356834742
-494.39607606777827,557.9174841545048,611.2509623029352
-482.27010461591954,518.0610765527908,1051.9134690657388
-497.9679594152326,688.949169249317,1205.9210147124154
-513.4499524554908,628.8187501726061,892.40919803237
-495.26398984439174,547.0839433369908,1053.1848138670887
-505.79075713701536,525.7498459531182,169.29952115845987
-494.0981648651373,580.2216103387816,967.5794016606893
-494.0168622907272,582.4828062776262,1203.697
-549.0245611776472,666.9284942413278,1159.3596176261003
-476.70276190558025,582.1107049958473,981.0502459579791
-547.3562959392798,650.1599270293243,635.4573162994643
-485.62578902350924,597.6162609372362,872.0780807832215
1244.8573056807309,622.3888498303966,-804.9229911546317
-521.2804127420341,580.24192583681,1169.725979005952
-494.01910832395924,582.4774752283345,667.4681999999999
-566.4483947988738,634.4208660837012,739.1087742980549
-534.6981475646635,609.0265248012621,1321.1914085149783
-500.5100239404037,458.7973916894714,812.6588082679277
-494.11791827794923,587.7597180925279,737.9459719804404
-547.7732920306694,687.9216585614818,1064.1045389576327
-494.01084312186777,582.4903266697709,970.988
-500.5065313563837,514.4944133650113,989.7717145862251
-500.7633569772188,511.86474649910406,1057.1709565366934
-473.9462092814588,582.0476421793519,1256.8894582591843
-494.01650866320824,582.4749000845293,854.8355800000008
-510.0830144849524,847.312958086068,1719.8834631419895
-481.70920017230765,486.09563069940987,394.01306308026847
-546.9471438616201,732.1805721873391,962.3752844988784
-494.0094207842362,582.4908006476257,821.9300000000001
-494.002641053547,582.48001059743,853.5369999999999
-557.9392392682068,585.7671082456284,927.7844512717288
-490.9821725655629,614.7523842747306,1031.4985195926051
-533.8202982898365,616.979053984026,900.0841218508958
-521.0661890923536,585.2001474810779,384.7230090047448
-481.07635690632696,554.2538999399403,1222.8997593623403
-492.33694095197643,619.2716715872584,1250.9456779625266
-526.2146615861375,641.9698329246576,784.8294636963209
-507.8210980050435,641.7980034659281,1137.3542861390258
-513.2131007016919,628.2733455094235,872.9014316454276
-517.3761233262744,580.5530989162642,894.3287455077751
-493.48527409323856,632.0991313992641,939.8675969856889
-565.3019126257745,519.1337347320642,880.1320131724091
-494.3340805585817,567.5720685345661,916.7894989437452
-492.4775048291208,465.89309667746267,538.5499468937584
-552.8420996839845,685.9653014106996,1049.8182922313533
-534.058474751994,582.9777092702623,582.9331327994822
-494.03498390208824,582.4754686913557,976.7902
-466.1648307527521,626.0912258974375,1162.51134441735
-494.0132163371811,582.4719843609048,975.2714000000005
-500.6883850778918,580.4313402831708,823.4388528290299
-491.20317978386174,656.741764909348,1347.923042532736
-494.00902740028096,582.4895492154563,1071.42904
-492.57565165370534,562.3420674013964,1161.2315026986432
-493.5595720677693,628.276078937231,1025.0562528655212
-509.1632962209046,615.8452687490853,1324.8697463432027
-502.6026860331426,583.0204832800573,854.7577545851004
-495.17699056628817,542.5167165689071,964.7207353589839
-482.30847864080215,637.4667496833262,1045.462515173185
-533.2150736746016,564.3359728802475,1099.1179622174345
-491.68778633501825,681.8231647958976,1137.1386169347563
-551.769568589019,706.1369158724275,1210.9229060626694
-529.0479450379075,579.8075297811447,960.1844377081859
-494.0295162602624,582.4823890942878,916.5662
-487.3733487630884,623.855521451979,991.3615556038638
-486.4418973375741,573.314234749977,931.1623525628429
-471.9575876418876,589.7340065105935,1014.4214721882502
-481.502672987755,641.2469133974909,1168.9424208111318
-499.3419008878384,645.3453570331408,920.3248329395642
-506.4553177418468,497.2461583055024,622.7671884589588
-494.0245304559396,582.4701735753201,1073.66952
-506.09440099304675,499.7286008140627,582.6572932886188
-492.4731729473392,561.0091898185478,1289.0160537455997
-251.79875692765427,505.80466782091776,1243.5718935263067
-516.5408453814161,681.153688035074,877.3966333006538
-505.7265461970469,502.2169341782219,542.5478057632787
-546.6504830221156,631.1209643173672,909.5647100727232
-551.4904185900155,579.723699388979,663.1657587951976
-560.9613572913654,586.8634667154811,1061.7736120382801
-492.60693777548613,569.2141366978276,785.5957196277069
-495.53834778834516,548.5065101851922,925.665540456986
-501.1369991936326,608.4110403362674,979.3191709883527
-557.1506657069258,583.9332014424758,562.8318479257316
-529.2094314426658,628.7782741364347,581.8114207750477
-541.5256316152575,535.6062697657254,580.1392099862362
-492.46324481896954,521.7729569830534,853.7274553704634
-493.2718070331043,552.3627084119555,888.646635922893
-473.7440768263891,582.6259021258884,1063.5927256427344
-545.105055491555,727.0325049613596,903.3860915549233
-491.40100515437234,694.4679364678216,1377.7342426506743
-506.67269659752264,399.5144176242643,1139.1183640125432
-494.02029744608535,582.4758493631875,903.332000000001
-490.8545637639304,697.423550530083,1169.5189622502228
-529.8336626446203,582.6711828561421,949.3779899931268
-494.04083816754974,582.4635105613066,858.7374
-513.6578895046584,573.2757380493053,781.8636349917417
-505.4245975722806,571.6508477696694,619.5021537776024
-480.419093460328,475.8533419554351,515.6592855670286
-493.4719809589485,634.2525119846883,1013.388910140115
-470.062407173913,565.2586292698467,975.5728848001221
-487.2636882446918,740.2933634012643,1316.7342959690582
-472.53130947868476,582.6427748293263,1170.936924373791
-430.86641901083203,686.650908310799,1252.3044211105814
-527.1695244458629,611.2207702095297,624.3854805342597
-493.96459920635334,583.6594078704724,977.9004290296275
-534.8180081491141,576.3472843684663,670.4499472386552
-498.5941289876796,623.7308862264424,1292.3337299337545
-534.533905050785,707.0940328297402,1321.6068515632792
-495.69449871453935,605.630237035229,829.2877336510703
-547.1165296643007,598.6314824056827,940.613057196693
-474.19811349854217,583.1098225036125,1075.020686849401
-494.03217289732265,582.4893053620931,1237.357
-490.6682428507447,503.33816679694036,899.9473421672843
-568.3482086282088,635.7968299767908,778.3945576857022
-548.1349593397997,585.2564214093163,669.923794244444
-544.1755122849067,584.8675611878998,595.2251651446135
-506.95440068939797,533.785152813093,841.0694719212913
-501.96703802554043,600.8656420807997,1412.012073173919
662.9187401661184,602.9011366451778,-775.2970459047247
-492.2538073503174,448.2009177563854,734.4643355946348
-544.095608962954,615.3400885491217,590.8363828437792
-494.026722355065,582.4758313797511,1015.431000000001
-508.2334925771743,637.0608688662269,1072.567653731304
-476.94250569737915,582.1076320736333,959.8321202706209
-493.563588071896,592.2347477644595,1140.0851833543677
-561.0074300195538,589.2691870935645,743.6869525470076
-569.1427701451364,702.4779505107015,494.7961149910102
-494.03747194407606,582.4886526287327,948.9424
-613.6951543364225,837.5648214612756,624.300759802725
-494.0493091717144,582.489689205113,969.2626
-494.01583461613427,582.476802078608,1100.275
-542.7055608548344,533.4426426279833,710.6771112516321
-670.3107629639399,677.8169874900757,734.9222473814508
-504.6990092481997,427.96859284111724,845.1360775335918
-473.50533601285906,675.1944932531486,1548.564356323598
-552.5418452968515,656.7380317120294,770.4844601775959
-543.0930178498925,536.5592311027149,1139.6169711098428
-528.5241087259883,583.0431896468889,851.1422173827136
-525.2712309275812,574.8010097267518,861.9480421207476
-483.59105599670147,581.6714892334242,1128.1753746247753
-502.08448504596936,588.0322424216754,929.9474268494776
-543.8736780689435,581.2920489120818,1367.392359282597
-484.71541229105105,488.11316034214485,711.3968412516076
-494.0185420672842,582.4682483636016,873.6641999999999
-524.1072472120804,580.7121705144073,440.36961859593544
-504.5886640089411,592.1955705607809,706.2145618466755
-495.298772219149,629.3926619988217,936.7674702872775
-561.6650196111154,638.0509385272474,748.5463373959687
-504.83956649746824,611.5240979076632,1139.9233953124035
-466.6685625675784,468.68526929706195,950.7528455555066
-474.2199791397579,602.6718674510846,985.2504538143728
-490.86142845366226,547.9785715827916,812.1743741955344
-489.89007509755083,533.4491870298908,916.6285980296536
-494.00749113763277,582.5075487557747,865.1964
-490.6759286760887,550.2444663058573,1018.6462241339791
-518.6560116688684,583.9293607100543,893.0971811669501
684.0292812745902,603.2703397025552,-775.7330942109202
-551.3038284509598,586.2108308302373,827.6528965361338
-495.3331850276684,630.5870279210023,979.6786005345507
-494.27620902003173,518.7295163568681,928.2491063974178
-561.6349415527316,586.9039378326652,1079.8056191817063
-493.5489147024273,607.3639152741002,1144.4017125681999
-504.0342015347642,437.4574289764539,747.1423271210786
-501.46050472558136,734.6962983920639,1268.2810992542145
-528.8216250436449,674.4570199468121,946.566653303925
-531.2288627755852,584.683101783953,1018.346040572372
-494.00511011078333,582.4851045041992,997.45184
-491.6815470678325,625.9792541139315,906.0833017681099
-463.21610845417354,578.9144712244604,973.7779312245415
-508.9987530585863,608.3848241010055,1394.4820412832826
-494.03904520913284,590.9168728984836,959.8918270313992
-458.285102088656,599.6159709653225,976.6410940136458
-543.47889701124,584.8434262255901,576.4154879764735
-507.53987853571914,578.0359788952883,1219.8174019969642
-538.5915861531644,695.2983364039011,1019.4360523899354
-593.0292476735772,594.8549725603095,609.5153894524801
805.7042280715577,614.0250774330505,-859.7822096242053
-568.1274351911593,643.3492478569231,891.7775818571528
-581.1804583060516,692.2111094308045,969.2626143682864
-495.55226147903136,688.319093349196,1100.4803241303011
-540.3446612033863,630.6160269191495,954.3736188060557
-556.4308137860016,612.4397086625168,950.1987565898532
-494.0177020142519,582.4756467416559,847.807
-493.8496118728631,542.0696688086448,869.4154760780789
-474.1908147545719,591.4900748320315,1160.6252701511469
-512.0326288922456,605.7606758493923,814.495361034835
-498.3872949903043,482.8432060262734,1195.0358467593035
-494.03230348503575,582.4809172312475,884.3696
-492.8754795254806,564.9765047012672,546.963162597573
-494.0072571320984,582.4918283628447,1286.2386
-492.4915922728626,522.5292171181453,833.8290821163656
-567.4971671017454,683.1994344004167,1139.37584049468
-520.7024185009066,485.2439194028216,1138.1918165800291
-497.3288944643814,455.4575216062321,743.0165500687139
-506.63141066384674,496.0021129196623,642.8220105788687
-535.4942651262718,687.4911297550544,896.919004485653
-488.1209661642338,561.0255276562718,606.2421846925245
-558.1143795336925,583.9601965282172,582.826287952509
-502.13345607477004,428.27893805251165,687.3231739882216
-493.56141386873514,592.3352862109863,1159.4262801527102
-493.8475029559238,542.5498390006537,850.238814991929
-487.28060551296403,624.4190601351045,1014.7342053699132
-494.72567010544344,503.1388235081797,647.0243996481971
-539.2144296454851,692.7326918508898,1486.7565633509746
-493.9966044952821,582.4898767260088,912.7201600000008
-667.9867057504912,676.5634131427678,715.349886334317
-528.2299877565158,582.6653722466664,872.978616490405
-511.64936228645684,579.8955756450778,1030.9371101794864
-500.8853598874648,585.2581448015089,644.4936917054625
-491.61307401805925,684.9796357797334,1197.287744714613
-517.1223261878299,583.8538369624836,791.8074211797598
-505.5129344977404,740.7786494921006,1916.1391796258822
-548.2171282684267,651.244817717165,657.962515607973
-494.53284204774354,570.1217950512538,453.23095982983784
-527.2827262142041,574.3029375791575,965.3938519046535
-532.4276916966278,607.5415861861658,1205.180066980768
-619.1301585760266,849.1460288584913,686.7312163694676
-490.7656748756183,551.0866502989225,972.3414011293402
-615.5913293841479,595.5784533416986,235.92231002708687
-507.18837523432217,578.1452031160311,1169.0782343897074
-554.7897638986028,701.7463489082716,1301.9099638110142
-526.6850153385956,548.7316656382557,988.1099450469266
-532.0599488620601,607.2973794357457,1185.8445997304934
-452.0026250771407,484.9966330654187,940.3784031022586
-546.2634232096275,584.987274802741,651.6541862349454
-494.0200107697169,582.481405932901,925.9110000000001
-472.73749280729,582.6433063878899,1153.046260676433
-453.09908848727673,505.1801306720498,1166.6654441687283
-494.0141337096545,582.4731967542893,934.9718000000006
-490.30278250211313,764.1576980732987,1244.8828826546267
-490.35268805965734,530.8740036539293,1055.029895514584
-510.8450096082538,579.9908006737364,948.5449670981748
-493.8110750408964,575.5215310706192,666.6861992480815
-470.87707772248336,486.1586411323574,689.0866402352328
-490.2081489465088,682.1752955782399,1132.9922002531107
-521.3144816393951,589.1349637063045,715.4898655022985
-490.8037922955323,700.1348761918412,1214.9692519220987
-507.27245802831476,539.9364313046021,973.937814156928
-495.7228642114005,605.9232736704076,849.3551374581768
-494.02030506820006,582.1765834049243,762.4048729218955
-641.5264105012188,584.2651284033623,674.829981196207
-492.3941704480487,518.7564806936765,933.3213547896104
-501.6913296378152,436.6853752707598,608.8874052451444
-548.2458105503347,676.2909137817473,859.7764553792927
-454.18506303064714,526.6496780527061,936.4966547654317
-541.0354307023517,596.7756069076089,746.7949160656989
-494.0187275513331,582.4831342950395,1054.6151
-485.8132715832903,620.1431902365102,997.9663965128664
-490.82059203568497,698.7794180839487,1192.2440718804642
-562.7351599011495,589.4420932842232,782.0426985911988
-521.1234313226832,711.6985724000494,1108.6381099496746
-514.2680991202224,643.5873674532713,688.169485000336
-493.99906275403964,582.4812901696423,850.5354000000001
-476.96858837917944,636.6775321019952,1566.3272415846775
-465.8468926876435,626.5803499143902,1183.7172361632433
-494.0994984289064,575.4140518271058,658.8144379198512
-510.2131602188183,849.2498463420795,1738.0003321638128
-496.29436798791676,621.3013772161853,1066.1675739732198
-583.324672525524,694.9352149270524,1011.779768437271
-477.8066209224876,455.407563765285,758.9552574653973
-477.1090336759419,559.3482472580286,1068.9650311065118
-495.0209725350719,554.7082818163958,646.8904944003713
-531.8804636237282,685.472725427052,1091.399400842509
-508.41713501834215,582.458155922234,1082.2233397241719
-301.78300226854435,669.3745123658334,1940.389309979561
-507.24962724170337,532.7050238899687,876.6350147613102
-494.017954567124,590.8355923193125,939.9832032140022
-510.89279262000764,664.3599251761675,810.5143917244887
-448.96666135702117,580.5777405894912,1445.5403233153959
-546.1920819916072,529.9447044256015,814.9045392373927
-500.2145651978333,580.5642155886144,710.1127900948297
-494.87187653050705,623.8683933619043,942.0526977233009
-531.3860560407725,676.2423993701523,739.966813783279
-494.0237305679252,582.4748636416698,914.4646
-518.0603757958465,530.3333401695972,968.8839356695646
-506.8903060450066,556.5715143637685,802.3097855623657
-494.30023438598096,514.2539453941508,1046.1891090256088
-498.5624911763366,623.4183942249867,1276.8512428916465
-433.3764838901261,682.512814508083,1173.074317248752
-525.7532832187608,641.1084132930359,762.8114280798297
-519.24444454994,702.7049900335157,979.2218569786155
-491.97348647049785,683.3026316277351,997.6927009564927
-493.786764725734,562.9616355164079,680.4801172882848
-565.1763562839278,595.9006873578978,354.15059734541
-494.0077196096411,582.1629743562789,852.9080737726144
-562.4007774197471,676.2262025862938,1008.4724655460852
-490.708214528242,643.3487766592747,1137.5743604248842
-445.0449274160824,559.4286156685107,898.1996623534791
744.8831563087788,612.5613831546295,-854.731143910516
-502.70579211291806,583.0263156214021,873.8214890556491
-506.33742421474903,496.4380033350463,651.5491728860153
-508.44474110086685,614.3053473210744,1228.754618278806
-487.3019754359593,739.0426943052216,1300.2041103406957
-476.1279360434887,558.0265398688557,1173.2309528062042
-535.267739287543,587.8967224731185,494.68813088613183
-494.0214685575688,582.4599409164134,851.5132
-494.1754221199835,544.1380658872968,679.1205995654777
-494.0024572964244,582.4994426047954,578.0574
-486.6477732016383,582.0497014450373,775.300132869323
-533.0171992836611,534.5611786639424,750.9252694952909
-520.5627342196037,585.157201962798,363.6882589719844
-494.8395971879486,622.8850683291637,901.4164445186167
-494.02229131932245,582.4774582126778,838.5272
-492.2192833863696,663.7872294013237,1092.0996486409408
-494.00399531894254,582.4837535099635,975.7471400000009
-552.0852694398495,610.3584566167265,831.7537066988558
-495.00458145059474,474.7147881669137,1107.8014158198173
-531.1819941834858,579.6504241247017,1064.9666397166097
-511.5478951178238,605.1316677430304,772.3886155690491
-613.5072249261164,595.3494962143491,219.0808910998597
-518.1457348330914,564.730325730453,541.5824550746192
-658.7056114082316,671.5346114109702,637.0597310644384
-492.3950663280425,559.8737182296259,1395.5028642280822
-495.64450714017903,520.7412279589716,1198.7557160815172
-482.25330571066297,556.8035058842688,1044.1260464119578
-494.02312778069063,582.4761951224008,807.957
-549.3507568644388,618.8174230490431,732.1033270748644
-569.3376758196787,591.2007841285667,443.7613271039618
-501.5879617868022,609.9660042376927,1083.289124636276
-471.950929777076,582.6410758881198,1224.6092571308689
-428.91212231013174,496.5519930692899,1010.3715132216141
-494.3272893335993,565.6121147023179,1027.2596771645608
-492.3057308285322,566.5241891593596,1097.020103519475
-494.01691235519047,582.4720559035915,1107.721
-493.24482340979193,613.8004841403549,1010.9055236124686
-494.00461692632325,582.4931636672729,1265.6032
-494.02533866277554,582.476158869021,819.540000000001
-554.7007184979004,528.5560307691968,637.5164906720527
-508.8636511616812,608.136137576374,1374.3896642129123
-551.1999393003234,704.9335105748177,1191.6585197213617
-556.2031177564272,586.5307811290967,963.1327625372257
-494.0212197347839,582.4858727338446,1184.8135
-506.07312128741614,543.8277987818597,816.1255168050579
-522.0583807863331,584.5597260114447,836.242683346748
-494.31319073954546,567.054840726876,874.5153915220994
-492.3971358185581,637.5378943914864,1055.3521647754033
-506.0150658912039,583.6603043988518,1502.2652569603113
-494.01995036864037,582.4876685867918,947.0716
-507.255714999706,490.0467687822664,755.722931671783
-508.93281092352845,739.7928698501075,1225.2366105348513
-449.90582488348537,480.1593550954676,1024.2520686961273
-494.0359873037237,582.4606961609338,993.1414
-487.47725060568655,707.1530310394705,1189.9532522766726
-482.9348389077452,521.6995315887093,949.8702124888509
-551.9776444582074,601.2371713131606,645.7900975382308
-468.6596842557374,546.0921694866187,1012.818737342125
-582.244552310759,693.5761995248981,990.5213841641419
-256.11722996722483,507.17108975049564,1208.050245498282
-526.945848296235,625.7882704840874,495.71437824668374
-500.75468247472054,653.0716374668796,969.7348512257176
-500.6026487604463,580.4626940208123,800.7735988084817
-494.0348133742741,582.4747888554657,893.6894
-522.9103790694212,580.7799474125823,393.3507760494971
-494.8152344493351,545.8694698333825,853.9074202494235
-547.8590774844736,617.8080982663985,691.7414414329328
-494.1276875352428,588.0523875297747,822.5092045426735
-497.93424777186146,432.1300782906023,1017.4708171126908
-494.0288539885105,582.4777005492226,815.8542
-540.8089767039799,631.1249967770917,972.1127829055966
-494.01784914625614,582.4732839121659,794.6514
-492.50357636867966,615.9690446001907,1071.6835362327975
-494.11846369074965,588.1185514581998,843.650045897088
-523.9061861982209,584.6874582319386,940.0934584893312
-537.9868305635084,595.8627841381759,649.885948114649
-489.83432370664514,532.7816538802355,939.465509671542
-494.0188046260075,582.4826434815477,841.282
-494.0184367108234,582.4747274124888,740.2964
-539.3041830264417,636.8053176621593,867.2907470276994
-535.4947144157313,576.2165546869214,693.7539122033703
-491.7620956185974,624.6383948684517,855.1632225254629
-535.328303676836,582.9861876995828,624.9356514155223
-543.914058148426,598.621098888588,451.27662922408285
-495.135876758452,558.693191735106,888.0962245968857
-493.8119256445618,576.0507369069892,564.5633459231628
-517.3228893383653,630.0604845080295,1421.437027526544
-654.0728811106392,669.0135899517509,597.914236031929
-494.0172462473797,582.4780018782978,882.3503999999999
-496.2449713976646,620.2934104235655,1019.4734882295176
-494.0240094272915,582.4875746828272,669.1302000000001
-449.38738329941725,478.960462210502,1045.221425946115
-494.09581581222074,576.0263572272515,535.4184041734147
-560.7845863210173,614.5124681503617,1068.643626614486
-508.86204593354114,485.5707982951168,994.0390856423783
-570.35687206269,704.4298197262815,514.9383194135884
-494.01168777113844,582.4811970963143,668.482
-495.1840493702016,542.0195039517854,986.3635213012428
-517.7214321267538,583.883253182635,832.3235410410784
-519.5534375479047,704.2090306782218,1000.7909825925742
-493.76481772524494,591.138217651773,1067.456122164365
-494.0148138985728,582.4842386655229,1006.73236
-501.21878845814445,658.0888075371004,1091.6179565996763
-493.4572942083096,634.8003140627874,1031.7689439718283
-541.6355094102958,596.9627618438409,766.1769438270262
-474.25762972850544,671.8268868834992,1465.096506598502
-510.2593945976698,669.6392592001571,1062.9637686388678
-494.0163523410017,582.1670569766352,785.0306715117991
-494.189676741139,542.3939110697406,743.8585077107705
-539.4871305572476,543.1222636186883,776.6650908860718
-434.98555372487453,543.5599748638456,1065.901138257719
-506.839012890635,578.26872545283,1118.3390843194748
-492.51049501939474,561.4432659125105,1246.4210732985252
-537.6475012696735,634.8225298489015,808.1724370778551
-538.4954037336156,690.9774073214458,1451.2522764697069
-489.5756103402655,557.7202340474701,762.9913273437874
-451.16847213979054,431.2133715461946,992.8220006180561
-495.3032145551624,591.4922260072763,1167.0319699761494
-491.7183099103927,625.0980404410942,872.1362620889835
-494.0121385466721,582.4817776996088,1069.163
-496.0924956201843,942.5094634312275,1553.1678106692068
-446.19394082777126,413.6022338249629,1195.856496157516
-495.6066524452119,583.3248071958396,953.7822704565472
-546.4283117363013,673.1813671806785,806.0647231797959
-494.0274977878812,582.4698795255988,1260.5546
-456.7258178493221,564.3447882372564,951.1040171195939
-458.63323600376407,565.2756467847344,863.9007563674126
-471.2513439926988,589.966577825645,1070.880077322437
-516.8269883267312,654.3654524490904,1040.113610997761
-507.3024106419915,578.1256120369258,1185.991349641387
-491.2434667198181,585.6284057723867,1448.9976145443216
-522.8410044642874,621.7587751043484,757.6865477344352
-490.06803620988467,571.2179597514914,808.0727912670118
-489.7193716884967,692.0109558123138,822.4413886052349
-522.4684592465417,621.2671141407404,738.7269083420761
-492.6025907328501,568.9899105746963,807.839964978415
-494.01741829520097,582.4856986902671,947.1892000000007
-481.57633527544067,569.5980865668365,650.3179312500881
-494.887260410022,542.7700566230119,989.8398301669367
-494.0010126790057,582.472105967147,864.0436000000001
-493.8188252518039,576.1430773024581,544.1387074098179
-429.01463727912096,600.5194059134492,1107.2331755347805
-508.5411997460974,481.09125894503524,901.565567971061
-494.7390707539971,500.85838434590505,687.049068056396
-487.36426942822663,737.7673681108831,1283.675348405467
-533.7730675059495,682.2528157304262,835.6891433654386
-523.8162329119896,584.2420454118009,1237.483128669514
-492.0935065508829,677.509424831125,897.172657659341
-564.9636233280821,587.126611702354,1169.9668057752488
-492.27578809780334,662.0651706100848,1053.1848014541013
-536.8002071366186,545.4418938443471,686.2719495141384
-511.2620847727403,866.7322668533218,1901.0489777210394
-494.0918222001169,579.8285762649939,1269.7078098380964
-516.089167701685,473.39629857813907,884.6709418864822
-494.09285008805045,579.9441297575165,1183.3854129251658
-475.87824522490837,640.1515665220618,1714.9172933670893
-481.4373106516082,581.8527992996679,932.3752122916483
-517.5210628532732,730.7159366458989,881.1250506751009
-494.03376100836704,582.4771813585031,972.54044
-498.26311995238484,696.5127653490695,1344.9740025260614
-494.17432756653216,544.7086895870393,657.5409349991694
-494.3054615327651,568.3492243393819,830.4935722854815
-557.5561008493432,579.4370320296396,812.7422115900417
-494.7428410768048,588.9832553652798,723.1366943312246
-529.9048486602626,579.7392102268595,1002.0972427950474
-523.5101895887649,580.7472713841642,416.86015091976753
-494.8897769808027,624.8632563500653,982.6886522148351
-509.48746908337716,500.0621248779371,336.559667170933
-656.3913777778034,670.2811155566148,617.4863619860726
-490.99996784392533,550.5903573377034,1133.2956589654484
-490.1685117203524,770.350094599806,1312.9640279317214
-519.4999980837133,527.2019454852759,1071.6704514304988
-545.6227517351865,636.127550771556,1149.5026946159953
-510.82062870934715,492.99193023669136,429.95437186640254
-494.08382827538253,575.6508964085934,818.518653459826
-576.9299237729833,641.947927207314,955.180386755829
-546.6226056125406,585.1917455362513,630.2530615000701
-485.37058566878795,494.7337494672994,608.8411998002666
-663.3526231243136,674.0501487986076,676.2040828986301
-491.5960666183287,585.2250116440082,1177.9788544794276
-490.1687484501165,683.3817089777197,1155.6252015498017
-475.42355434764886,590.9402467449418,1043.842199763294
-494.0201530530562,582.4865405385301,904.8998
1304.0347343023186,623.7534756470179,-806.7906619012501
-494.4671108873274,590.4658805164074,934.6137788691445
-563.5897605725586,632.3631176168051,680.1803085074778
-494.0231240758353,582.4820406758654,806.7782000000001
-573.2860106850799,591.6637361293558,506.5366465446177
-513.2595963238396,610.8130153474727,880.3638207709267
-509.8206109298776,701.6961010247489,1170.9787181889499
-542.6978603221839,581.3194055944132,1317.0309062136303
-494.0078291818768,582.4914185525149,718.2368
-559.684720147096,594.875695744181,268.85140138165093
-493.7449735453383,492.62270387411786,777.589285087208
-493.4769091944943,633.1752819203388,976.6282694930059
-470.5827340262049,502.0664222138778,1530.718817255761
-495.5386453948404,524.6516202065311,1075.272167825606
-530.2365654841597,613.8826267607153,751.6309793197701
-501.874458249481,587.8900492873768,888.2506973967211
-494.0256017835693,582.484548822866,828.9736800000001
-545.4753160243386,530.6612437705685,794.060106642572
-554.9482234743077,579.5621905395931,748.6383552923655
-476.42477317275416,638.4211528454382,1640.6220500580318
-494.1183253711595,587.8969954994654,780.2276303258114
-495.32224689420946,591.5963862219037,1186.338135245362
-500.67571653262985,512.7543381648884,1034.7050886384973
-492.41869266686535,636.3017026610707,1014.6524351849303
-504.45591412771773,592.0653380557833,687.1127556189091
-527.4425990341363,562.6643287704189,686.971713711505
-518.3411211760231,583.9132225325153,872.8393521836811
-501.00405807748893,725.6876020653363,1148.6696129219401
-506.18014122918476,497.7030525749156,630.7131330973142
-493.3032691510657,611.5330710701242,883.404391426901
-548.8546030022815,677.3479113016815,877.6794670871668
-524.8438163148535,639.3966831595558,718.7746183584654
-496.15629426304054,618.7999221168866,949.4318178918298
-468.0875298580945,545.2661455072742,1052.407971173711
-475.93464559586414,557.7652371048075,1194.0842217342242
-483.4938061408561,603.4175061793333,1270.641270608525
-513.9316997540795,611.7548829779313,935.0935932414026
-492.34658446246567,517.256665616362,973.1186480955821
-520.1561936712558,487.2255779285897,1099.6950491907774
-543.0866545697788,581.3100435113643,1333.8181106017591
-489.70478009089607,570.1962331865343,949.9836086247396
-478.05686379556846,457.45931450000853,734.6262466049357
-489.64554682150265,693.6480195273205,845.769440843108
-548.2818373350669,602.0569907543816,554.7473745175312
-494.61803646425574,591.9786825664285,1157.855155097611
-495.5477603739139,687.2347096151061,1081.4983160735985
-491.3535311505143,615.6693780111054,713.8257466175941
-493.86529926182743,543.0253033250347,831.0620225838416
-494.03014782323885,582.4757500085569,709.15092
-545.2934628166545,534.5058406994106,1223.4334891151939
-491.25508832605055,555.7134703531274,717.664765764289
-492.34329947098786,617.0634174958925,1038.183004727225
-526.7539145274577,584.4203583932132,805.2073043080445
-501.1941028415895,587.3992520132845,742.3118327307888
-539.0275307250561,736.905969600964,1517.7016634803315
-493.2644098416408,551.577343249736,931.5098692404835
-494.453072233576,590.0683353743673,850.3385638750907
-487.47708208860377,735.2476382018685,1250.6160826669231
-494.0198350414339,582.4770609097955,613.6651999999999
-494.0251223083733,590.5374968750051,880.257598514978
-551.6547412980394,494.17520052222653,880.6390350744839
-484.5937826691652,726.9155120307504,1143.589126015109
-493.9804676288618,573.4645793102624,1027.268471500498
-494.8896490773807,601.2344758026757,1395.9306241408663
-575.2168562026818,712.1779977677786,595.5127128653012
-567.9330691716282,596.4261459772242,396.7993009752349
-535.5985001382107,531.387110727248,850.4773632339036
-493.3606792116584,586.3283575610767,1240.5607631682476
-472.3813426392744,489.59028787971255,923.5250345870147
-501.10230990441596,597.2447041377952,745.6213608485136
-504.9822748845381,733.2452482950332,1789.3953791047916
-494.01455403701266,582.4819128464501,838.9440000000001
-521.7115100692513,589.2532625459746,737.3829552032539
-516.4422474263088,628.2940449689202,1340.171187489456
-491.33971736629246,585.5261061577144,1386.4548563933454
-526.2863981499636,667.8206390085088,823.9436008404724
-498.12771253257233,488.78163587962183,1078.916614642533
-494.02756962812055,582.4826268609046,788.032
-493.307102739931,611.1486204010537,862.1543406436674
-490.1969715441694,768.80955453922,1295.9432580987802
-550.8361644605975,654.5463534799919,725.4744853228333
-494.02351987695874,590.440959224302,860.3490497172669
-473.90816564581587,513.4447666593827,701.2413608565273
-493.4387649136934,635.8790588573032,1068.5295330924266
-495.07773877697446,560.106403723416,790.8960693571619
-493.7667129328081,561.5976942779665,780.7401666836292
-551.4516527746505,608.4964093593574,727.5095620389424
-494.0288800595158,582.5038475062647,1254.8715
-540.8019338571503,585.5347258505452,654.2466091868888
-665.6688785361143,675.3003101236563,695.7774374015111
-487.7346288929207,621.6353272042136,897.8696085334011
-491.54146299976037,647.9309728516836,1098.974540609333
-462.8909384804033,578.8708968714066,992.1978248498228
-471.5024528490371,589.8822823529025,1052.060764606798
-516.6473067675033,725.0403445398952,818.7814796658345
-494.03503197646023,582.4774171203251,1008.1986800000009
-495.0033429291784,476.02222149175014,1085.3452613346835
-532.800723472511,607.7977969242053,1224.5152917633134
-492.06189946690847,554.4345831353587,1113.8498341608595
-525.6744089890849,574.7013943970494,882.6371860549041
-513.9159673365914,543.1198174382585,648.3629460115135
-494.0903898269735,580.0867709496226,1075.482413933035
-494.0175231643998,582.4939464742738,956.015
-494.0128337105539,582.4874978356831,994.521000000001
-548.0280456423034,523.3315843712321,888.2266032043184
-494.0175170229468,582.4855240433276,1091.488
-494.0346107279238,582.4737470489124,1012.0310000000001
-564.5991778104562,679.199841331317,1064.5742431890317
-489.9026916461021,543.1784805083871,976.2533888781505
-501.6498017570798,600.1129783437541,1322.7735718230037
-501.7812875761251,587.8205909459132,867.4022646561881
-472.94996830243053,582.623906159974,1135.155654543554
-493.7776760196284,573.0156756799895,714.2571065954775
-561.8669753209742,589.3482211338957,762.8650533652519
-563.5917592489182,589.5253053144302,801.2209120492323
-457.00722154961295,530.632803464933,816.5260694958174
-501.06622633710776,581.6395655684155,1141.0126669671147
-493.56402347678113,606.1613239495666,1052.8409277784278
-494.0229576570475,582.485760291388,955.0120000000001
-517.102604583707,629.6178230694313,1401.1205960047332
-495.87848835673276,582.8192955506547,1242.0122930470845
-493.976097788528,583.607830796334,919.0017966368544
-524.5430730905464,564.3911506577267,562.1237669724753
-495.2255700177261,590.9459896848598,1051.1945406324082
-444.4354869211825,559.144274739042,918.5653253253107
-492.02067529218675,667.6676309462748,946.8468420638476
-507.9777718167461,642.4632449456869,1158.5689131791737
-490.10615047074816,650.0604718834106,1219.0540914551896
-253.9632144312609,506.4857782732713,1225.81144960417
-430.2387146021865,687.6669184391649,1272.1132150172816
-530.2475099428993,565.7200572004513,958.3827871666871
-493.99929564536706,582.48609182579,1063.059
-513.9401220146358,573.1363117494379,804.4517165963014
-469.1312375278982,478.8717801318703,798.1139058614915
-528.1912600340388,579.8580423777344,918.2716003920102
-493.81382030480677,575.9427557875251,584.9879059855804
-487.0445754740849,582.0738488074535,689.8480482015796
-545.5998510363595,616.3392701346224,631.1980953586669
-510.0017229181599,750.8832367096281,1364.6251334952722
-566.6884818470844,590.9004626731171,401.9120176324775
-493.77092462775204,561.3146988154125,800.7919858381115
-555.4481008326561,690.5338101291356,1129.5413117565197
-556.0853958243829,691.6938431048,1149.4715115163376
-490.18501747071446,545.9530121275588,854.43545691072
-531.851118412462,677.4424317228907,759.1116777870633
-494.01578335299337,582.4808640691863,985.2354
-551.7765815550865,554.4870214556743,113.0561188657544
-620.9358611077596,853.0076062596481,707.5415652365122
-436.33138591190436,544.4664026241305,1023.9884252291201
-493.7214941594275,589.178884896598,459.2238669126523
-489.9631140518177,534.1264601083368,893.7920391832229
-493.8496596685234,541.5865544940821,888.5920540974346
-521.4382087362733,713.2038232493389,1130.2070775296065
-494.34039641712525,605.6717926622755,901.7437645756339
-549.912698784387,692.1943973316652,1137.2750945920511
-520.6467132207877,524.7145414763404,1153.9002072165115
-516.3363083979843,652.7852311696987,1001.0340112543437
-489.9398099382083,543.6410295517994,955.9503755982998
-493.10410828258,643.2287215348949,1125.46090353684
-545.2330942561796,671.0939185636694,770.2570415079298
-540.8397648581865,541.9448638212336,821.860798992399
-543.4762948192081,597.515725576876,824.3219532438711
