X,Y,Z
-484.3295538242187,580.0679199084941,1071.6278121836804
-502.1003024140432,608.666559974153,1104.1088152630052
-530.7703279280245,628.6574671973342,624.9107911147523
-540.054972955752,586.8721983264173,626.8717135007107
-547.9148166698549,598.1839447628042,537.7331552666299
-492.9821346095662,523.9180753763352,754.1667079378849
-496.52306132709145,947.2366306800211,1593.5920144592642
-500.70183001237865,646.4673728869593,847.9305320969092
-494.42826702326465,580.8688094101067,848.1956
-494.43768285115584,580.8684704389184,794.6298
-491.1942204284692,504.6093166268583,839.6637800508568
-525.4524248065834,562.474591126246,582.8973482292512
-496.32074248232175,909.5833283466907,1352.5626920571483
-523.6452614004363,559.3813822894316,813.3750853556865
-495.2943092238834,542.180870946828,944.4843074192106
-510.5174133966593,667.0943830134327,1043.469196726261
-524.619721018111,660.6936159538736,721.8419488870235
-452.6153819248834,501.8882294842771,1208.3163516199822
-494.43853474208663,580.86057156991,655.8756
-485.49974426254835,499.26000039064684,957.1565355234711
-494.37537813791823,582.0196409476263,938.6357085783725
-258.6783036873312,506.2370594756362,1190.2453573111384
-551.7573647818808,698.1107525058327,944.2350962533766
-490.96883173666765,531.9602580661449,960.2010267384153
-493.95087914336045,591.2249351265174,1256.1396547529584
-491.2625993798206,620.7032595870185,1006.9242926280373
-493.31729963081307,563.6458832960102,525.733152184838
-527.9802130273847,582.8514589376397,843.9538092333087
-495.2101514100284,597.6607722818435,1171.770894309746
-500.7658800668355,583.4426031532441,537.5434594315136
-490.55973633805706,647.7990107726964,1199.8721449450975
-481.0928826444915,476.31494792712874,491.17401547506853
-513.2595983854749,608.574022719699,843.897068261916
-509.14350348904145,580.7437529940016,716.8358283892409
-494.79541508065836,557.4222500846827,548.9913375266789
-563.0494422192437,630.0749495886403,660.5690757969749
-494.42536889973917,580.8810463437676,642.912
-490.7529134589711,761.0186062845225,1227.9634925254657
-494.4340948482852,580.8698357503692,914.8220000000006
-475.0226312294858,589.6968726588857,1121.7087582632923
-490.5566618909768,770.3192753919118,1330.0844557239827
-494.24224065749195,601.0551483448974,935.3170463041305
-513.1872447674232,536.9288189061906,433.33722857388756
-494.44637613744,580.8631255781933,1066.39312
-494.4347720797482,580.85438435275,995.2264
-528.500171690277,572.5006784858463,1006.754263307146
-477.20572076939516,635.6547173030706,1591.15378708826
-555.9476844891824,526.2152117058966,656.1006210793137
-542.438454123273,532.5200865450433,689.7694671421273
-494.4257195150167,580.8676457018687,1087.3996000000002
1850.3479836091356,747.2884851649192,-850.0040866304662
-493.2794943934323,563.0749044446407,568.1403657153489
-523.4126838152947,634.387334193927,630.758112441283
-458.5585351953223,563.4301112978374,885.6893263287537
-497.99930313679306,444.51543831739974,852.6756509302738
-490.77282727490456,759.4746798858139,1210.9429249656434
-494.6634048951605,571.5830669535251,1074.0961448811006
-490.82801703390714,529.9252980867896,1031.2786853975156
-508.8075249249355,636.0470969789585,1092.5770747917613
-473.0990755075236,507.5702781389913,790.7402280347492
-542.6296375539989,533.3086773681615,599.6660245861524
-536.4203643315541,586.3798035066312,516.7134088009262
-550.4521794301259,695.4691803150655,905.8440268858221
-494.42536770850256,580.8701345265787,1307.983
-496.02321711779996,602.554167419683,728.9753318724743
-494.5265818506582,573.8843021707937,638.2402749100397
-469.36670802479466,544.8709857389885,992.9945872794065
-494.4272648004562,580.8795384284344,969.7217600000009
-494.2057057360428,571.6928793896147,670.9722581486687
-496.11484784641016,581.1769778310559,1052.0313261076208
-492.87549541092244,559.1697744821545,1310.2928083024904
-489.9432043130885,555.7428145913286,784.522510613996
-494.4246107399049,580.8654347873602,933.4554
-497.91808147862025,447.61598026718497,816.0810102520754
-494.43173918451384,580.8663028909367,878.9476
-495.2061172689482,494.7108026777619,767.0134078178303
-508.37127859158454,580.8541893674594,1024.72191122407
-538.5948216524998,526.6018163778906,949.9592558471363
-476.4902052408579,580.4855288162335,1044.709338118656
-517.3535216464047,725.3550245593995,839.7188843089577
-485.2328678191643,588.1489229204549,890.8518536788307
-508.73166320974815,487.6045495088782,928.3039843069005
-514.9381531637191,571.2558498751296,849.6087244550993
-492.8018328074468,636.5441375243965,1075.7499148532845
-494.4451274391838,580.8815124354142,1272.386
-495.4642039907749,552.190415611361,692.3396800285756
-495.6088713928775,547.9763369997058,924.9998786251307
-468.84628944622796,474.3291594392963,841.6145954913882
-494.219025999472,573.8194914752105,687.1026892556824
-492.3226881553669,670.991273289337,1045.240818361921
-494.439056125811,580.8644534756676,1167.7996
-495.2439200646827,620.2824861284118,860.8229822420101
-494.44012309146547,580.8806499082596,858.1650000000001
-553.1150931450697,584.6896417779295,866.3509263188339
-546.2084492989434,711.9089880774458,1305.396947521705
-505.16679592219225,590.7002328636293,725.3230180819428
885.2524984955198,591.774456882689,-760.4019238727215
-449.93304581064285,423.73038707979276,1060.3486985140717
-515.0004549999742,532.7042703699792,547.5606831385115
-492.92133925227404,566.6435113544062,896.8004259506787
-506.6622569067217,541.6480702760846,838.6163866966317
-490.00152312412183,693.6821533203308,869.2055446766753
-542.6732140011898,581.4625154951527,855.9392581990874
-494.42558746459827,580.5175294270193,1011.2882514195862
-449.37810231803724,421.7679458225716,1082.9074481243197
-493.00135383350175,524.6691785447464,734.2681073611959
-494.7389227868721,566.3445595062497,873.6233584274587
-508.9138957952939,534.423179436415,1131.696262641201
-494.6721309380191,556.9072417039645,824.2049358468696
-494.44135050589193,580.8701541352546,1016.50626
-483.81691064666757,580.0274540456676,1165.8759542127304
-285.862350307395,675.1694991209172,2168.7164315874193
-495.7145660976414,589.8102324139186,1147.733714955143
-475.8102744639118,581.4550234150148,965.2255035999187
-494.4254635217844,580.8727647854935,1067.9788000000008
-549.7125137165112,599.5145089507038,551.4279563839359
847.8319274460246,604.3711757550625,-773.5172789177377
-483.1732447616953,556.3468794102109,964.649852953446
-505.519591976793,733.1505633692377,1814.8926734166132
-515.6232203471168,644.8755605282977,756.1136724969655
-561.4864068220561,593.5183219269466,290.16803374185395
-491.9198421118049,583.7262497000577,1261.3721179143397
-500.73482092847075,578.9196889055529,732.7729820578833
-495.02092782350473,590.0725998673113,1098.308160442942
-484.2222746258444,590.2895907790892,1264.04591913363
-528.339700264841,560.7665401435459,707.745885773687
-494.44539286769896,580.8702096136831,840.4880000000011
-476.65308563141843,637.393438768154,1665.448664950283
-507.1755014343021,645.955633048199,971.176541875239
-494.4311150849519,580.8622335968548,713.37
-495.6676697539024,545.8958246174852,1031.7931655753987
-560.8291129934541,521.8678132842289,768.0775198428269
-523.7565251265942,588.0326063115956,824.9567872179546
-494.45021899970106,580.8620125887257,1008.1068
-496.09614463828757,603.7234039075094,809.2450423999229
-529.8268094138361,581.4394612601021,892.2884676050703
-492.69977988915343,616.7020314317235,1102.3156774242489
-482.7125147097913,580.2806392516376,816.6233512139772
-495.6889103848375,589.7146507197644,1128.427509856903
-495.06244374496737,565.7319386490134,725.5007144832352
-526.6507871106487,582.2535014143735,1160.2386322697273
-494.43018124610944,580.8641697945575,1151.0692000000001
-494.4148379737685,580.8751456722941,763.0210000000001
-496.27760918164313,581.8223084458587,1220.5400725924026
-493.21467385208143,561.9243083636838,652.9546607987357
-508.99805514740956,606.0281539145717,1334.2179749675454
-494.44327070999907,580.8664700568231,1025.843
-507.83542407617347,576.4808227005224,1202.8979286884826
-528.4044331657306,670.635664601516,905.7776763344988
-514.7710816969795,480.4413026387076,754.5522038213029
825.9301839805412,612.9036950996053,-861.548609426005
-494.5158481971216,574.1031313321453,597.1083376331596
-480.1610663555518,538.6645721355394,503.54655003385494
-545.2608521630868,556.22617401563,9.289864482180349
-490.43965003979883,649.7852589065787,1257.5914151970633
-506.28898735578287,581.0928029958924,1025.090477330398
-547.2231252423048,598.6687508304279,492.6788004416375
-494.59719142230233,541.3628802992134,722.2250001681059
-493.9421060773175,642.0332602645744,1115.053927594601
-494.45333996912905,580.8537549725493,912.211
-494.72034170425513,565.8657301968607,830.8502642243267
-492.7582266089121,556.6202956866671,860.1558110825353
-499.10791895343164,623.0575663455515,1338.8049250223867
-516.7417400117413,588.2781430520859,860.1669148080834
-495.655162321769,589.4454930230722,1070.508770763309
-494.4256658673344,580.864194192053,854.3726000000006
-494.15447821537464,587.4557128219881,440.36534296251097
-516.4353281045162,625.7837879890567,1299.575576513038
-560.4727726110254,582.3961873510118,622.7985672877937
1205.3630853731775,619.8703899589307,-803.8531414469435
-493.0696229482387,559.9231963641664,801.3798498522392
-522.4527947709742,551.921082534587,740.581291171908
1367.616200229857,613.5439639107472,-805.5182453543712
-493.99975476232885,635.592514692124,918.7931627180379
-494.2140422541934,588.8998461177766,935.8798625577155
-497.82146310425696,450.7254363623808,779.487073709832
-487.6343564381955,710.5329316871214,1267.5687362317647
-539.6298164553943,594.6129574239959,688.6508885498274
-492.9104223155823,466.059860425355,518.8141195318274
-501.9828731115267,578.5352531440849,1027.4205921106218
-495.4864852028172,515.7099195288006,984.7522850627576
-494.43345622149513,580.8769092583658,809.00322
-494.1332003061689,587.6832219386249,478.0970572904149
-503.788072041561,605.991671514633,883.9246560154737
-498.47620096303035,689.5029811423915,1245.7420442167502
-543.947973511576,581.4845141264109,897.9416238508591
-567.8395313118076,633.4826367913086,758.782708359715
-489.51224502430114,494.05672913799435,620.2808591661989
-489.8136885275237,555.0405217071602,827.6453514252373
-495.67496592661246,546.3043011313921,1010.434339112008
-577.2774660101122,685.2168648176728,884.3165806994019
-494.0759412586108,588.8327355274328,685.6219564552796
-599.6300434726695,594.0214117648393,694.6745631403506
-495.3944186168278,475.71244677197336,1062.7635741776608
-483.04330658795925,556.0648853123298,984.5136233136251
-494.4402215619634,580.8682228483285,1141.211
-495.5697232714265,589.9275295371694,1132.9288889193847
-493.97751413362585,639.8794700044059,1049.6339191291745
-494.4445346891837,580.8767522783519,750.298
-494.4219151465911,580.8806259433795,843.5632
-493.50942366333857,642.3423706512003,1148.077359779883
-494.4177889334246,580.8731535249213,927.5070000000001
-503.22153864265465,581.42294777559,892.8837865935363
-262.98788745459615,507.5973567034591,1154.7225734885405
-547.505985280292,636.0129000494647,1202.7474733128925
-494.4339289048403,580.8688795223695,970.019
-539.518820917805,695.0043586445084,1039.9421367289046
-599.1566527979185,613.3454600078726,652.771719710026
-495.82340677461934,631.3594904006106,1065.5525413984262
-510.199302324138,580.7463326751986,823.9909868444809
-493.8517978546324,635.3445567977932,1105.3397951991274
-569.724944957901,595.0712233226805,418.1165589338222
-496.59905416110587,507.6234768612765,874.7513972269777
-485.80032610512626,620.4956424239538,1089.6421838010897
-494.97095939748397,568.0517154543551,498.5886145880887
-507.957207278253,649.8926250370602,1075.4155051819002
-494.4415640779566,580.8664740238565,966.9585199999999
-494.4394053693745,580.8742260292768,473.0164
-494.4265115227711,580.8869839666932,778.6636
-508.4367020844679,605.0715279072929,1253.8482419300287
-513.6625172625727,605.7196083804465,919.7844535523363
-508.60549542321223,578.7899896753488,680.7645952499621
-547.7610341833329,621.8619372165235,896.6538911194739
-474.609107559791,553.7747111912918,1381.7386020373292
-522.9994310615994,582.0845954628963,942.9396205089344
-462.2718267239561,631.2426194193212,1459.4487913480323
-511.289474032179,580.7289350049359,931.1457998587993
-494.65332846467254,571.3805410084578,1116.0413990597901
-485.63178282693207,596.7466258617341,952.1231037441619
-474.4081229213666,601.2976428338968,1004.2879843635649
-556.2145201059418,608.8551354264506,839.3150348373742
-494.4525037212652,580.8615879724551,1051.65132
-494.44969461388973,580.8674159733312,904.3810000000001
-534.5609009634977,704.3120839443868,1301.8938732695995
-495.91358647599463,524.9934987623465,1013.4842090463576
-496.2138734113382,520.2557346224678,594.2166069763068
-488.00857175506735,703.0788685905368,1151.3298755530466
-494.1688274340013,493.72137986032294,731.3290282990916
-490.9835886141882,644.5710011086438,1225.544317904277
-494.5379603759575,573.1746055033566,782.2023370601037
-452.13431937146925,431.5680689002961,970.1119308397448
-521.4467519008679,617.6922563377905,662.9250677354999
-495.44770303209634,471.7931061646753,1130.1321997621096
-486.4281583134666,580.4085955453929,903.4797060863889
-516.5808910164933,647.7568180762132,823.9825815771263
-523.637644622233,764.9822721485625,1276.1319832291604
-456.64094036086453,562.516419379534,972.892554485635
-479.40466927828976,536.4341719760064,569.8974935195688
-505.67594085336077,570.2015047221433,598.7229637263508
-534.2025526704952,703.1107634671016,1282.0887191466904
-496.01923416961654,520.4391366876132,1157.5485825960975
-492.6944796079206,555.6704848306792,923.5722825090204
-557.6173299186839,584.1176804889276,907.9344017312798
-514.9363285710565,540.3297529107613,690.1451469813927
-491.4338110018075,612.7873966204724,1011.6329175246324
-533.0329316880739,699.5379883215651,1222.673079387576
-502.67203428521,610.662470150291,731.8893893038808
-484.2375301867355,477.23309810846365,854.8861246819522
-494.43218583273756,580.8664789086747,556.4392
-507.52502349424003,531.6304446672943,858.8071125029282
-523.6084303608577,620.6500640513821,776.6840172123957
-535.3841062418683,636.6924424534516,1026.9851639090748
-494.45147899498215,580.8681934833887,927.6788
-495.0129205693529,567.3527622658725,566.662189363836
-506.00920493204285,569.8819726547525,640.2439426208012
-302.3324288268677,374.8730664405591,2068.3350501339196
-497.24157334536585,527.1559019171478,838.159932480405
-496.3810023105725,514.4266468902069,723.6942850902873
-424.9619798934432,600.135166158911,1234.5699678341218
-520.2888849803576,704.1062536180887,1022.4515997032217
-494.44366405355004,580.8655707823604,1091.20676
-524.0091259948649,583.8409104943448,489.8898009790553
-509.2840844007801,613.6226204499758,1286.4441561355263
-494.44013975612506,580.8737353752563,1141.7908
-505.2519570137638,424.46166504958387,864.6120187842675
-528.8272711956597,574.7235903315487,640.9116775662247
-566.4733833186958,679.5925423601384,1102.0500885871033
-504.96499182842535,725.64757431618,1688.146056739316
-495.4544054535836,469.198537618953,1175.0460720367678
-571.3155653951414,644.0403280022272,953.1957449265271
-494.77275439811683,571.5178691643735,1153.174138928296
-494.42139733014574,580.8761293896471,894.2926
-616.7080613308956,618.780337008903,888.0149212029746
-562.3820327363323,582.433877695827,662.7882297216197
-492.7152746037923,618.4024522846671,1290.8169578886218
-560.5761755422177,587.5777908261008,724.497122741423
-495.67110246147104,589.5188579661103,1089.8150989472563
-573.3304183804737,599.3443715288913,619.9293888359305
-494.4294250838352,580.8695606824981,1244.9678
-512.9337586514607,604.7735081857411,856.6244003182995
-483.99739625113625,740.642472224779,1344.6080141669415
-494.44048707369893,580.8716862884439,818.0150000000001
-499.1715445816403,623.3602865832188,1354.2874883483105
-494.44197360222233,580.8635012315823,986.8454399999999
-494.42006839485293,580.8722141926801,793.1554
-490.6799857023716,668.3338894181472,1222.068530751673
1225.0892362983286,620.3365930026218,-804.517217198525
-492.5092053456078,620.8253042444132,1315.9798044236359
-491.3204732816307,694.4690042868842,1146.9236468555805
-425.7141356467305,599.9385461700001,1213.3526146158051
-267.307922958159,508.9671911540122,1119.201242763846
-485.3743911007123,588.0492479649563,869.4649895258683
-496.3379199250626,516.3716093422447,680.5351465874338
-501.2199163300661,719.586533249063,1088.969873231993
-542.3297304609941,579.7234873686682,1283.448919856604
-491.37010653371453,547.2943485316687,769.0591099968076
-494.06132986928696,580.8274830924247,938.9793649100875
-488.32052517293414,618.9211730634295,851.1870161355093
-486.6708484063997,571.4715453328565,973.9047154872558
789.5343838193348,603.5201318807285,-778.0139221358004
-520.9072623772504,587.3464604413305,671.7057110428407
-519.6356819509479,526.2260155438148,1051.064388151247
-492.27990338265454,653.3069487113708,1625.1939898131973
-489.75248192205277,554.6943957156968,849.2068831665604
-426.90378007248137,692.251598004596,1391.085113561144
-546.7770963918597,615.2146221434514,651.410956675675
-508.5944462883549,730.293309766121,1125.7955513378947
-549.2711849506641,688.455849660605,1100.7483558671047
-486.7167441676347,470.2030445939895,398.42679031499364
-474.0347834533088,510.76556200847165,723.5362568337107
-545.88002431117,620.4285042914005,838.8399508065306
-493.55124210821896,637.9723974747135,1012.7469601922367
-511.05382067124583,578.4339689890394,927.9405730862353
-491.5914975276662,549.6767017890706,661.3832770585557
-493.4560847375333,644.5456826736786,1215.7418465495275
-546.1477026996376,529.8517524277994,697.6498070625742
-488.3079459671053,472.8056042370056,956.0790180157918
-541.0797513540242,698.8941518794162,1101.2011890863444
-494.99586825043116,567.1229951380432,589.3534495374727
-514.7816583339097,629.4289103349806,970.4772541423949
-496.4282725277849,925.2646435944732,1452.9927678062027
-551.1045560627863,696.7933261137924,925.0393183655252
-548.7984661090977,697.2607543623143,1095.4228864808538
-450.3729076178124,497.6955916732917,1312.6033703211629
-494.40749254117554,572.3761632684876,924.7235430352615
-491.5865196884431,553.2458734910524,763.9389965457867
-494.4471520654115,580.8670137625238,1137.54
-491.8912465487633,648.3610693099162,1156.4802399301313
-543.176307281354,631.5131464279367,1043.096433995585
-494.42748168303774,580.8718389827422,964.518
-488.43814499740984,559.0574619419135,628.2240273240288
-507.7287247359641,568.2351042962754,847.8479291212186
-527.5841615918016,582.828707574875,824.5773550523779
-533.4142150660286,700.7264392928412,1242.4786104078858
-501.1076761923705,453.8031255600099,855.4195897743296
-538.1567668394055,621.2603283387714,628.0421696161616
-543.0978963498619,718.5833367281145,824.8554256373284
-509.6404162326303,741.3928805837525,1265.1835172550889
-490.4274738752749,569.4496298474414,831.710366609315
-494.4358177705485,580.8751678158603,1044.451
-545.5490479683281,598.1070032743297,453.5133378402449
-485.299570645725,720.735296838791,1083.4381143626788
-480.41118686027806,539.4328697582418,481.4306026886394
-502.1496482839027,598.6691786663646,1345.0979792971257
-470.94072106017757,483.10869127398064,710.7844120222892
-466.87073653722837,624.0046853232208,1141.355023240009
-531.3442247891612,583.2789574784107,357.1127202102668
-494.431832200386,580.8608355382835,752.257
-501.66181635794965,597.538748743113,1211.2402878049352
-602.3553808854565,614.3253739897707,695.5428312417072
-510.98286677529904,853.4945301514774,1792.466126923252
-530.2096324545746,627.9206781490075,603.3859596183198
-494.4371946119845,580.8747637648041,772.6212
-538.7568529714927,581.3885811773208,632.477518657021
-474.81007977636864,581.4991384080348,1056.7252287211945
-494.455063998224,580.8409437298033,871.7458
-533.5071837784246,687.1050016314828,1149.6112021861622
-499.02207292055186,634.9745402880112,687.2307236370724
-528.1028493054346,610.0548505706977,645.6172254417822
-484.8863913874534,589.6822523641583,1134.3475651387419
-496.0589391261076,581.7243302152228,994.8222734199679
-494.4382672370257,580.8741329728796,494.8888
-494.4509400557613,580.8724011669334,689.18046
-494.6719676623188,555.814391373727,895.9871019028031
-611.8677822940454,593.5114202605932,202.21530756911397
-513.4130323480738,626.1207454735654,853.4309841988087
-537.5284607733527,632.5479118749013,788.5102629054795
-495.7720924231962,543.3753144085013,1159.9445986657556
-546.2688672488835,670.5228856384188,788.213894468998
-495.49662084778856,551.291042162937,737.8402083005207
-571.1487489948126,678.1930353079304,1243.1362546606997
-608.7346131468582,616.3214758158501,781.0855145739665
983.2467978421355,606.8397710693021,-788.677193361942
-528.8249480131822,671.7409273147769,926.2149447009042
-453.63176735137813,600.4375094757957,1221.4785705570687
-488.2787618824659,698.093816554135,1073.8385775844379
-471.1904737630339,501.18033805693176,1510.2719529348105
1337.0479945611041,613.0604993743398,-797.5764598369606
-494.4572630625671,580.8695481243087,1070.652
-484.9645484038847,588.3415714768087,933.6256902589897
-480.9640408903954,506.9493634487653,1317.171986965849
-490.5134595302218,543.4096485911423,894.9986212440602
-502.4625920445874,609.8216561454624,690.2701866400639
-471.40546253958746,564.3393080425072,907.1937836389516
-494.66752044355826,571.4636477797314,1095.0686816354905
-491.94069825703264,583.7079173177901,1240.5244946988241
-528.0051287785309,583.3475178050948,1147.78996044428
-495.0461204969622,590.4637252606547,1177.71474079056
-494.4445488268161,580.8691020242604,1182.132
-504.58430567454343,433.95130929980905,766.6183441722324
-548.5141161210831,691.4879552866518,848.2582354557912
-494.14959203049375,489.6616160141923,800.5713550919274
-484.87091167042627,483.85986945981665,752.3306873820197
-494.4472569712402,580.8800560240862,989.5828
-494.4169391570008,580.8718385057028,748.182
-496.48691475924534,511.5057406914979,788.4327354353364
-521.6831705862155,552.7212985527015,699.3331936998703
-492.79123559253776,615.0398588397802,1016.8503077693442
-510.0837908665608,698.8988601926778,1151.7183174366912
-472.7513815397692,581.0234762403786,1188.8315044661535
-542.1250832839323,679.1033628071664,934.6149455338356
-612.3282274270614,832.1629528243611,603.6943977263185
-535.8934244524248,635.395620907304,818.627846933432
-491.428750514247,690.39024241486,1078.7492312554236
-514.5638550985786,628.8677731555458,950.9696798771968
-509.75977222952497,696.5010866653479,1113.0073733811719
-560.0140257497837,522.5901222012048,749.4146773991571
-518.1832551476086,563.4052631532926,520.6351954886363
-534.7562734449743,607.1669116137692,1301.8666885588384
-523.6289971332315,550.7095285956345,802.4527981099078
-552.4091167062161,699.4430555643579,963.4298002352253
-494.4390648583242,580.857196992783,999.8142
-496.05111412823453,602.8430068248732,749.0428019020313
-496.1063185696771,517.1748357130095,1260.4513799457832
-494.42494058375405,580.8745747557615,1190.661
-555.2157236079724,584.8428762810714,924.4136577885786
-494.53164515010167,585.9850028591245,695.6718156167834
-536.6780865809385,638.4748855146877,1083.3911265852219
-545.3173882005572,543.8585530001892,836.1436362173623
-494.44085202782844,580.8731828632508,634.7704
-542.4854490266362,581.4367511673746,749.2820824033629
-494.439565025594,580.8659384620863,769.0623
-479.7813180600049,466.08428813205956,612.8211413878715
-493.9691915685721,591.024917901147,1217.457459140048
-494.43396025026595,580.8684962057732,755.2280000000001
-541.548489929751,579.7358974198819,1249.87457074156
-495.35634794234466,480.9073604423466,972.9363092920476
-491.57813369341375,616.4382101344911,818.5325792118111
-498.9633406995688,634.1611780058224,666.0349818998452
-548.876735181072,664.450438026538,1139.624189353999
-493.9005974358711,584.041484632513,888.0740088180586
-265.14365388432225,508.28920408820136,1136.9618615495276
-494.7501753372171,603.7621039744909,879.8111846966789
-504.85847322758855,382.5481903529427,1098.9273072801225
-473.39742459741365,508.64332639507495,768.339231089314
-516.6526314142213,626.220243856282,1319.8922004683177
-475.42731975162314,581.470423092998,1001.825554867454
-457.6208710599676,562.9672135700978,929.29143674279
-523.9600948396783,583.0452608144391,919.3179259529293
-551.1594155888147,667.9529999434462,1218.8338537683996
-494.4320558414861,580.8697565037432,924.2692
-495.49794452114884,543.9219763743555,834.8214000478051
-444.2434276831716,557.2609973603116,938.9165973522856
-518.4985932704401,533.2763241514017,941.154112153512
-548.79721281703,583.4699590020678,708.0711190484545
-485.532607481432,490.4571520414635,649.7737652498067
-555.1144614941079,610.000674414759,902.8371161217332
-501.2010396582673,452.105365481028,876.8635804730079
-503.0061723748281,598.7165402126477,1059.5015493170777
-496.2013155220334,521.2323635535217,572.6372540460923
-491.32163001413755,507.5006216247354,779.4649349025549
-546.6292254728392,587.7290153740772,825.1556618594929
-541.436704850086,644.9669556402146,1290.2140505519333
-500.6733270975601,515.5179906810454,922.3045612113108
-494.08041138372164,589.566621560796,1078.0337697127138
-470.9659374904195,480.09253978609087,1065.844781805623
-493.67853459852904,611.4350551611788,968.4399885399218
-494.4309861256961,580.8775995591782,828.6568000000001
-485.6170873292317,500.2344713545433,936.6204076403274
-494.4314716674821,580.5349594974887,898.1592503783987
-493.9995927675104,625.6218739218448,984.2909226235092
-492.0295200268074,625.7148685214776,957.0416988552367
-508.23692812935474,580.8355445646414,1005.5557045389127
-517.9514230758516,628.9011115623878,1441.7903948116673
-493.5445332323379,616.5745480699334,828.9499960333187
-534.2295937755127,628.570643916174,670.273673011296
-506.48423908656605,581.1009408174278,1055.137176614481
-495.52148611475695,589.5517125617621,1056.6654977326489
-494.43816940199304,580.8701588936716,1008.1114200000009
-494.7697529316083,571.440621784232,1172.788296171623
-473.3235335700747,602.4061708877939,1099.35956172935
-486.89802198841176,512.0085231486405,690.1910504689283
-496.04343138200875,581.1510584523853,967.595322753385
-479.1539658846032,535.7017072225908,592.0149660933333
-522.9601080741388,656.2489584806476,640.093762806465
-492.25735509042624,673.8948780064766,1016.9177012689571
-525.9329146584946,582.7451898359444,747.0728015121944
-495.0508748676998,590.5676730101741,1197.5663554949647
-494.48527925872577,574.4345591549574,728.7325933295922
-495.22858428495556,544.7749291656669,831.2076099070223
-504.7648405153259,618.1846255516007,1106.4621172734448
-448.1379112989666,476.4749344101174,1115.2250346369856
-512.8338778986599,537.7814210054198,410.49280277213575
-507.3418058850625,646.7403816035893,992.0243692753454
-501.9798975054323,598.3135544958345,1300.4785633733572
-508.97992895439893,580.8474167107429,1101.3861783584432
-548.3815666860114,591.3465314565585,969.2641067993084
-467.6394796469931,542.4354417148655,1111.7630597679988
-484.11086306949755,486.4988809627389,1224.1212944355261
-495.89544116562956,681.3021770424411,1005.6545852791472
-446.66167526086156,558.3857340003447,857.4531462731104
-472.2490920095752,504.7675213646098,1408.2818773522497
-553.1123072801493,516.6092152087263,1029.6900904453198
-489.69761635751206,567.3937373300078,1115.5318724316626
-495.54424057954566,589.7410562491086,1094.7971868463226
-518.2485115971685,655.8887565167296,1118.3365298891304
-481.79985956327573,567.7841959783726,672.6380844142066
-509.6221785102284,662.3981104416873,945.6649336268607
-566.9761669974102,594.5526971744398,375.46723585821155
-540.1799217340517,737.7808889855396,1554.324486222814
-542.6670272701674,631.0253168640426,1025.3577679500731
-517.4876826337731,578.9826865375885,873.1366415683747
-564.8540664257764,638.7344485985543,809.9647093426937
-476.72971367885157,556.6939256565747,1152.353389005914
-491.0515900924738,643.1455015759647,1181.590653890257
-474.20745018609887,601.505894798368,1023.3026347125121
-494.44038251473876,580.8649490732689,966.188
-506.5755896524088,642.8043730615235,887.7852381631117
-507.41499926142797,491.90348445999643,682.8335359149293
-550.8058360671462,553.5439138270931,92.23439456711964
-493.96666529011077,605.4509741808299,1121.539286054198
-421.4148902542106,507.2211759211278,1228.7468907569157
-528.4979339985093,625.6782125269842,538.8135833887316
-536.5326569878907,529.143380341671,870.3175909896651
-494.44014604427866,580.8619832984684,776.0966
-490.6370838833632,646.4769372740948,1161.3925515320059
-494.1722822914296,558.0579723183888,921.0735932611061
-546.7600107204294,728.8638698925545,942.8357644509747
-433.21052015821897,500.0683473508834,905.2122025656354
-490.61069146474483,535.1885949103543,802.3953071628513
-490.6374211070347,535.8689138885287,779.5587141782586
-490.78793894569435,643.8376629612228,1084.4331834677635
-492.96693230678784,560.524364504367,1182.5085297036042
-501.53953574915613,580.017229388033,1157.9231786944747
-551.066767813626,702.114205758486,1172.4783418381246
-429.4130585072148,688.1241510596926,1311.8542492221497
-494.1911473169039,570.6985250206337,822.4213263041316
-493.98912458809036,604.2633841143104,1029.9782464636419
-494.4246661405473,580.8805182967533,686.1484
-495.5917644227843,548.4008391455006,903.6413962487464
-539.0860262799965,734.0679941206322,1499.5116952679127
-495.2471299591589,598.2463177862458,1239.0243060171645
1768.742909065466,523.2156824993403,-819.3308947144469
-484.55940030854026,439.2231734357101,720.392898655073
-494.46155985102223,580.8663490833309,867.6616
-495.91595386291146,548.0810618502546,866.3957219540284
-495.79804286305466,630.1729162416366,1022.6411523829732
-494.43464556165463,580.8613596729855,777.8965999999999
-477.13503715952106,557.2146153691119,1110.6470103365177
-514.6333640361531,533.5563649900171,524.7164892147852
-509.9404670202093,697.6824476661086,1132.363767078669
-469.53148423826633,562.9620728418894,1043.9279871598376
-422.9212802408033,508.71660814678563,1188.3826075604568
-562.8514274884171,593.7702027055802,311.4934164098855
-541.2326319348563,581.4166119462742,710.3475095604535
-531.17082157299,612.7241328578634,772.8625434470634
-548.030657113477,554.8911138403296,50.76252362578839
-492.5353546316992,674.7493106933557,877.1693633667517
-493.52785815301013,617.0541917881997,850.0000886219837
-494.23059506141794,574.1264321861727,625.8289249563555
-555.9917368102294,610.4048707235356,926.5260268341633
-495.0369401091368,590.2733888166492,1138.0114234184882
-494.44173681135453,580.8620769047626,757.6863999999999
-518.7845774426071,588.9586078239508,1007.9635418503187
-495.01104740780806,589.8597735897933,1058.6049558208515
-531.8817673517397,588.183975546393,381.275393847375
-494.43915641504145,580.8902952262329,1307.415
-518.2050213873194,529.3234114837578,948.2768380813054
-494.680163361244,555.0853876895994,943.8418681367891
-529.0328151912283,578.2210087951153,939.2170537335364
-502.576304647077,610.2335784582581,711.0799324246956
-495.8879291264118,680.2185170585547,986.6725411592454
-494.43965459239416,580.8696286502418,1338.204
-475.49679258643664,600.1825557054644,909.216528610662
-492.6310369343537,663.0390890302442,1111.6169108430165
-494.50554238239465,574.5108451571722,706.2882695568983
-495.5097916544132,589.474243497214,1037.5995652784256
-495.4606753913247,516.4641631579273,964.6150510172752
-568.4321002094621,589.4408368886059,422.8246700277854
-495.1989180709297,597.2742662164806,1126.9352353293157
-507.6861600841164,554.1955311047432,848.8125791887878
-553.8359962783188,602.2926710898662,678.2651120204396
-494.4316384756421,580.8628846691793,779.23
-490.94774565651505,662.0510999336,1080.261038511589
-564.7121110909975,585.4649511558896,1151.9257124178152
-483.579969023609,819.1637944446043,1491.1261155448155
-309.86149701388695,382.93578383405816,1957.8850519685236
-496.5489924636188,616.6893107169667,926.1334638874908
-507.9049954945449,568.0740601239512,868.6083263243145
-494.2910495096951,542.848239154262,773.4864982316378
-494.2265284175496,600.8311434620125,915.5398686978803
-495.5033132811848,589.3722115615828,1018.5337552889315
-467.30671376389364,561.37881186064,1203.4509028491455
-494.404857237791,572.0593856797594,986.2457179196965
-465.3445887565704,626.4126477801459,1247.3865149078085
-506.58720779659325,581.0985034037266,1070.1605067017545
-579.4473801456497,687.9078503593569,926.8347455316031
-493.0894049682395,560.2209577757199,780.1764479743887
-509.5217112599953,739.7759740216031,1245.2732010375178
-551.4919570257334,591.956871350369,1068.4916652186453
-482.27856123333004,580.2614749415594,874.5002445328229
-502.08986001388485,586.1434220511542,846.5582118126997
-508.03748538541913,515.3312390216795,312.0076305509732
-487.68322326691896,580.47702799077,647.1237839769076
-507.0263766868484,645.1699992217992,950.3286142508865
-494.77930094643216,571.2449429740102,1212.0163980898333
-506.82246566926347,521.2040210131768,216.77684726394324
-494.42423424340905,580.872417667464,708.332
-427.19242979257615,599.5132793978626,1170.9173379500091
-524.6824645693296,583.107335525813,960.8585186832903
-490.5393309047422,682.9773380445542,1178.369651419492
-422.74656339026023,600.765446111315,1298.2230344078505
-512.9187611572072,572.1960907023276,691.4925779232301
-494.8008704586384,557.0517996564749,569.7326098415951
-494.71085356768276,514.1223376548453,1006.823285500725
-508.52904968619714,580.8473221907079,1043.8879339600292
-494.3897424125348,582.0326583175514,958.2685891552263
-499.08280243709464,635.7819079595051,708.4267117543416
-619.8994959750214,619.7650051564672,930.7864874534655
-494.44712185307367,580.8574139673203,874.5224000000006
-492.73596976825183,556.3001819913404,881.2945712097259
-495.62618185311794,492.4958984338607,546.2496839836646
-494.45953019943136,580.8466586464228,1114.537
-494.4278206258682,580.8641689982214,1018.3406
-494.43398186688796,580.8693926941751,1245.1593
-495.9166789489932,547.6830232363732,886.1415752870929
-494.13851692967773,486.9533921478037,846.7328011656693
-494.43971350608945,580.8740140638138,945.228000000001
-508.5241887315028,641.5331258918377,1179.8449806880906
-548.3057909541653,663.578024583484,1119.821622889392
-502.82422361455065,581.4036655615309,816.6287770961055
-490.54840417879745,569.7610169117957,784.4064794879423
-531.3242362775904,673.4426395511532,720.9062849260335
-495.61998031504527,547.5555964611358,946.3584419607212
-575.5170780969993,599.8401725469776,657.7108347547571
-495.17628164948155,496.98408574869245,726.9883651988185
-494.12960814739336,587.8845053301347,515.8288932636605
-495.13148101524393,587.1929915961468,680.4624658576879
-494.1945439327328,588.807386738102,913.9489969208023
-494.8140168045561,555.9361478212677,631.9563323881713
-434.0430453114236,541.0481417635247,1107.7937303065287
-490.94683655744075,751.7250137333801,1125.8420799228095
-476.02052205553355,581.4572257301201,946.9256498319368
-524.6515549858625,470.75400427366367,1388.345977083486
-481.9853002807117,580.2502965109078,913.0848172264656
-494.44630819145755,580.856078274674,978.39742
-493.9870165325947,637.7232906662043,984.2139877078512
768.4242106615784,603.1516736788717,-777.6041850050369
-492.55666107306706,673.5929294790092,857.0652101049317
-494.72360530211085,513.3720454335958,1026.47981049819
-495.08320169226954,586.913388441965,616.4376563923174
-494.76347927280085,571.3384901096008,1192.4023271777942
-491.430824853549,618.3349234125433,902.2621832608594
-492.40870090318595,667.058874996224,966.6151400659597
-519.6570385121493,589.2339736582496,1071.3050879418302
-420.6976326477611,506.46615050179906,1248.930198410402
-498.8523146022608,480.22410434513915,1214.308594504057
-495.75606051306704,482.4870298647879,693.2791681954308
-451.27430076269457,520.4263588150116,1076.413697547539
-551.6723519769921,527.3146854229326,1453.8836626098969
-482.8243699208201,517.1770138263114,1031.452232366791
-503.96967065442277,615.2541844305342,960.7949615473374
-443.63411254961943,556.9704639017746,959.2821597755778
-548.0973562643449,583.4337291938766,689.2615672780198
-498.4238201227249,688.4317818348345,1225.8768175660043
-487.96719065354273,621.152890190657,944.6785676514316
-477.42114171358617,580.82177147076,1036.1211567431694
-494.9465308072058,568.2898411164855,475.8975079867347
-474.8388050056378,600.8535169438198,966.2593276375748
-495.31181686527043,541.6618233388556,967.1396378262898
-506.0242189778437,582.0147976662633,1428.9788396187423
-646.013011034004,582.6859966611253,713.8483917575438
-493.48667181882365,618.9536238600481,934.2009765335815
-494.4380795926036,580.8678169995919,977.758
-494.5309955275238,574.5038948213448,514.8442769728317
-492.7702044469406,657.0140521629082,975.4148446413801
-528.2421673488197,581.045042855602,853.8710397629014
-494.43530626216216,580.8703879086261,804.876
-526.4713671212457,578.414319150495,813.4784308308222
-560.76060414226,665.0322074845205,973.0828416283064
-486.14771387000496,461.936071956374,484.28363620468417
-492.34512232630414,670.0164709652715,1025.5838205057175
-491.33412066027427,546.8230844180832,790.5944438791649
-494.43886913616825,580.8631734808064,688.6654
-513.4203419111618,605.4008405788029,898.7311510519169
-522.1646861856284,618.679623506489,700.8447248996019
-491.17294254470926,503.6446957513834,859.7300529373096
-516.7679020681276,721.5708920003528,798.1565891809463
-512.1292723703859,493.43579341301484,559.5904614229429
-507.36124065655554,539.4243282841021,928.7947461323627
-520.1396238282141,561.9748286452658,625.1851580219078
-541.9317275764436,579.7333537328368,1266.6618721881532
-493.6974930145848,611.0523353415779,947.1899081565398
-469.1815821219009,475.81448444152966,819.8109174792809
-499.2027672108338,623.6754060391022,1369.76993606042
-548.8142662615085,598.4629849575851,559.345784491869
-491.0650045714515,533.3103014964195,912.8156846967543
-492.82988034021355,635.3168198250389,1035.0499245111118
-494.0695838127042,580.8360735314518,917.6385670460559
-493.5639741346881,616.099839567295,807.8997761651615
-494.4343301931076,580.8554365160348,869.8553999999999
-494.49816761676357,578.4266544599304,1118.6409442780935
-475.20719257283054,581.4887120547604,1020.1253080703686
-538.6082106362833,586.6773596183435,582.8081208888989
-493.98297421116604,624.5696494437495,943.4865271396131
-494.4559289701624,580.863865138995,789.03276
-495.15108943297355,587.4805204845818,744.4872439600445
-494.42085781071546,580.8621701051711,761.5563999999999
-494.18271028454546,558.6032928293624,880.969569174722
-513.4900874581306,571.951108261334,736.6688905952828
-504.8545384573872,430.1561264670538,805.8158475555574
-430.10717021824416,495.9601326793786,989.2790859590591
-501.63082993054695,595.8486826875076,768.0544899707915
-494.4393306740724,580.8943024135465,1219.8425
-510.32738219448765,580.8537957590058,1273.8809522751937
-494.435818232178,580.8625345888727,893.7914
-538.1373236392042,581.3769943273427,613.0100394008105
-494.6001536308245,541.9292972581829,700.645193890255
-463.9503832256537,577.35073972289,955.3617930972702
-490.30796152508856,685.5542436852431,752.561287729531
-493.79606323208964,584.600167508521,1181.8148345183954
-492.41614149823044,680.5493171436731,977.6889820616851
-513.8860526062329,484.7704256112279,689.5648204849804
-477.77430787608546,829.6730044545832,1604.9438285485421
-565.8035010849867,589.1368757569537,380.9742168086584
-471.6008402312841,502.62051798675725,1469.4759328753603
-508.72016346046985,612.3862048145447,1209.5520389027224
1185.6374926995086,619.4213099046344,-803.2954142944218
-601.5061649361076,592.4049257196659,118.0025904983321
-495.5513611685906,541.9097175068254,921.39189638172
-530.8579247644752,574.3557115876448,722.5392739093643
-531.1054253682921,680.6203343527732,1033.3478270847163
-502.001440444777,586.0650691646047,825.7097901884656
-527.3872927016353,561.3380824013013,666.1294726181886
-494.71728221042395,566.2717800090523,787.2089480112921
-476.5962938792486,513.6273635460057,1218.3676794565622
-510.84730908391316,668.9721646914616,1082.5911914645699
-490.0310858850687,503.15703273731856,476.36672505175665
-494.45747334477437,580.8613617004341,773.4514
-505.42890241233044,590.9693260102256,763.5266027405667
-550.552143002709,599.7868035331211,571.0107132107364
-518.4999543922054,653.5179157739651,959.7204166106078
-494.43323924579727,580.874293252042,988.9602200000008
-488.0711292282099,557.6660146237884,716.3097110823398
-496.4410475252175,931.5569269302289,1493.1616242868122
-507.3736406571895,576.6045372617536,1135.2456085775946
-494.4045833312107,571.9532845682471,1006.7531070465017
-522.9934807432849,583.7409343664386,447.8205648139573
-472.0292459594575,504.0523718689458,1428.679864877455
-536.4485105835179,687.1956542216675,917.4244943178369
-518.020185735329,655.0949940209013,1098.7966694358417
-528.5386648834849,587.5402934720855,279.66475624334817
-450.5914251600784,482.01780470376343,1016.0552358225958
-473.7406756018863,674.4415532541349,1569.4932115561217
-525.141428902074,582.1689016809522,1069.6972253418712
-494.2159750829462,571.5405518833961,692.6077538935091
-494.4303843741559,580.8594008745672,985.4262
-493.97636148452693,638.451609024265,1006.0202917388137
-476.7600192764198,845.0080296229592,1750.4449314077094
-481.60537578343815,480.3924851638667,442.51350868617203
-491.3577268501904,613.5020456956305,1051.4362662396252
-549.7100331308625,598.761302775993,580.9582745862307
-486.10268913779146,580.3935087134241,967.5686269365222
-492.082835544295,681.2636514224384,1157.2654910139224
-493.7283299176597,610.2910928617089,904.6896535058931
-483.4695164948316,821.231927725526,1510.515042481937
-490.34737518002294,687.7769456613137,1268.9033627361468
-509.9164745718963,836.0191261705847,1629.4170416150591
-494.1958940915956,589.2056693632614,1001.6722979168821
-506.6726571989434,581.1046312444272,1085.18390180664
-513.1715640570724,605.0933514799731,877.6777395058105
-494.4316893097698,580.8721856844005,890.5878
-495.21944394153434,597.8653149153272,1194.1885927886726
-536.9994705377105,581.4005936389883,666.926718370872
-523.7811079885382,658.4753252844071,680.9678161765114
-501.4391413359781,507.6266133316226,1124.502205846606
-494.44401418277675,580.8668268744013,989.8996000000008
-516.5055435521467,650.4082585211169,981.5561265934069
1809.2871597385056,744.3498449445406,-848.2297004511347
-531.7592664826436,631.614160701563,1035.2971183406296
-491.29588827281714,614.218527379568,1091.23960363855
-472.7847989754696,506.5109062390467,813.1419148907517
-519.335610975927,526.8462757192137,1030.5070921623023
-489.7697729799222,498.6095900683963,548.3240234969958
-494.57524585126885,544.8326333950192,592.7485598807576
-527.2958329567562,572.7967152568256,944.6867084503947
-547.3932265260405,583.4014540498538,670.4521497081536
-491.2202728269135,614.9408454317819,1131.0427852238347
-597.162474638661,593.723491106673,660.6054447498116
-508.7692390494285,731.8671452151068,1145.7088642078136
-543.9022368873602,579.6900979881789,1350.5974443991988
-510.9210033158338,493.14603763362516,406.42387878762713
-499.07994385840357,622.7398661369157,1323.3225094128247
-495.84946486595845,549.2945563676162,807.1586002436713
-485.4399667076773,569.9471818945028,1251.7693486619373
-477.043038316639,840.6423605659177,1708.871160429999
-490.43581339816683,682.3150907115225,705.9027979300814
-523.2988777876435,582.1030100786342,961.0479333271701
-507.32643701841266,490.98153490545945,713.9190176133225
-495.10896448630456,587.0067021236914,637.7792541743349
-494.657090590184,572.0041765683816,990.2057185764129
-539.6346629523018,525.3297124179844,989.7798111857081
-467.9289548993074,542.8485315976692,1091.968488114881
-484.9924477582608,485.1786540473573,731.8191917660217
-492.9483824659478,467.81786508483486,499.22168268829887
836.3012858049115,604.2460298397859,-787.3980788418976
-549.5475779647759,600.757847835391,575.3395486462643
-491.90253820588305,647.6940456858234,1137.3299646988642
-501.60579230519807,580.0050258780777,1174.8359245364481
-508.53906051583,488.8024674080074,906.4271825267737
-495.73846608885833,483.91819594012713,672.2750510875902
-490.31353788748606,688.9666871913666,1291.537520633451
-501.8344888341808,596.2850200969144,812.8925906881803
-643.9827530189943,582.6723100652669,694.3221521904048
-537.5587016102465,639.6529990178153,1120.9950119927726
-494.41390950360983,580.8738966113896,1147.7934
-498.57912872867337,486.1788800226003,1098.190189557338
-456.1781013459263,562.2794693525811,994.6936956284469
-494.4345773071441,580.8661549093631,929.635
-541.92227057423,539.7550893535683,844.3955919217899
-541.9280076294026,583.975335853767,675.458056449103
-494.4372853247846,580.8779782937177,886.8296
-474.10639942051876,672.7550098130215,1527.7593463223707
-520.9138913389181,561.4049487043588,667.0053534018646
-520.8482035109823,484.61432832507853,1118.8678869487287
-529.3288528765825,574.6277645937015,661.3187138356105
-494.53811033620354,586.3675484521441,801.3757798951731
-531.5050417564778,681.7113940834008,1052.7245069586206
-550.5867582267679,581.5263646120869,1002.3580056224499
-552.7756872967934,578.0582195482114,684.51246913912
1260.3631896538318,611.6709416703964,-802.4789581130008
-497.2166863608495,527.8276620072673,818.464322400824
-501.0306898061899,455.4948139072376,833.975054020658
-494.39282928786724,570.9239651681829,1211.8271545756502
-492.86330225230654,519.40971043978,873.5582340137921
-484.5268525222291,580.095962644799,1033.9285250182008
-537.8541907231386,686.756872517511,1398.0564826382367
-569.1132604871391,582.5911236088946,802.7499639796904
-540.5821312274129,540.9184841392046,799.1990096005549
-509.0093212820973,578.7323622400104,721.9606358799969
-514.6456046980793,571.4056107892575,827.0208863445861
-452.1856520473116,501.0467735997412,1229.1740621941917
-474.8619835658335,488.8432342221171,1150.6761053508014
-427.7627125053607,492.89271948982923,1052.3290924629976
-515.8151462229976,538.5772246527288,752.8978675697169
-495.3954514697325,626.7277532321716,1124.957234265733
-494.4354887983063,580.8532025943603,932.4436000000001
-470.4371914848198,477.841182972691,1106.5366575176602
-476.40983693682074,512.889831450887,1239.863003012032
-501.37528418924103,722.5852566709466,1128.8406371156007
-541.3893343137615,637.1734336521417,926.4531393206638
-494.4525936651885,580.8613759003806,862.715
-564.2959724688817,676.6065497560924,1045.9482611344301
-496.5458756773105,509.5680829656705,831.5922548213626
-471.7239490912375,564.5593771455741,884.4047366095599
-505.9382223413327,582.000981822018,1410.6576593785076
-474.4137084661379,589.9717650884281,1180.1003650276266
-485.9981369389591,459.8683335330893,505.7476252352682
-510.65168363529756,580.7213445110929,866.8527473784035
-517.0177593596588,588.3833692414746,881.2809334452882
-521.8119160370891,618.1834539720353,681.8848539023046
-493.6279686976577,548.0021375474028,1038.6360535375832
-494.4412487687139,580.8592683705479,1111.77836
-633.8905091520667,582.5387359704016,596.6860741158491
-524.514168423942,582.157871872773,1033.4809624686307
-550.031941881643,666.1927663798451,1179.2290878640463
-537.8880546302271,543.2449769281081,708.8063337805263
-492.45730166507064,678.2333233765519,937.480876067527
-493.9616774643232,590.9271587174081,1198.1163467428676
-489.76360258500495,567.559180227946,1091.8800378436017
-500.860149275371,648.1405992506006,888.5581747007325
-503.6508011171618,405.6499167475421,883.2270818338661
-523.8329957379551,473.7213760264817,1330.6005935340368
-492.4421349520046,552.1846558403001,1156.09926432905
-506.38651779468046,581.0942747665475,1040.1138275123244
-501.9826614340177,437.1806928172805,589.0937617946423
-494.4503134135716,580.8651937936579,1092.9479999999999
-501.56877377821615,597.378370687064,1188.9304360770082
-481.3620741926833,509.1418917391029,1255.9463519156373
-494.7298167767324,565.2443550172678,896.3120544531894
-473.56457931267505,675.2811802030852,1590.3603099104243
-494.54720176002525,586.6651069971763,885.9389900109047
-477.5603945145335,634.5020405261475,1541.6234780803572
-540.2748175761078,628.5057187800663,936.6629143082538
-483.8069369264658,589.282254515349,1147.495940199892
-490.1168651040023,504.67650062965004,452.38127717027317
-495.65285513106346,555.110044027527,1024.151286798101
-506.9526015152135,493.5469363332273,672.2502873883732
-635.9012138711885,582.5646977120894,616.2139391755458
-530.6489891764957,581.0611417770502,968.4700746013846
-508.7175352701465,653.8366426654028,1179.6543357070668
-494.70602212975996,514.8721663978386,987.1667444736684
-532.7509513107848,583.3625201092415,399.55895037201185
-433.34209450274557,540.620303824833,1128.749701023658
-509.43138252417157,613.922987122849,1305.6672666366696
-571.1727570184539,598.8273783185327,582.1466579649523
-494.4152215721365,580.8687557343258,960.0604000000001
-494.43334034974805,580.8648348287961,560.506
-519.6718503267002,582.3562264800338,933.6084859288532
-494.4181095547701,580.8597966822081,842.1798
-494.5108948032853,573.5428467910257,930.730315837106
-494.86433153662347,588.568825339343,871.4176686310199
-492.7931557137226,616.5730796589585,1191.226746997984
-291.7026595406551,672.5211087217988,2087.1904974202407
-492.87587637273805,566.2514204989106,941.28952927765
-494.76577117261513,604.6798649796667,945.6858753518841
-494.75790901851497,604.374299788456,923.7276400110327
-520.1939185534538,524.9830662651477,1092.17949569036
-496.6905101298628,619.1885267101811,1042.86928262893
-494.4317283655446,580.8691445010686,988.627
-496.0000894207815,602.2412919031618,708.9082319237014
-492.7446737300302,657.8803448924227,994.8720739753411
-492.77479722631074,556.940446794071,839.01704447914
-288.19250706328785,674.1049247107028,2136.1058478430277
-523.4882644343786,583.7928614503297,468.8555168530591
-526.8856464545554,561.6371268375517,645.3221278761308
-502.6273220524131,581.3777236302828,778.5012690849917
-494.86455708427184,588.6646354939592,892.4864968625246
-495.2093791657717,493.58000957661943,787.0262473906166
-454.31163561371613,579.1619601991013,1205.476414567358
-465.64760723373183,625.939839157271,1226.1799427607614
-496.0966349496373,581.7356454400001,1035.8618783724758
-475.4445458317455,509.20991685195395,1347.33961708398
-499.29016879673463,638.1638799568132,772.0162832711065
-540.1676980999837,581.4290550897063,771.9332026014075
-532.0468609097943,583.323475745127,378.3358554035753
-494.10154657486123,580.8160473408216,810.9345731672915
-495.43266042889104,519.4878431096172,884.0662946294216
-496.5099909300218,616.1914081248401,902.7862598349291
-494.44319370947824,580.8713470035452,906.0242000000001
-513.7715271514126,571.8084740166005,759.2569603235474
-493.8018714080795,584.5366470773806,1142.6493875642489
-534.773564394548,629.244011496427,689.9795625457091
-514.2356388126345,475.4584545566206,639.9096048459506
-482.06312141809167,639.0100700532292,1148.428694624651
-495.71727015518763,485.3481919118651,651.2708529995859
-639.9552054373105,582.6177232613718,655.2669389253233
-487.15111398699764,580.4473937565679,753.9387039608155
-506.83673096813664,541.0928644900973,861.1610012799808
-518.5622426161876,732.9021403814966,922.8451187721959
-494.83516026289,555.1829857200908,673.4386013693852
-508.9582409855436,510.9347433775356,383.43121453028283
-557.175972831028,691.2402132278826,1169.477277972249
-495.37121339172927,478.3091650904951,1017.8498902540935
-495.73534042196434,628.3880917374674,958.274250104626
-631.8688133348871,582.5117153527499,577.1591307998738
-558.3768587302382,524.0386446492839,712.0894178311293
-494.41868012175746,580.5779766862433,739.7786536429078
-516.2755055848265,646.793954882653,801.3595306037323
-518.7919484514239,532.685029157991,962.0714744594641
-481.41017455047677,580.2161288220904,990.2540262785004
-490.5886249509076,647.1362058104544,1180.6323918549529
-503.25657017813,612.7480222341483,835.9374415426428
946.8834992789107,606.1071072226844,-775.142985493274
-538.5608983113736,542.6629960000748,731.404516289192
-539.2548893525782,574.1141442207099,810.2532655134792
-435.03189137295203,678.8628411021969,1133.5821067287395
-495.0025810493985,566.8920022703261,612.0446760806456
-425.8833448034052,511.7242807044989,1107.6526865446472
-488.07306635097893,701.8367678084651,1131.9567216377823
-494.5159370875158,573.9398250669541,840.9535531174824
-491.77408370110334,651.0777219445985,1233.0795668375883
-491.2578695553175,614.5805716965632,1111.1411746012275
-518.9566541394722,562.8399267429778,562.4554889756604
-494.421801053707,580.8566428896593,973.3626
-494.4503043675377,580.8675149287801,1048.356
-542.4903327079228,557.5731661846653,-32.182313094979236
-514.3301632066309,628.3188946525438,931.4619681764409
-492.0441012458291,625.2696930504534,940.0682816944691
-491.4093412985974,551.5721167081551,856.5488524432437
-494.4432641921444,580.8693615381956,882.384000000001
-494.00731879636123,634.8783628596689,896.9863590396043
-495.0609337673309,668.7478393096098,1155.3643695897822
-483.2129760140673,519.3802215664218,970.2269042572807
-505.9915561044472,581.0895048948829,980.0204448343237
-519.7502257796366,562.2622776813204,604.2751511147053
-571.0188963640994,582.6461308825633,842.7397623938316
-495.6610111452592,489.64754412492675,588.2589276775216
-523.6054374473729,582.11137301937,979.1561573126514
-492.68586684459297,617.1035509684737,1123.6823185812025
-494.43490575416786,580.8750577573267,776.2982000000001
-489.254557866856,489.4963321668913,692.237023754348
-565.7726941004303,639.4845631471542,830.4267461539448
-494.67579753511563,555.4555909930382,919.9146092968001
-511.462267565978,578.355932189475,969.1365382627877
-533.0983731159072,686.0299715848785,1130.233816146169
-487.89060267275045,621.6929744678839,968.0522004696145
-494.48828348409006,578.5860465997728,989.1573262250196
-448.8030627198209,419.82736852217636,1105.4678308610019
-531.9150710401568,682.776719691223,1072.1024007562853
-485.6944471530437,620.9974698527253,1112.5466901310172
-494.52220100126533,574.3023821068059,555.9763017432496
-494.11511385508584,588.1008257484064,767.3686975751434
-496.46065519002786,581.9428900320745,1425.738071215987
-476.2370093060281,580.8286432026578,1160.336745494968
-494.78720326795883,557.8026374093233,528.2502867490374
-566.7025345957345,640.2487804215777,850.8878115522167
-500.99605007862374,512.0299894347595,1012.1710419404415
-449.1482775914269,478.68873668852495,1075.5576696264193
-545.4401330251742,530.5461003300287,678.0532964180959
-494.42654120911106,580.8806551425942,690.5638
-487.8741161447201,556.9815950189222,760.3527790773024
-500.8265312219519,578.9073162820719,755.4382349457863
-557.1187940205905,577.8614256008045,791.352397284657
-494.1859867407584,589.3249086672151,1023.6030182189563
-513.5581152114376,536.0850959922666,456.181831115375
-537.4789937511091,685.8888283686636,1380.3041840717813
-493.9870980377889,604.8558559404748,1075.758791879346
-495.8684512416148,548.8829093099644,826.904169335703
-494.66239787632003,556.192873712238,872.0600244632237
-532.5584715748214,588.3152746090184,401.59720817076305
-505.57526221314674,591.0803613522719,782.6284266595444
-494.3924383902822,581.9607204979851,860.1041924783258
-510.23415805224386,496.68382852342825,359.7271273975089
-494.4264952545723,580.8683656723958,813.2826
-490.55827211063365,543.8740200442785,874.6956792553436
-494.15312370947095,587.8953260813701,725.9467480748041
-492.2738930404962,672.9721481288532,1084.5526228824858
-490.0997436432699,529.1534188392542,1007.9266303602956
-495.92149159149744,682.3826959701469,1024.6367817016242
-532.6534412523547,698.3569760595601,1202.8670465149796
-491.62467131046515,615.9565255163297,797.6004049926278
-494.43636269329136,589.0270909440693,900.1740698706595
-525.7122071206024,579.0214249076464,487.3705489857144
-486.47512019115584,571.2308921925985,1016.6530577681239
-504.6018881468799,687.2949361974497,1843.3161413363862
-527.8283239769387,581.0511494267108,834.7714414449756
-529.4079402059101,645.4756474661935,916.9971677764361
-539.3281531010384,586.7760813792737,604.8400354312787
-494.4387129890097,580.8544554998465,997.7568
-550.4182975883864,601.055529864155,595.9243019518724
-495.2594970683285,543.7407662327098,876.5183809572364
-475.7228177468096,599.9664314036384,890.2022461028882
-432.54401018482804,682.9689110803081,1212.81519118996
-540.8379861757999,594.9906009882055,727.4146905898576
-481.70820936061045,580.2317061570949,951.6694830052182
-525.7912628115687,583.1954343737883,1023.168966599046
-544.4462955380764,526.1028646442205,766.8540956730658
-514.3763868091614,641.0272829624889,665.6216829888435
-543.3593126986202,626.079595035301,792.2885347958587
-532.9258114396189,533.576131851036,730.9440745643165
-483.36832092305985,823.2942055558233,1529.9046837604772
-496.1423415396971,581.7662951457523,1076.9014663869177
-494.9023150236187,589.15611052285,997.8305442846957
-548.2558396698771,605.255191858564,634.3621200671233
-473.80979569207784,590.2566623279222,1238.4919755144113
-494.4249435845227,580.8642173422229,934.0457999999999
-470.594794755179,481.64642307544545,732.5895682954665
-492.7767359337545,637.1636264609456,1096.0997336829055
-485.48024119116326,587.9438435970169,848.0779656680891
-552.112245843121,625.2258096766536,1031.553680870602
-475.82453949196224,510.6698556261531,1304.3484120852147
-425.1448754609896,510.96833263864863,1127.8350712968356
-482.2763830447484,605.0813152218832,1586.1318373296406
-494.4235183385031,580.8725195053453,1029.0662
-544.7400542321884,531.2297640782677,658.456145270582
-517.3162171448264,627.56930578127,1380.8409214228911
-543.0090597261403,612.7462604981765,550.5060804634114
-492.81211623104855,565.6705375114216,1008.0232746135962
-494.4448298731618,580.8675338524865,924.2800000000011
-539.7954451506398,583.8401621857223,611.7895592310358
-501.42758490780625,580.028266728747,1124.097604440562
-543.337797352903,532.6220664456611,619.262780690912
-474.6423751880445,512.8934569728609,678.733166003952
-558.8535312211334,587.3962541855504,686.1411888056678
-494.5028805460297,574.1356915342154,796.0651575957339
-426.4509115745259,599.7287096449163,1192.1348637245578
-448.6380253268844,477.5807121386598,1095.3911395184602
-494.72291076836996,515.6013678446598,967.5095343356106
-494.3870363092433,581.9806564058628,879.737068153014
-537.0655588768598,687.8907885001374,950.6382420955836
-480.65910355426865,540.1815895091049,459.31378575472945
-492.06694127213586,583.5590116025035,1136.2864888713495
-508.5851245941417,612.0767346238433,1190.3289713381257
-509.29926239010774,692.8959991420215,1054.9412580890366
-507.45746523369826,636.8674271197478,1031.342721838312
-512.2070940749541,603.8390224312359,793.464122842623
-494.42442521265366,580.8699959884916,826.3996000000008
-507.87701520114365,487.1484284316579,776.4234079495922
-501.26409921066397,652.2967241442498,990.1286132154362
808.2114791590648,603.6810532594225,-772.8697479218717
-610.3319085884318,616.7971964983883,802.4716311263078
-494.42789499754053,580.8738021662033,992.31816
-554.949198104172,551.5361087634878,154.44392100443542
-482.19534220333117,638.3798928940934,1127.8487024607143
-494.44703077832173,580.8589549251851,1081.667
-494.4537427064856,580.8650308607982,879.3434
-494.4321077081836,580.872192994952,864.028
-499.36094077731946,638.9509473909861,793.2130940059558
-510.40656816374894,701.2963083845145,1190.4292922797795
-501.8089174912052,585.9167632381768,784.0129945201516
-528.1015292908046,572.5925955849607,986.0649810209075
-494.08587797451855,580.8436750958349,832.2753656696875
-494.43339055681645,580.8747704323873,987.1474
-476.2778120920425,580.486193669904,1065.9277367426293
-494.4299517617005,580.8779386069302,626.1232
-447.2785668221795,558.677372195013,837.0878301603539
-494.4336799666603,580.8748554762293,903.3098
-493.60589222432964,547.2123501763406,1081.4991915370074
-537.0283996768649,608.6524457423553,1417.8779909815776
-493.6587569390406,548.7767738164684,995.7726182215208
-534.3571159006997,606.9301271780913,1282.5317385564138
-456.9637324464152,528.3494407896665,836.47200635247
-472.1474510936,581.0405324574376,1242.5036252523325
-495.0215531624392,589.9822464342101,1078.4564760659864
-478.7973789199191,580.8325249713307,891.2029152148157
-490.2014296691641,688.7841407984722,799.2204516014563
-533.7241530288818,679.4576014951499,816.6280579729392
-527.9255604012292,624.9362848308178,517.289292588868
-494.6921704982085,566.6918466338149,743.5678461763939
-493.50683034646863,618.4738998378571,913.1508883392095
-490.7171379887495,667.4286875239857,1201.8107070029228
-557.9996089325055,587.3116096206243,666.9628620575543
-492.8191983703955,616.1967116971377,1171.3089431068456
-508.24654084726626,567.7479978568516,910.1291745689634
-490.7154358700059,645.1534195518036,1122.9130115714242
-504.338021759575,437.7278575632188,727.4193162194401
-494.07235895300255,589.0376769873669,723.3537759537037
-531.2004781434496,588.0591975288071,360.9536988046654
-513.4840563810026,608.8923614077775,862.1402524074169
-513.2962576359869,578.0939135067579,1154.5185512188282
-494.4349470333377,580.8794440790389,1162.4261999999999
-528.5121338589843,565.0959237435884,857.8345742209452
-503.33671663525365,581.4326809854651,911.9474636441075
-482.9254743318086,555.7634312447753,1004.3771791055253
-498.32624059412865,492.1226828110895,982.0712054873464
-454.09415128448563,600.2152677222689,1199.2232389860133
-491.3886139232968,618.8167442970544,923.1943630431537
-451.3650232465284,480.96715532998326,982.2047077488825
-549.4067242981855,554.2171180394644,71.49918414322008
-491.80767908596226,583.8432875219007,1323.9148342139208
-506.3239171362279,499.36374716747696,562.5046827258093
-541.8743540550263,581.4099610084698,729.8143726216988
-472.8549151251905,587.9588480356706,976.7940734720469
-483.67505878491875,817.0967253295512,1471.736989121012
-551.3726743603079,600.0680321443391,590.5942100810698
-615.943825031884,839.8867708800703,645.3147335073484
-573.2192211296772,706.7216046348519,555.3560539351321
-555.2124435627484,687.8134462871731,1109.685313571083
-531.0592584823703,630.6469868902826,1001.1082296500599
-485.2835167233784,622.9554820316921,1204.1664381378325
-494.42721897185857,580.8740756054403,691.7404
-623.1931183866614,855.305317725542,728.5586436361752
-498.7242916367345,483.2046283893101,1156.2495268588968
-494.20055324117766,560.52531334403,740.6057336063673
-492.7308106324067,616.281831153281,1080.949439489528
-494.4275959886354,580.8672086680209,1190.09536
-625.0047356164091,859.1756341594814,749.367309375488
-508.34020231621844,490.0321804520985,884.5524875922968
-500.76248643047984,460.5666723872964,769.6413508702531
-494.44749480511473,580.8771788407589,1149.7845
-296.35263357624626,670.4307728647898,2021.9680251093368
-491.0167178385309,643.8527019255299,1203.5676946952583
-546.7336687985512,713.1945549147141,1325.817177861413
-485.86841601090964,457.8039119626146,527.2123097246235
-517.8996423538217,588.6728157776517,944.6222528565023
-494.7394215073564,602.8247588931852,813.9368073140159
-539.1727723391291,673.0058370573813,830.1787876488111
-484.9975473772206,589.5587686872811,1112.7312837797417
-488.9032019396295,483.43211048168496,788.1799876767486
-476.69949089872034,580.4911933343924,1023.4909097837963
-489.87207663884374,555.396353121188,806.0839992585632
-492.8426525659197,615.8314578562613,1151.3908951319768
-501.0491027844382,583.541038564776,591.0190943541317
-508.0271380898171,633.0595767780978,992.7671379478431
963.7380191092179,592.3840797541598,-760.8732794906045
-521.2434417094737,708.5932667888326,1087.1601009417977
-490.91034567415045,645.983636917213,1269.4984594176256
-494.41860335752654,580.87380572482,1110.98448
-500.9131467460152,713.5779359997466,1009.2290820404472
-529.699656680559,572.20578441323,1068.821924389562
-496.64502320930796,618.1764519803855,996.1753162161325
-451.5958831769417,484.2401265277447,976.3882875678942
-494.18324474839346,570.8389732483054,800.7857292144329
-494.6468049552582,571.6927477840327,1053.1235617179836
-476.79962152534426,514.3527147522177,1196.8720166377948
-531.5084554846676,563.7113151878723,998.5691946720457
-494.0086276249367,626.1375108289003,1004.6933751567233
-476.47480281389517,637.9722989418831,1690.213719204568
-494.43228897617246,580.8830912984758,1039.1158
-451.76472760494926,521.0823199539223,1056.4187814635673
-521.5554428359742,579.2782901006244,322.80349363721814
-494.238901242119,601.2909833567646,955.0940971569368
-476.9043768348288,842.8220865201749,1729.6584592115034
-490.3948864128597,686.5721800038518,1246.2702674079223
-564.0492354117305,585.4266834729847,1133.8933730061997
-514.2843701602928,534.3951664959811,501.87118815931416
-520.4887011021508,583.4839108487172,342.646600205778
-492.8841317298734,632.8403946867916,953.6505887135968
-501.91240164129977,608.0431824083312,1062.5208908258883
-494.4438896710035,580.8704118168228,1204.4279999999999
-563.391404015043,585.3736142142889,1115.8609142656305
-486.57127106600205,468.13716369139524,419.8910978995059
-468.21832218360305,543.2467828687164,1072.173597873729
-540.9010649756933,740.2750796543614,1590.865448544195
-524.8196299762362,582.1738131451549,1051.5891965871108
-494.43645434918085,580.8662069555362,754.8646
-543.3166892249978,681.5225143657926,976.3903744089674
-494.4118646068264,580.8744738640654,1212.0948
-484.7032697226614,729.9174929497566,1203.9785135634647
-457.90087654564286,529.6719634321737,796.4815381484772
-494.59228747733323,544.2492823247176,614.3277953420553
-509.4594972958548,694.0919529249359,1074.296926574384
-552.6156536359176,683.2154963174105,1029.9636436922642
-529.868786707375,578.7801575863466,651.9376435897725
-494.37824054907196,582.0661661075711,997.5343445489225
-535.2484989600127,588.8424456042387,482.885062555908
-552.7380899432969,592.1961988000435,1108.182664574651
-492.60037331036756,443.0482950311461,773.5017459881133
-495.69464712398076,486.77529457145397,630.2664474141745
-289.3622506651918,673.5867054167704,2119.800523860469
-495.8019865480703,630.7614953808886,1044.097006085022
-532.7095232221006,684.95092712684,1110.8562810486376
-477.54584589034084,580.5115935418519,938.617288065623
-507.75479007349486,638.1950197138597,1073.772217548706
-517.4995406641942,653.5442234629646,1059.7162022027962
-496.04763155596424,581.7072139893057,974.3024694705485
-495.1802270616911,597.0814683914489,1104.5174075244852
-494.44135479110037,580.8550946445439,834.2228000000006
-506.89988949100007,581.0911917862524,1115.2304828219842
-544.510201184512,530.4343070516163,752.3068722197853
-475.64078192439615,509.9426837818032,1325.8441921255692
-490.02131369556446,538.7875542010524,1098.02850459414
-543.3969831592021,618.508966031407,761.7541883885049
-493.98862355605434,639.148681547209,1027.8277021944816
-494.4310436359506,580.8715044233472,1224.3324
-495.6221459342255,491.0802658496998,567.2549435236286
-530.548055837111,587.9241258645116,340.63102764243786
-484.10069219697834,580.0651183904836,1109.3269672535164
-484.66676868382274,589.8727994291185,1177.5804171829611
-492.39743467987864,668.0417696519535,986.2715901980076
-494.41387777757427,572.4728166525325,904.2161073718622
-474.829466637068,589.7781892890875,1141.1727670689784
-485.5293820691263,570.0671475990512,1230.3951334729736
-499.4308011671569,639.754314027377,814.4092186760748
-492.3046845054887,671.9888586023317,1064.8962313159661
-488.23810949991594,619.49011920929,874.5595165916117
-495.9499751473618,547.2761229923415,905.8872254296804
-515.3620367691337,531.8430200860607,570.4044563447645
-494.43123679733594,580.8749466486779,719.1912
-456.8599123902736,598.8935550188357,1065.6909129034198
-494.1615776248882,495.094180516998,708.2494517106883
-506.4198804507482,642.010210437261,866.9377344167523
-599.5746100777492,581.6932897289978,777.1375760609134
-493.9619885753732,606.0446684871592,1167.3198096683248
-479.65683353375425,537.2022115264813,547.7815645059854
-507.22723018542774,493.14616148511664,662.7787399715493
-495.5244099934357,550.3913654575417,783.3407319764149
-535.3703308582744,706.6726337733339,1341.5050797757108
-482.5497585995191,515.7231827797823,1072.269533627574
-541.7427167847304,533.2242542505267,668.9240820667079
-494.4199810926939,580.8768291010654,885.9074
-494.4410426497734,580.8748955473633,908.302
-494.45470805641344,580.8824791691153,847.3414
-495.7662962175946,535.3527370591852,1202.7455178328885
-555.5337374228288,601.4644721697533,688.5091300604586
-526.1632888927011,583.2157546635505,1043.9390848008327
-501.9071576643071,598.1210399768634,1278.1689564446656
-525.5411411415516,582.696398565725,727.6962957455214
-512.2323444964923,486.0754672295793,499.81887475405097
-494.1911287688024,571.1240109664466,757.5145757293657
-491.5201205836347,617.3841507631912,860.3974811388787
-524.3992321193375,549.9098682068227,843.7008953579318
-508.9186313736227,486.38358371614447,950.1793547849834
-490.4282535081379,685.3760762459126,1223.6365448140182
-547.7973242719065,583.6217742215997,650.074372275407
-494.4411493914645,580.8615416013473,1227.8782
-537.9140011845324,574.3349905596565,763.6446933982713
-469.64391031412015,545.2912563129465,973.200011662789
-553.6313389732936,578.0360340914565,705.8810214163947
-498.9502309135082,621.4881992255673,1261.392594560803
-507.086485720381,533.247926134195,805.458697774033
-494.4396570927647,580.8714460540825,1046.675600000001
-495.6460058166913,547.2300296249366,942.5921467398825
-506.05284102469795,740.6959047857349,1941.635364688575
-565.7444155205872,678.6043411993369,1083.3491916879657
-548.0695455081614,673.6645931436192,841.9247861691221
-487.9235032502943,732.4118533297353,1234.1747220723541
-548.4237434417064,530.3480962532849,1328.1564248030545
-485.4054606536906,498.26617262157015,977.6916062256001
-494.4478826357547,580.8696783767282,866.6628000000007
-550.4891741779525,700.901070956512,1153.2147427438108
-556.2594383643268,577.899069841721,769.9840370104488
-568.9988874271241,598.3085961809561,544.3647883714223
-495.51432551729977,558.2062638802515,810.310754117239
-493.9885071499648,590.530587211406,1120.751936587793
-551.4460624343778,692.7034266387595,1173.9191348605111
-515.0202582476427,645.698901552057,864.3161699124893
-495.95486116131997,684.5387223752662,1062.6014547206726
-515.0021552566509,642.948726752406,710.8677801123397
-508.1656118972046,491.24978142000475,862.6767836374861
-546.1466254354068,727.1537449493967,923.1721816511465
-487.98097350273565,731.1471836321848,1217.6453580343637
-522.202922821725,479.6677017864963,1215.1102548703805
-533.2183439967623,588.4538508462588,421.9195823210484
-492.9431538887143,566.8274389024041,874.5557314972215
-541.6179675477695,742.770193595823,1627.4064401262501
-434.71523494006306,541.5000372972586,1086.837322899348
-494.4404647876736,580.8737509726955,798.592000000001
-494.43049553820674,580.8729359016365,1007.5840000000007
-494.41740070288506,580.8872780810534,582.3784
-544.4935970819615,683.9498734386257,1018.1656938962232
-514.5494099014409,610.4743875712542,953.3570026102223
-453.9447928925715,579.1647165468423,1222.6239725814264
-549.8678869787591,676.778590306496,895.6368498162294
-494.7061812852862,566.4794005023228,765.3883608446363
-493.66824199145026,549.1750877299096,974.3411165434103
-487.6079784595245,739.9716094915107,1333.3525423730778
-477.32775016991036,557.4735298639184,1089.7936927282244
-494.43003635856417,580.8866923716323,757.0304
904.8722546375338,591.9159130175653,-760.4798721899588
-496.32411610320196,912.7287310249174,1372.6472472377363
-424.3996472923659,510.2196115773957,1148.0174989684829
-493.67085737481784,611.8192897419265,989.6900420307212
-549.3648404121004,698.4670022555368,1114.6871904861728
-490.25682631206087,541.1028796866176,996.5136494056105
-494.11857166392247,588.4920540251856,850.2127177821317
-553.916301675577,685.5180598510096,1069.8242098600329
-494.4497933991074,580.8635953587727,856.139
-487.9520542184996,704.3166527042777,1170.7033894274455
-494.42712419361897,580.873781406734,739.8966
-523.8818268162217,635.2421910227536,652.7762541761563
-534.9883809744979,531.0365720188186,810.585802726356
-534.6733126494648,681.8604343705415,854.9171950095542
963.7623477852267,606.4964741242909,-788.2045662399778
-554.6946727053942,601.1872056786912,668.9264318172571
-482.19157546949873,568.1937478927231,627.9700278727308
-510.10492767347387,746.1280247026068,1324.922827225832
-484.63676355136886,588.6121476864362,997.7869214669313
-486.4413899832391,466.0700933112819,441.35538566889534
-561.5361013517727,585.2423944552826,1098.601352783575
-486.01400936879145,570.6329662853555,1123.5240731981573
-513.2987377239729,487.6608530782396,646.2402275278381
-543.3157733433202,581.4685060789573,876.9402874603236
-494.6529549914121,571.8918136850959,1011.1782909903792
-494.4356723509686,580.8666420560114,955.1216000000006
-529.6009905616752,582.9537266893611,921.4589194529105
-545.7938306613162,524.6091515202393,807.2889236084216
-496.2488220541777,605.7844603668567,949.716772122697
-548.7309645905584,687.3852798421942,1082.4559495202054
-525.9414248018231,562.1840218410446,603.70514801744
-472.01478558419376,484.59905517020485,984.4611750033168
-494.43412440998554,580.8716586265718,927.0576000000008
-494.4209426263769,580.8649863132237,1002.5068000000001
-532.6928921584317,614.0524386585862,836.4856244305006
-487.5675150920101,580.464641044882,668.4867181635826
-509.7412819892347,639.6344212381105,1212.3489475627612
-523.9640946288264,621.1375855839058,795.6440788569093
-494.8986544599986,588.9560528460961,955.6929440243472
-509.28590956041216,580.8480217927065,1139.7182989385801
-490.3829696370012,683.9213170355481,729.2329627195835
-494.4335992116862,580.8784424802186,819.4058
-475.6338471198742,589.4098199161185,1063.3172274274593
-495.5667904433958,541.4045698487686,943.0344629819889
-501.2066145780418,583.6183265123027,626.6696480116445
-471.39214806826294,501.8941339896901,1489.8736859993894
-548.2316585697422,696.0435416031158,1076.1592436924634
-517.8445164522504,582.2558609264396,812.060586604775
-509.32111728856535,644.8601374700427,1285.9179777607324
-554.680208940505,602.61916974582,698.8504576834514
-494.4596199133998,580.8567930204846,899.1578
-492.79786379323014,614.6263896899411,995.4839060478419
-494.66059549978036,557.261305228553,800.277326747951
-474.8532839065988,669.391170175406,1444.291331945065
-494.43941408649334,580.8702808865594,1033.5610000000001
-473.0016471191602,677.7980688341878,1652.9615349328355
-492.1532866242169,678.1041595134286,1097.1165022507878
-506.79420434745725,534.3529664621365,769.8937861778622
-524.0982925838255,472.74047950100476,1349.8494986093187
-478.9022032346119,534.9599440958223,614.1320254813204
-494.4340520941787,589.4269403174036,979.808197591078
-506.9723521427745,592.3604771867756,973.6461170670899
-568.3663555740629,698.9590351361601,474.78267523538534
-447.8660740197445,558.9688620336551,816.7216284355925
-486.159478186285,505.1311501435348,833.9409922606153
-494.43342158303267,580.8547071173575,972.9088
-501.86499474579205,579.9751662897336,1242.486938049264
-547.5131651666577,615.7281983880675,671.5920038601905
-545.2890135983562,583.3083251516562,614.0236226066318
-503.15847671116444,612.3318305166506,815.1277084455126
-490.3102228065061,569.0778378557334,879.0136824852002
-494.1816888154749,496.43071947905605,685.1676509444304
-501.2373275906002,580.0478674705198,1073.35932761903
-538.2103761362071,687.6348677368235,1415.8086649817485
-495.113854479519,678.1584127423057,1359.2153193080417
-495.98803211445784,521.7391495244915,1116.38729869582
-539.2775965084295,690.2632744062196,1469.0654716777888
-508.3321503078878,634.2615100921107,1032.6909500235415
-537.1183980592548,639.0635270432745,1102.193082385963
-494.80985793204104,555.5673884649793,652.6976454719286
-494.4402174648708,580.8597380492702,735.3972
-546.5023945536982,620.9094354731565,858.1113170356284
-497.79518097892014,452.2871274659497,761.1905881047458
-540.0012908325859,691.9985963477595,1504.5705344704243
-501.06495316080463,716.5874904879395,1049.0991292048213
-518.196105808122,588.7581060646501,965.7360439605031
-514.1375884904669,609.838316201225,916.8701826094845
-505.7265817610555,591.2018002440916,801.730151111601
-491.3888034319243,508.45157009165524,759.3980195594537
-552.1154139460591,654.0393705215452,748.0390932298442
-507.6031673416337,637.5325004516371,1052.5574411426605
-529.8304714786709,574.5445103184535,681.7258074985224
-459.516449244717,563.9120481738164,842.0880512249634
-508.062905411939,567.9170746598578,889.36891460928
-526.9001356923302,578.9571479574233,534.3897167404932
-504.41447268740467,607.6159829594974,990.6007959671813
-603.538046766739,581.726886441028,834.8158529148205
-580.9410268971076,601.1221486860402,752.1662234214351
-476.02720242086525,511.408611725833,1282.8532989510481
-495.54445764181764,542.4150961791657,899.7493294270487
-494.1122193501801,588.196766058976,788.0797115878338
-598.2523595511777,581.6830511314092,757.9115449462261
-546.1262666508314,597.6020589203074,494.50778453658245
-451.1116347122879,483.12277603006646,996.2218279257146
-541.2572596789516,534.6759818720992,560.4707129557333
-512.7130775728858,490.5603832824347,602.9163841671754
-464.2946237619258,577.3754297694309,936.9421889296893
-494.4356272741709,580.8788801819153,969.2006
-494.4477598819826,580.8648607583625,761.4015999999999
-449.62018196684585,479.80262144466803,1055.7235621604993
-494.4440877475638,580.874587637531,886.774
-494.4207823699662,580.8584826938188,951.4988000000001
-564.9731977378706,631.4303927935225,699.8544186054093
-491.20181935744085,615.2938579322463,1150.944593755973
-535.8162559387295,637.2937595113622,1045.7869048308733
-422.1877193575842,507.9672901668137,1208.565493379219
-529.6460426369026,611.3903237275902,709.2396450321328
-493.510153678767,617.99546608224,892.1007553078261
-494.64719395923976,557.6498599439608,776.3504695149072
-493.5370676950902,639.435949528636,1057.856832163613
-489.9813998762511,527.8129865785271,1053.600266775835
-493.89618838469005,584.0762876355079,907.6567296734586
-500.59356329718366,463.9588818431416,726.7530351556989
-517.1876501571483,579.0017954518848,851.952229141626
-494.0014965852083,590.0284064501301,1024.0464505939804
-551.9933688868946,693.7591353245066,1192.2120087879775
-503.53108063348964,407.7619530353197,863.6193770128817
-552.3920441742594,584.6535017136508,846.9974328125136
-567.1898302231498,680.6035038943653,1120.7501524746538
-507.86557583508284,632.4608863003605,972.805230154817
-491.9423834828108,687.5930729199788,1277.562972326472
-494.81356853257535,556.3044281962098,611.215010215657
-482.687035223523,516.4468620602397,1051.860771939928
-498.38588702619063,687.3501505981712,1206.0121601991623
-513.8694516592752,627.2123115990053,892.446699614717
-495.6815275671588,545.4706706249376,1053.1516369967799
-506.20817777741036,524.1387826311015,169.16143834918063
-494.5156313318471,578.610149584433,967.5767181213789
-494.4343283551402,580.8715106941293,1203.697
-549.4478240082672,665.3261073576077,1159.42659283876
-477.11884738123535,580.499376701169,981.0540602893068
-547.781228449292,648.5581043439265,635.5169461728644
-486.0424594338101,596.0063986715073,872.0974282195143
1244.81483671376,620.786183296688,-805.0689309715144
-521.699672638204,578.6304971627319,1169.7181531860658
-494.43657494633226,580.8661924817693,667.4681999999999
-566.873903868373,632.8153499120644,739.1398793751152
-535.1184660923468,607.4170873097195,1321.202192588188
-500.92751647226896,457.18561808712093,812.5305584055955
-494.5353959186291,586.1489355561641,737.953350993827
-548.1964707657171,686.3215942101779,1064.163108452629
-494.4283103008406,580.8790290017828,970.988
-500.9242442316381,512.8805437896813,989.7035032118563
-501.1810699269531,510.2508767845379,1057.1027451562995
-474.36229345891707,580.4363180377029,1256.8932725784234
-494.4339732935332,580.8636180723493,854.8355800000008
-510.50211391518314,845.7285394942389,1719.9998357843754
-482.12692438985096,484.4863494030551,393.8547810261464
-547.3725455271388,730.5917364424631,962.4978670884377
-494.4268897173058,580.8795067349979,821.9300000000001
-494.42010756747186,580.868729158228,853.5369999999999
-558.3612842753778,584.1560494228593,927.7702678205628
-491.39934863323697,613.1441904030215,1031.5346107638095
-534.2415824247896,615.3710889632387,900.1082704408524
-521.4866967209293,583.5891519469474,384.71628152463074
-481.4930815581997,552.6410011410535,1222.8783287333586
-492.7542649896118,617.6635028950066,1250.9810376798155
-526.6361468785299,640.3659559375601,784.8866058915769
-508.23999338647536,640.1928755453087,1137.415894263544
-513.6326011072533,626.6669024108819,872.938933333171
-517.7953822555683,578.9416741171706,894.3209197061219
-493.90268152925614,630.4932380966151,939.9170390373173
-565.7218406595091,517.5202691349682,880.0539660222465
-494.751566131662,565.959749956487,916.7713642915955
-492.89498053117086,464.28277689008615,538.4048544576808
-553.2664264153959,684.3660842224722,1049.8939514287429
-534.4796161172264,581.3664645539848,582.921093272231
-494.4524484649437,580.8641791808291,976.7902
-466.5796101708511,624.4841515622485,1162.5616034478796
-494.43068320768293,580.8606978297078,975.2714000000005
-501.1064034303283,578.8198777337316,823.4338839522615
-491.6203928093537,655.1372072559863,1347.9791220516424
-494.4264968803609,580.8782490850402,1071.42904
-492.9930312831284,560.7295787751605,1161.2108924483243
-493.976992138043,626.6692621377583,1025.0954242622802
-509.58189020942837,614.2364729162127,1324.8901620487081
-503.0208634550968,581.4092319776685,854.756292474631
-495.5945152616873,540.9033133264414,964.6771245366999
-482.7246424872169,635.8615900852054,1045.5286416031065
-533.6348829374328,562.7236004107067,1099.0941998948745
-492.10499413156913,680.2229736848774,1137.215232414608
-552.1934445767542,704.5393624483239,1211.006360219587
-529.4679329741105,578.1960582528841,960.1733342692781
-494.44698173735287,580.8711020454314,916.5662
-487.7900599849154,622.2489307825251,991.4250963720524
-486.8587905252907,571.7022438405497,931.1562839523949
-472.37322953977673,588.1233196356651,1014.4329711861129
-481.9188358668307,639.6417566025337,1169.0085471239768
-499.76000986446434,643.7416175231324,920.3911627634407
-506.8731094026282,495.63262980331683,622.6690184403493
-494.4419952163755,580.8588857142477,1073.66952
-506.51219265382815,498.11507231187693,582.5591232700093
-492.8905534642813,559.3966978337257,1288.9954434523695
-252.20518449453857,504.1898827392238,1243.5283802786537
-516.9614481448252,679.5561277648234,877.4888997820284
-506.14433785782853,500.6034056760361,542.4496357446692
-547.0735714602611,629.5148768034703,909.6076929568922
-551.9124749456096,578.1121980987045,663.144309465178
-561.3834514337523,585.25247352304,1061.764501211143
-493.0242943808578,567.6018448165573,785.5773982970558
-495.9559045999017,546.8931539578311,925.6333712721562
-501.5551265821373,606.8021512653265,979.3448621492918
-557.5738076966927,582.3220483854102,562.8155705741907
-529.6317834618717,627.173408407461,581.8620372524153
-541.9453639049091,533.9927567859853,580.0683139713608
-492.8806445231662,520.1591476025156,853.6595610604732
-493.68922651906314,550.7495398077549,888.61472707216
-474.1599999276177,581.0146183882957,1063.5965490874114
-545.5304586156417,725.4436625988267,903.5086746639963
-491.8182117397264,692.8677457265358,1377.810858111582
-507.0902371868706,397.90203932102327,1138.995327236224
-494.437762562457,580.8645656525437,903.332000000001
-491.27159979550925,695.8280471772605,1169.6484680899339
-530.2537940122304,581.0599126884134,949.3701224470128
-494.4583004711567,580.8522370169404,858.7374
-514.076831115902,571.6637616022531,781.8446336140971
-505.84302567810755,570.0386428757841,619.4834201167434
-480.83681650295557,474.2440644804228,515.5010038863721
-493.8893861218221,632.6466298041668,1013.4383518495454
-470.47817001237445,563.6461280042498,975.5609819763253
-487.68042168012926,738.6991632309989,1316.8236449495914
-472.94723396174277,581.0314854879589,1170.9407478311862
-431.2757316386196,685.0530676041456,1252.4287395841293
-527.5908086055051,609.6128051312216,624.4096291248485
-494.38206503007314,582.048204018549,977.9014675756985
-535.2386792754982,574.7355064604471,670.4271150170489
-499.01194898790027,622.1227870893374,1292.3574249780688
-534.9558065604988,705.4963805633176,1321.699408602898
-496.11213603221995,604.0212775444157,829.3123857513629
-547.5382573874213,597.021484029195,940.6144209086056
-474.61407169505856,581.4985809925623,1075.0252151768339
-494.4496364148588,580.8780139222185,1237.357
-491.0856094338992,501.72447311787556,899.8629978037565
-568.7737198192149,634.1913068447484,778.4256628850746
-548.5570034239154,583.6453668823151,669.9096108226076
-544.5975613513424,583.2564915070582,595.2138191347526
-507.3725913345388,532.1711350630019,841.0243905497949
-502.3850510836073,599.2556218848849,1412.0266444769984
662.8714192724692,601.2963828633106,-775.4390718210961
-492.67128315261243,446.59059735415184,734.3192431031
-544.5192630365252,613.7328633676862,590.8679403622854
-494.444187543716,580.8645376619954,1015.431000000001
-508.65237448906873,635.4550152507561,1072.614909811956
-477.3585861539359,580.4963188533154,959.8359345550015
-493.98102223828073,590.6241889448669,1140.0930657531921
-561.4304061862772,587.6584534839913,743.6754540895794
-569.5762179413293,700.892217242693,494.9269273593427
-494.4549341309289,580.8773649657531,948.9424
-614.142115125484,836.0164019307031,624.5054558329456
-494.4667712447258,580.8784018483615,969.2626
-494.4333021179723,580.8655078877516,1100.275
-543.1254497720129,531.828918439174,710.6154930580675
-670.749775267373,676.2173504371403,734.9694859077874
-505.11655230438373,426.35620673812423,845.0130401596934
-473.9210480456318,673.5911259091139,1548.6265382469212
-552.966777297037,655.1362108579467,770.5440899837466
-543.5126942057932,534.9458644668935,1139.5676911168516
-528.9442844624659,581.431938032142,851.1335908765991
-525.6909523180404,573.1891671884339,861.9299367594042
-484.00777156492813,580.0601381329977,1128.1766399142593
-502.50261586934676,586.421418767648,929.9517342601755
-544.2941237244665,579.6806853069347,1367.3845962006872
-485.1325906870702,486.49894046560473,711.3079072419342
-494.4360090997525,580.8569639198192,873.6641999999999
-524.5276416699896,579.1007122458047,440.3512931018469
-505.0071579457249,590.5852206519553,706.2213151199351
-495.7163766757192,627.7865303819046,936.8188274989081
-562.0900745122301,636.4458851651727,748.580227490993
-505.2579420026136,609.9152350552554,1139.9471601477826
-467.0856233171761,467.0722767705611,950.643765810911
-474.6356384709061,601.062426411303,985.2739431818986
-491.27871211779006,546.3652827352389,812.1301067573564
-490.3073337975702,531.8353922848484,916.5793109155056
-494.42496091406633,580.8962517341402,865.1964
-491.0932000044493,548.6312752418257,1018.615860454632
-519.0754180953586,582.3181885944858,893.0923336978706
683.9819603578053,601.665585088997,-775.8751203067841
-551.7257738826656,584.5998486080053,827.6420299409655
-495.75078781498587,628.9809006284893,979.7299576083786
-494.69369109012223,517.1150966504081,928.1969093635713
-562.0570335498528,585.292953345245,1079.7965083996603
-493.96634203402687,605.7547495132401,1144.4294297435997
-504.45174546668386,435.84503990302255,747.0192895199416
-501.8788505053976,733.1031258416315,1268.3869724762194
-529.2435841558322,672.8576280040015,946.6515800083434
-531.6490241799947,583.0719788523708,1018.339899624008
-494.42257742828906,580.8738096748409,997.45184
-492.0987682832965,624.3725026798614,906.1216407106708
-463.6311060178,577.3028949491938,973.7817793585536
-509.41724750573326,606.7753137418458,1394.4949920317856
-494.4565129705188,589.3062906299582,959.8997674399959
-458.6992047579031,598.0062988177788,976.6693244427087
-543.9009455426603,583.2323584912399,576.4041419811454
-507.95822180152584,576.424401500095,1219.8109008415365
-539.0146129599038,693.7011097070521,1019.5224483841056
-593.4555403366212,593.2447938121404,609.5023121804059
805.6514911975537,612.4226454320735,-859.9470002351554
-568.5524900082294,641.7441973901985,891.8114718602752
-581.6092666823483,690.6141128027409,969.3522510135417
-495.969914239334,686.7203122680871,1100.5647862026472
-540.7665358493718,629.009321500579,954.4016005997565
-556.8538130127865,610.8310847283533,950.2151314122841
-494.43516714797715,580.864358999727,847.807
-494.2670691579374,540.456151547557,869.3700483716198
-474.6067757223468,589.8794744512024,1160.6364039472683
-512.4518975740725,604.1517145266889,814.517495773604
-498.8048864578168,481.2291074559706,1194.9561433790907
-494.4497683980121,580.8696275459072,884.3696
-493.2928510331683,563.3637570569285,546.9368088893851
-494.4247243763757,580.8805283255483,1286.2386
-492.9089928083106,520.9154043954801,833.7611876657363
-567.9227566120921,681.5992824927678,1139.4504846318398
-521.1207187790085,483.6295918760097,1138.1165438327907
-497.7463873559143,453.8452276373468,742.8938756391503
-507.0492023246279,494.3885844174765,642.7238405602593
-535.9172936028017,685.8938986299821,897.0054007067371
-488.53802088584916,559.4127286064056,606.2028341841672
-558.5375211670239,582.3490446427334,582.8100106148609
-502.55063817011114,426.6730500893822,687.1384291552758
-493.9788460063055,590.7247324094752,1159.4341625268132
-494.26496008693107,540.9363226174182,850.1933873101898
-487.69731746754314,622.8124683026533,1014.7977461864708
-495.14316047668854,501.52481458086277,646.9379549104649
-539.6358518326758,691.1310523241982,1486.8180563310548
-494.4140735103915,580.8785818492845,912.7201600000008
-668.4257182620472,674.9637753144921,715.3971248840267
-528.6501173943827,581.0541085977287,872.9707489766912
-512.0680978520811,578.2840885343949,1030.9306195699646
-501.3034895642627,583.6471344560264,644.4948555340143
-492.03028311441494,683.3794455823108,1197.364360152435
-517.5417351492401,582.2426549196283,791.8025736815501
-505.9316170596039,739.1841113278197,1916.2870837884889
-548.6420599224161,649.6429970902841,658.0221454166639
-494.95035514411575,568.5093889415353,453.20610022874234
-527.7024480637804,572.6910940381872,965.3757465279886
-532.8480073762175,605.9321575225578,1205.1908510052629
-619.5771184779619,847.5976081475487,686.9359126325464
-491.1829468780852,549.4734566433763,972.3110374012228
-616.0225187700416,593.9686440116927,235.89935367665387
-507.6067181644851,576.5336269232926,1169.0717332392915
-555.2129451329074,700.1462774371557,1301.9685335517077
-527.1042423976676,547.1185506468398,988.0692147764017
-532.4802651213763,605.6879483568094,1185.8553837721543
-452.4194970056478,483.3839646079425,940.2678995675246
-546.685474355681,583.3761973954145,651.6428401688465
-494.43747591220426,580.8701151649889,925.9110000000001
-473.1534165191906,581.0320199687069,1153.0500841267433
-453.5150460984464,503.56600330979006,1166.6016396466573
-494.4315991319804,580.8619157017145,934.9718000000006
-490.71981095147385,762.567828202549,1244.9837086451666
-490.7699977973225,529.2605370369174,1054.9717063156672
-511.2637414551334,578.3793271086843,948.5384765451797
-494.22851954801877,573.9096301288553,666.6780399050406
-471.29413633462934,484.54565631271544,688.9775610093102
-490.6251176410858,680.5769781064951,1133.102810044282
-521.7344772109227,587.524305124402,715.49157372743
-491.2208258868154,698.5393808803015,1215.0987571083674
-507.69054582206013,538.3231425050121,973.8843982583412
-496.14050136918513,604.3143147358552,849.3797895499656
-494.4377684003382,580.5652816351312,762.4044516034317
-641.9542436640581,582.6539621614747,674.7957708539401
-492.81156868750054,517.1426755443425,933.2534606572634
-502.108511721005,435.07948728217787,608.7026604093799
-548.6695750651702,674.6905416020718,859.8292745060073
-454.60051648560284,525.0355748437003,936.4474242353306
-541.4571576475719,595.1656113914429,746.7962797759972
-494.4361931984006,580.8718434515047,1054.6151
-486.22984830614905,618.5360043802802,998.0225941618319
-491.23762688368106,697.1839182784411,1192.3735774316838
-563.1581344647198,587.8313645128687,782.0312001832092
-521.5441827128448,710.1029297702419,1108.7290050974573
-514.688512071471,641.9849879775131,688.2448965949993
-494.4165307708845,580.8699990946184,850.5354000000001
-477.38460906164846,635.070830426723,1566.3889176041075
-466.2616743699823,624.9732655057666,1183.767495503472
-494.5169742756725,573.8021178848778,658.8063801584153
-510.6322571517635,847.665436408314,1738.1167041712824
-496.71206861098017,619.6940006798554,1066.2162853259406
-583.7534825860143,693.3382126709182,1011.8694053896891
-478.2243460531729,453.79827897598943,758.7969750678087
-477.52547937973486,557.7355714937917,1068.9404828323256
-495.43849737822484,553.0953359204113,646.8393190477353
-532.3023288493998,683.8733926227862,1091.4790020208914
-508.83563062461553,580.8468772002914,1082.2200498240452
-302.18710136096115,667.7692733630108,1940.4420425692927
-507.6678183853978,531.0910041450372,876.5899333342214
-494.435423712348,589.2250013948641,939.991143665285
-511.31272629583964,662.760630393967,810.6087947420322
-449.38127820020645,578.9663341234934,1445.544695594037
-546.6119682592257,528.3309894015135,814.8429214009134
-500.6325824488347,578.9527571096396,710.1078212308616
-495.28943200116237,622.2614275164526,942.0951724830185
-531.8089871844056,674.6448234914005,740.0505792272337
-494.4411951148959,580.8635745897159,914.4646
-518.4790371529793,528.7194624416079,968.8349317054912
-507.30854006446316,554.9586746843052,802.2686256604807
-494.7177166011418,512.6395257777381,1046.136911994651
-498.9803097491913,621.81029953611,1276.8749378710415
-433.7857932398929,680.9149863089931,1173.1986347465722
-526.1747665581088,639.5045419456287,762.8685700841149
-519.6651939176218,701.1093538167627,979.3127517659192
-492.39067675703336,681.7048848135983,997.793181375008
-494.20421454675807,561.3489172915246,680.4498010075486
-565.6019613581861,594.2909363661483,354.14259383769075
-494.42518658211316,580.5516606810011,852.9076524510426
-562.8263684501512,674.6260479121624,1008.5471097845611
-491.1253400860437,641.7438097092457,1137.6360981634484
-445.458836191925,557.8156627505568,898.1849309330905
744.8304193826552,610.9589492318862,-854.8959345429394
-503.1239703820265,581.4150617875832,873.8200269419967
-506.75490018233427,494.8266363357728,651.4157722789714
-508.8633391295116,612.6965395292275,1228.775034129257
-487.71871084082477,737.4484852045189,1300.293459820879
-476.5443818917713,556.4138633095727,1173.206404519288
-535.6894454106814,586.285990951295,494.68186740633695
-494.4389339389477,580.8486577516319,851.5132
-494.59289631220054,542.5246175723405,679.0663595389358
-494.4199253910024,580.8881449527919,578.0574
-487.06457936208244,580.4383805110608,775.3017894754391
-533.4363300320636,532.9478392653878,750.8548833365294
-520.9832419010127,583.5462053316415,363.68153149336075
-495.2571539298224,621.278097650724,901.4589194060698
-494.43975638642587,580.8661759107507,838.5272
-492.63656323287705,662.1844908879893,1092.159240724744
-494.4214640133264,580.8724557139032,975.7471400000009
-552.5082682946186,608.7498339494323,831.7700815101181
-495.4220537333431,473.1029617635018,1107.6762653200376
-531.60198440042,578.0389443764025,1064.9555362182327
-511.96716370894455,603.5227062095703,772.4107503125507
-613.9384128728409,593.7396863548113,219.05793488288495
-518.5650188969357,563.1176976733603,541.5453569246001
-659.1446220865269,669.9349803103405,637.1069694141365
-492.8124454748595,558.2612313235786,1395.4822539997153
-496.0620442757886,519.1271455281051,1198.7095173433718
-482.67003037841573,555.1906070227365,1044.1046157821415
-494.4405919764645,580.8649103788572,807.957
-549.7744135217979,617.2101888231336,732.134884763438
-569.7628316362907,589.5903808896494,443.74898065409707
-502.00608526075393,608.3571280288538,1083.3148155943557
-472.36685302621254,581.0297915689466,1224.613080576906
-429.3274161071215,494.9378370135528,1010.2958690736826
-494.74477350476536,563.9997752627352,1027.2356088490858
-492.7230879962267,564.9118952916197,1097.0017821663112
-494.43437859685537,580.8607767632199,1107.721
-493.6622172895359,612.1921904875048,1010.940338896454
-494.4220851217383,580.8818598486828,1265.6032
-494.4428043805542,580.864872785477,819.540000000001
-555.1206491851785,526.9425573996473,637.4384431209673
-509.28214466292457,606.5266315567678,1374.4026149251424
-551.6238147847412,703.3359590430604,1191.741973779458
-556.6250627384743,584.9198013300803,963.1218959520528
-494.43868363788215,580.8745801536388,1184.8135
-506.4912073894516,542.2145165843408,816.0721011249343
-522.4781286596658,582.948607485309,836.2373645565709
-494.7306718778261,565.4425120062432,874.4913233667043
-492.81443307344716,635.9321704941437,1055.3998690972862
-506.43323144214605,582.0490911763732,1502.263100845676
-494.4374180184341,580.8763758977972,947.0716
-507.67319075331943,488.43540310975646,755.5895311734735
-509.35222127575526,738.2020917870557,1225.3598515615595
-450.3226973555916,478.5466831871465,1024.1415649156024
-494.45345093753576,580.8494180144319,993.1414
-487.8938434610259,705.5583019879869,1190.076601735979
-483.35176931753506,520.0853175883958,949.8175153786677
-552.4009336645647,599.6277623812925,645.7960407856297
-469.07563829471565,544.4787144902085,1012.7895835119517
-582.6733657072768,691.9791932449473,990.6110212285755
-256.52365845153054,505.55630383452126,1208.0067322939865
-527.3681999725773,624.1834035379404,495.7649947817106
-501.1729896548468,651.4691254649197,969.8143887265226
-501.0206662167518,578.8512347510095,800.7686299420743
-494.4522775027426,580.8635009583613,893.6894
-523.3307758340143,579.1684804957147,393.3324504552635
-495.2327482621595,544.2561224400652,853.8629549558588
-548.2827326341389,616.2008697214453,691.7729990103471
-494.5451627694631,586.4416138851434,822.5165835153355
-498.3517418881204,430.5177806705224,1017.3481424047669
-494.44631928339413,580.866412365468,815.8542
-541.2308533664591,629.5182835170057,972.1407648367957
-494.4353171759212,580.8620012119422,794.6514
-492.92089971860014,614.360878591752,1071.7188958910845
-494.53593878585934,586.507778047998,843.6574248686827
-524.3259328106824,583.0763449634547,940.0881397145793
-538.4085593470934,594.2527834712408,649.8873118155111
-490.2515815117931,531.1678613119619,939.4162226229473
-494.4362726368638,580.8713498906723,841.282
-494.43590366769035,580.8634372358092,740.2964
-539.7266426625265,635.2000069992723,867.3346632959936
-535.9153816397729,574.6047915504623,693.7310801926485
-492.1793149709765,623.031650101976,855.2015613087599
-535.7494428555285,581.374951129806,624.9236119508608
-544.3373455603614,597.0116970434583,451.2825724419105
-495.5534173964061,557.0803131074238,888.0709551854875
-494.22937332751667,574.4388209664121,564.5551865040911
-517.7421916251535,628.4529543825738,1421.4739855727662
-654.5118919832848,667.4139581026086,597.9614744048625
-494.4347130826063,580.8667102510555,882.3503999999999
-496.66266965437467,618.6860428418149,1019.5221993109426
-494.4414761068854,580.8762815337745,669.1302000000001
-449.80425652641725,477.3477862204336,1045.1109218778597
-494.51329035016215,574.4144278217339,535.4103464346651
-561.2075844184023,612.9038479702117,1068.6600014050227
-509.27973732468354,483.95803025456564,993.9312716384914
-570.7903213718303,702.8440815449833,515.0691321780326
-494.42915345858546,580.8699084781464,668.482
-495.60157478989095,540.4060971772161,986.3199103836307
-518.1408410954596,582.272070993277,832.3186935428898
-519.97418826582,702.6133901815958,1000.881877620443
-494.18226255957825,589.5276058681629,1067.464649340943
-494.43228212270606,580.8729440516212,1006.73236
-501.63709782286605,656.4862870592578,1091.697494521293
-493.8747015843426,633.1944209646737,1031.818386017157
-542.0572375122172,595.3527628928922,766.1783075329843
-474.6733394937073,670.2235268167209,1465.1586882380025
-510.67865912052685,668.0376015928223,1063.0300385084302
-494.43381362090236,580.555756146452,785.0302501935648
-494.6071510444931,540.7804659832855,743.8042677926696
-539.9066940009343,541.5091604193069,776.6011835556593
-435.39930022349836,541.9462515650696,1065.8811838132647
-507.25735669633843,576.6571458253175,1118.332583155313
-492.92787455115126,559.8307776699535,1246.4004630531122
-538.0699608225154,633.2172191395216,808.2163533498447
-538.9168253391979,689.3757695216382,1451.3137693855485
-489.9927719446873,556.1072396438531,762.961294162146
-451.58635373061543,429.6035489180806,992.670673512956
-495.72077339241355,589.8816101257271,1167.04006072552
-492.13553288612866,623.4912826622452,872.1746011830814
-494.4296038685536,580.8704833077411,1069.163
-496.5103094745523,940.9586965110586,1553.4208092747654
-446.6118221944257,411.99241100721906,1195.705169026587
-496.02424835849683,581.7135839867155,953.7826653746566
-546.8520809117256,671.5809805751278,806.1175427602578
-494.4449615073959,580.8585911445857,1260.5546
-457.14059546032377,562.7321990291582,951.092124086833
-459.0480150395929,563.6630526674687,863.8888633029262
-471.6669875639168,588.3558861953085,1070.8915763598156
-517.2469652146783,652.7620656869159,1040.1761572472637
-507.7207554595757,576.5140286225255,1185.984848461751
-491.6607604053147,584.0173068647484,1449.0004538487083
-523.2617541386205,620.1519741337547,757.724089769724
-490.4851956378993,569.6058135715921,808.0584202409826
-490.13617614218947,690.4164999980214,822.5488404235343
-522.889207047883,619.6603111738086,738.7644504674208
-493.0199439154874,567.3776315902833,807.8216437942119
-494.43488368539033,580.874403128377,947.1892000000007
-481.992734237725,567.9856973887912,650.3039867534269
-495.3047738352079,541.1567104122798,989.7953649060144
-494.4184813670322,580.8608193656751,864.0436000000001
-494.23627312455915,574.5311603959974,544.1305479858478
-429.42629776740523,598.9097332435144,1107.2646331630385
-508.95867373124975,479.47989983401425,901.4321680165422
-495.1565601777211,499.2443788431044,686.9626235021082
-487.7810038909515,736.1731634013415,1283.764697640031
-534.195998723307,680.6552404417318,835.7729087732691
-524.2356398949032,582.6308710345592,1237.4782811941138
-492.51069826651155,675.9116736511571,897.2731383527563
-565.3857171924874,585.5156199604098,1169.9576949531975
-492.6930664619126,660.4624371027253,1053.2443933517125
-537.2197697523764,543.8287938254655,686.2080423097549
-511.6811837169362,865.1478492764952,1901.1653502899285
-494.50929051410867,578.2171086202852,1269.7051262873094
-516.5065177999777,471.78559355767493,884.5277030548999
-494.51031849639094,578.3326617864079,1183.382729373835
-476.29426583198983,638.5448649257803,1714.978969382841
-481.8537579143717,580.2414674364751,932.3771915122528
-517.9427293500344,729.1310980532317,881.281956938694
-494.45122428542436,580.8658961448506,972.54044
-498.68104741711386,694.9137464709092,1345.065148026193
-494.5918008609101,543.0952449601916,657.4866950966068
-494.7229496646223,566.7368973248911,830.4754375383612
-557.9781592679446,577.8255249348401,812.7207621611035
-495.1603709828296,587.3726099204762,723.1457126231803
-530.3248376974941,578.1277345990934,1002.0861393272261
-523.9305849382702,579.1358098134576,416.84182538705545
-495.3073332912395,623.2562879049922,982.7311270431746
-509.9042745005572,498.45436374692486,336.37872371352586
-656.8303886838062,668.6814835953412,617.5336003620536
-491.4172561353548,548.9771962327609,1133.2723258182277
-490.5855415058427,768.7602186517163,1313.0648543073314
-519.9186582810466,525.5880750112042,1071.6214476766813
-546.0446280271367,634.5208386974201,1149.53067652784
-511.23743485438627,491.3841666626713,429.7734281326115
-494.50130115627053,574.039064912013,818.5093633436154
-577.3554344503077,640.3424058430132,955.2114919229997
-547.0446496529494,583.5806905529548,630.2388780810671
-485.7877632785958,493.1195323716569,608.7522659433481
-663.7916358629454,672.4505101312013,676.2513214734488
-492.01335803223674,583.6139203771954,1177.9816937699645
-490.58571700530115,681.7833920439548,1155.7358113037449
-475.83951282514454,589.3296530956718,1043.8533335056661
-494.43762165296016,580.8752406983492,904.8998
1303.9922651177712,622.1508009021952,-806.9366024751907
-494.88460964777596,588.8552807849369,934.6241529495769
-564.0152695235261,630.7576009107256,680.2114136066776
-494.44058891928853,580.8707594034304,806.7782000000001
-573.7111686782587,590.0533330500816,506.5242999698823
-513.6788881269117,609.2043948894783,880.3838880279924
-510.2399676630812,700.0990304655038,1171.0737604122362
-543.1183053254647,579.7080444343742,1317.0231431437423
-494.42529784050134,580.8801219628886,718.2368
-560.1103256876338,593.2659454502505,268.8433978338344
-494.16243473615623,491.0093393339689,777.49024046462
-493.8943152509314,631.5693950610358,976.6777113463667
-470.99931943977526,500.452122135257,1530.6698701437265
-495.95618226778197,523.0375402825032,1075.225969158926
-530.6578506033397,612.2746579897569,751.6551279660064
-502.2925896524648,586.2792232295558,888.2550048140771
-494.4430705163895,580.873257614856,828.9736800000001
-545.8952067911832,529.0475135457177,793.9984882110047
-555.3702828905589,577.9506808465446,748.616905816188
-476.8407937744887,636.814451157084,1640.6837260769744
-494.5358017592898,586.28621751429,780.2350093183551
-495.73980780964143,589.9857618429437,1186.3462260375113
-501.0934310923167,511.1404619021282,1034.6368769816486
-492.835991340296,634.6959742892002,1014.7001396398305
-504.87440789764423,590.4549892451412,687.1195088866996
-527.8624013636966,561.0516455440218,686.9376987218022
-518.7605289304202,582.3020451668814,872.834504699386
-501.42240732770597,724.0944210199884,1148.7754867031945
-506.5976130753568,496.09170139467363,630.5797338000798
-493.72066283203276,609.9247782075736,883.4392066937818
-549.2783689124603,675.7475349822162,877.7322863425529
-525.2652980343009,637.7928172874813,718.8317601715054
-496.5739922569485,617.1925555761336,949.4805289416935
-468.50348370667234,543.6526914341292,1052.3788173608314
-476.35109155996815,556.1525601859121,1194.059673442071
-483.91048317250716,601.8077913833074,1270.6586652127448
-514.3509872856039,610.1462749502488,935.113660355701
-492.7639854928577,515.6428513540326,973.0507535802737
-520.5744943512773,485.61124891963755,1099.6197763742314
-543.5070999903628,579.6986809171124,1333.8103475242294
-490.12194128698843,568.5840803517071,949.9692375395133
-478.474589296879,455.8500283987132,734.4679640786964
-490.06235450842587,692.0535514521805,845.8768934877519
-548.7051540459088,600.4478278763916,554.7539065816366
-495.0355455380352,590.3681095179359,1157.8630861781135
-495.96540929957587,685.6359376988571,1081.5827776628823
-491.7706766471192,614.062148011224,713.8707340647754
-494.2827532363565,541.4117960814829,831.0165951593757
-494.4476144573109,580.8644645807177,709.15092
-545.7131349006768,532.8924864930138,1223.3842095287916
-491.6723581932283,554.1002846665601,717.6344021860161
-492.76061201868833,615.455370483342,1038.2166429629563
-527.1740748396269,582.8092391088263,805.2011633762587
-501.61223233888495,585.7884340606004,742.3161401254431
-539.4492629986914,735.3093252723133,1517.782446351065
-493.6818267014344,549.964180205483,931.4779604991387
-494.87057126108834,588.457734274494,850.3489379643672
-487.8938157238922,733.6534374745947,1250.7054316788035
-494.43730041351137,580.865775756967,613.6651999999999
-494.4425915863335,588.9269061491144,880.2655389652796
-552.0744438003514,492.56048597164977,880.5679328230225
-485.0099853514489,725.3235858589863,1143.7085625193386
-494.3979320296371,571.8526463560087,1027.2605230428749
-495.3071782741788,599.624505853568,1395.9488109325312
-575.6503032800097,710.5922664786835,595.6435250800217
-568.3586750052218,594.8163950807138,396.7912974154692
-536.0176300585317,529.7737744621047,850.4069772122116
-493.7780960631567,584.7173315373941,1240.5629826573047
-472.79838728625464,487.9771908787756,923.4233162080197
-501.5204782057176,595.6348714076732,745.635440857108
-505.4009555111179,731.6507158008815,1789.543282741589
-494.4320195421849,580.8706241690518,838.9440000000001
-522.1315070244405,587.6425972602283,737.3846634432393
-516.8615526537108,626.6865061089429,1340.208145729325
-491.75700813576896,583.9150165866811,1386.4576956806243
-526.7083612471151,666.2212346439601,824.0285281884995
-498.54530371241435,487.1675379245884,1078.8369112929763
-494.4450342168102,580.8713408156276,788.032
-493.72449687059043,609.5403258724455,862.1891559466225
-490.6140028908244,767.2196745942599,1296.044084728541
-551.2610929310799,652.9445419303956,725.5341148234392
-494.4409890840943,588.8303680791049,860.356990169638
-474.32524576449055,511.83215412187917,701.134666948119
-493.856172776206,634.2731632986971,1068.578975213452
-495.49527794770484,558.493529275067,790.8708000115217
-494.1841627644942,559.9849767970164,780.7098504169198
-551.8748433707499,606.8877138423875,727.5225504780597
-494.44634620320244,580.8925468251819,1254.8715
-541.2234873301982,583.9237018860634,654.2350074456128
-666.1078904073142,673.7006745587876,695.8246758863394
-488.1513387569048,620.0287369881769,897.9331492768314
-491.95867524858886,646.32641843967,1099.0306200150394
-463.3059362948643,577.2593200205608,992.2016729869745
-471.9180930851762,588.2716006208531,1052.0722635637705
-517.0689691849998,723.4555176896963,818.938384780351
-494.4524946231777,580.8661300209947,1008.1986800000009
-495.42081314133975,474.4104012871713,1085.2201113168383
-533.2210431231229,606.188355914852,1224.526075856166
-492.4792580297642,552.8216929642579,1113.8216780635992
-526.0941285086099,573.0895505935578,882.6190807244516
-514.3345945806705,541.5062301797093,648.3104596131745
-494.50785843628773,578.4753021802467,1075.4797303803753
-494.4349908308709,580.8826455745939,956.015
-494.43030036563005,580.8761984846085,994.521000000001
-548.4478417489622,521.7177398267368,888.1628519912097
-494.4349850338026,580.8742304524521,1091.488
-494.4520743848584,580.8624618073395,1012.0310000000001
-565.0247636722402,677.5996988167669,1064.648886928701
-490.3199361842594,541.5651070439667,976.2107008194893
-502.0678145865986,598.5029586348428,1322.788143122069
-502.19941971650906,586.2097615438388,867.4065720831646
-473.3658908665093,581.0126249381753,1135.1594779832658
-494.19512012470886,571.4036015108284,714.2433746839221
-562.2899512468093,587.7374860704383,762.8535549253365
-564.0147337014346,587.9145777718088,801.2094136405356
-457.4226756717162,529.0186959479915,816.476838823984
-501.4841865841113,580.0282222157498,1141.0103916735043
-493.98144993413985,604.5521613366084,1052.8686448995877
-494.44042566790336,580.8744667005117,955.0120000000001
-517.5219072937477,628.0102920498464,1401.1575540694562
-496.29608133560873,581.2080396220481,1242.0123243737212
-494.39355982698544,581.9966391872571,919.0028351750188
-524.9628738229997,562.7784725501594,562.0897520977425
-495.64312832333303,589.3353756172005,1051.2026313727126
-444.8493950838481,557.5313242589555,918.5505939275608
-492.43784943442006,666.0687246906482,946.9592252808131
-508.39666771454586,640.8581151218377,1158.6305213765886
-490.5232365360366,648.4557890059882,1219.1120977035275
-254.36964376633978,504.8709924334348,1225.7679364828875
-430.6480271898263,686.069077876848,1272.2375334794885
-530.6673160109608,564.1076937833489,958.3590249935455
-494.41676395628065,580.8747953387303,1063.059
-514.3590649721482,571.5243304644487,804.432715160211
-469.54829587903225,477.2587965911671,798.0048267232658
-528.6112470593473,578.2465744953729,918.2604969774195
-494.23126762965376,574.330841656024,584.979746575683
-487.46138616123244,580.46251315523,689.8497048265342
-546.023506418738,614.7320413203006,631.2296529352825
-510.42113252594936,749.2924609230047,1364.7483743467176
-567.1136397217497,589.2900610038121,401.899671054132
-494.18837318769533,559.7019873509495,800.7616696845604
-555.8724268108708,688.9345948579403,1129.616970870767
-556.5097244784056,690.0946187622264,1149.5471710514491
-490.6022628283788,544.3396358364703,854.3927687775182
-532.2740499450304,675.8448529197995,759.1954433930377
-494.4332499970574,580.8695654857827,985.2354
-552.1972877610142,552.874164291321,112.97022276515037
-621.3828219241277,851.4591863611054,707.7462613203143
-436.7451348991699,542.8526660616451,1023.9684705910156
-494.1389263598726,587.5683925177511,459.23120399045246
-490.3803700239532,532.5126724241683,893.7427522822014
-494.2671158351586,539.9730407197276,888.5466264891288
-521.8589585155878,711.608186241607,1130.2979723590038
-494.7578886862061,604.0627431605833,901.7694991316976
-550.3358814123658,690.5943217320241,1137.3336644765607
-521.0653731929397,523.100671395659,1153.851203476345
-516.7562832177891,651.1818514954097,1001.0965572300319
-490.3570551431719,542.0276536088913,955.9076874741335
-493.5214724778639,641.6237648319789,1125.5219279553485
-545.6568618816157,669.493536624057,770.309860942763
-541.2593276371058,540.3317631924981,821.7968917636906
-543.8980204552222,595.9057338043466,824.3233169602677
