X,Y,Z
-484.3474726079926,580.0476068814132,1071.62788493543
-502.1251170505125,608.6572564256296,1104.1088649000944
-530.8110155717627,628.6622047243361,624.9094232054622
-540.1004201881192,586.8552940933449,626.8701490844121
-547.9662032705128,598.1734938436746,537.7308121355153
-493.00331699310686,523.87114272052,754.1647424012658
-496.54556202842105,947.3258723462889,1593.577362799924
-500.7265016270817,646.4766246305448,847.9299480682757
-494.4501407349003,580.8488049089483,848.1956
-494.45955646435823,580.8484658974055,794.6298
-491.2146523632932,504.5552320934664,839.660964144755
-525.4908558172704,562.4447686311516,582.8959076116028
-496.3432431134843,909.6725697477771,1352.5480404413522
-523.6804350544794,559.3515974057763,813.3738375551686
-495.3165423295586,542.1446071216405,944.4833002138223
-510.5456709671712,667.1086272966152,1043.468315080229
-524.6561839600231,660.7121856367539,721.8400291495277
-452.6220641478144,501.83953989890426,1208.3142893654074
-494.4604084212017,580.8405670974116,655.8756
-485.517902456834,499.2060511937991,957.1532753164063
-494.3972332177773,582.0001218090907,938.6357215736407
-258.6145088857661,506.18993293114977,1190.2370463868288
-551.8032534413101,698.1398663154549,944.2315609056092
-490.98925487626684,531.9198942516709,960.199598666492
-493.9725819607738,591.2086139004269,1256.1397385223008
-491.28318304994946,620.6994312155434,1006.9244419002964
-493.338542160094,563.6162576478555,525.7326826458662
-528.0170795221061,582.8323429757917,843.9531316247846
-495.23231241740814,597.6470011835138,1171.7710400767924
-500.79125826313884,583.4240239397568,537.5433719469231
-490.5801966247618,647.8034896726122,1199.8720258926433
-481.107179790695,476.2355468781175,491.1661236373413
-513.2898913999466,608.5664091391453,843.8968257267948
-509.1725141774218,580.7236923204364,716.8355365629071
-494.81748010335787,557.3893944796137,548.9906006863125
-563.1058741070947,630.0797315812517,660.566369518308
-494.44724264679735,580.8610417759198,642.912
-490.77346121485493,761.0633226889979,1227.9606994114029
-494.45596859307966,580.849831260042,914.8220000000006
-475.0371027666515,589.680238034257,1121.708970916231
-490.5772096673127,770.3639917682224,1330.0816626117235
-494.264024153038,601.0436971394345,935.3171693684351
-513.2203631233153,536.8824670295328,433.3339383525674
-494.46824983570195,580.843121111298,1066.39312
-494.4566458132408,580.8343799590182,995.2264
-528.5358597932604,572.4772802931266,1006.7533938557688
-477.2223381028866,635.6514155354262,1591.1540992575085
-556.0005724908829,526.1676435769483,656.0967174660738
-542.4840095287318,532.4762330995579,689.7668722231326
-494.4475932853493,580.8476411968061,1087.3996000000002
1850.3423739045284,747.2696347146093,-850.7187684632154
-493.30073690706763,563.0452788181999,568.1398961767213
-523.44950345508,634.394930469171,630.7570211542669
-458.56476872222856,563.4025059058024,885.6890987800381
-498.0227464095201,444.4352708220559,852.6695459258194
-490.79337507986907,759.5193963414906,1210.9401318484163
-494.68536312289916,571.559434250019,1074.0960261181194
-490.8484401579103,529.8849343031552,1031.2772573266834
-508.8349588210531,636.0484470147494,1092.5768208935608
-473.111116862284,507.51651646757034,790.7366387213804
-542.6768670349259,533.263661885387,599.662757124783
-536.465811266788,586.3628993710876,516.7118443949296
-550.4980683679864,695.498294289485,905.8404915174847
-494.44724155268113,580.8501300472914,1307.983
-496.0458528106483,602.5446191563905,728.9754534117336
-494.5484999153423,573.8607163932281,638.2401560298117
-469.3783319527288,544.8362675578079,992.993994250872
-494.449138525953,580.8595337652196,969.7217600000009
-494.22746083042466,571.6682619373184,670.9720518187665
-496.1373901080201,581.1571029959387,1052.0313138386168
-492.8968279969647,559.142258913213,1310.29246990354
-489.96299059164926,555.7111459699399,784.5219636575
-494.4464845490734,580.8454302438143,933.4554
-497.9415247297957,447.5358128228475,816.0749052515184
-494.45361290242727,580.846298410458,878.9476
-495.22834755185386,494.6504802709203,767.0101737245446
-508.39875658289884,580.8341830733334,1024.7216954332912
-538.6351582205623,526.5591246627839,949.9566307966695
-476.50493885831247,580.4653717693698,1044.7094811014474
-517.3856088521793,725.399389367923,839.7138724137152
-485.25073394294577,588.1320794099231,890.8520257255158
-508.75957074782036,487.54513417288956,928.2998942796482
-514.9691594877213,571.2315639492281,849.6080443872683
-492.82305847059934,636.5458921264544,1075.7498698395027
-494.4670010429818,580.8615078815787,1272.386
-495.4865855039593,552.1562557217085,692.3385817498222
-495.631240825212,547.9423461845065,924.999169876203
-468.8567676937829,474.2617323096988,841.6099151296075
-494.24079276988437,573.7959915650374,687.1025726854366
-492.34372457492736,671.0070280409302,1045.2397508916504
-494.4609298393261,580.8444491101644,1167.7996
-495.26615468950286,620.2799322774101,860.8230378907075
-494.4619968348643,580.8606452531451,858.1650000000001
-553.1628001211793,584.6713266710336,866.3493300967406
-546.248232459518,711.9342989985363,1305.3943984833763
-505.19385867634037,590.684983991697,725.3229137175294
885.2731116894265,591.7547882506021,-761.1161946108568
-449.93758151920474,423.64917107075166,1060.340579649135
-515.0335734466278,532.6579183676733,547.5573929082536
-492.9425519525407,566.6173419831212,896.8001466972045
-506.68960850038866,541.6104930106967,838.61502256126
-490.0214514955878,693.7116962120874,869.2036273598667
-542.7164738830629,581.4427750833133,855.9379674351337
-494.44745648491244,580.4973889770185,1011.2882463025508
-449.38263802634174,421.6867298077443,1082.8993292587875
-493.0225360977463,524.6222461268165,734.2661418345275
-494.7609276891603,566.3181797902837,873.623058418193
-508.9412474294111,534.3856021156871,1131.694898503819
-494.6941033024759,556.8763935190066,824.2042594344084
-494.46322414725773,580.8501496235724,1016.50626
-483.83482942174305,580.0071410310865,1165.8760269644458
-285.83334688742525,675.1724965774113,2168.714852892489
-495.73691709231935,589.7935826807911,1147.73378521208
-475.8244001493754,581.4352674941136,965.2256436350311
-494.44733721560806,580.8527601642202,1067.9788000000008
-549.7645791973052,599.504684938563,551.4256904802359
847.8444108720196,604.3517732012208,-774.2318370144549
-483.1904390678867,556.3166748621452,964.6495099949107
-505.5445345114422,733.1728011626067,1814.8906014989013
-515.6551115535035,644.8858192734406,756.1126752867418
-561.5539497791731,593.5069309505657,290.1636570158118
-491.9408173778734,583.707262527957,1261.3721724554166
-500.75972216472405,578.8987514856367,732.7728109088748
-495.04302481641867,590.0561494365231,1098.3082359856905
-484.24052985496246,590.2729210513821,1264.0460985401096
-528.3781316033344,560.7367174011667,707.7444451438512
-494.46726652588586,580.8502051601338,840.4880000000011
-476.66970304391316,637.3901369889306,1665.4489771208703
-507.2026533020503,645.9625835071766,971.1760205468603
-494.4529887318877,580.8422290767608,713.37
-495.6900393571891,545.8618335033566,1031.7924568202566
-560.8820011373869,521.8202450440721,768.0736162197254
-523.7916631972107,588.015845000517,824.9561512191166
-494.4720926234595,580.8420081378714,1008.1068
-496.1187803786952,603.713855632832,809.245163939302
-529.8640348675467,581.4197049935357,892.2876531740249
-492.7209867432739,616.6958276237845,1102.3158270774961
-482.7290496876617,580.2603702968714,816.6234426646276
-495.71126133919734,589.6980010148441,1128.4275801137228
-495.0846224540651,565.7046192654283,725.500283790672
-526.6846852435765,582.2340121653634,1160.238192034618
-494.45205501190685,580.8441652956494,1151.0692000000001
-494.43671180034653,580.85514112387,763.0210000000001
-496.30015181507474,581.8026523896929,1220.5400610644433
-493.23591630723195,561.8946828096193,652.9541912612481
-509.02490960086766,606.0167695721402,1334.2178890516186
-494.4651444248443,580.8464655310263,1025.843
-507.8621935168936,576.4592096139336,1202.8976963733467
-528.4408959161462,670.6542341702279,905.775756608068
-514.8025071682994,480.37410864241156,754.5460191219644
825.8846775101356,612.8831170776205,-862.260638766189
-494.53776631385335,574.079545508491,597.1082187526987
-480.1748364188051,538.6206316561961,503.54486736081446
-545.3300071140293,556.183251146661,9.283858749187686
-490.4601103954019,649.7897378191706,1257.591296144294
-506.3156244234492,581.0728888890523,1025.090378959111
-547.2751905762766,598.6589268305253,492.6765345445915
-494.61914154869874,541.3237701301448,722.2236842214431
-493.9637985456793,642.0366387196518,1115.0538145638395
-494.4752135854542,580.8337505729673,912.211
-494.74233559393747,565.8389597016629,830.8498604024893
-492.77935709543294,556.5895618860425,860.1552911151397
-499.13139119894913,623.0519737443665,1338.8049568075396
-516.7734870960046,588.2614165954526,860.1664869711901
-495.6775133485078,589.4288432661588,1070.5088410203464
-494.44753963724065,580.8441896766208,854.3726000000006
-494.1761771764577,587.4396641971673,440.36541956629344
-516.4648538901306,625.7794153234872,1299.5753699710833
-560.5288326991108,582.3769747027441,622.7962209895497
1205.3632591438727,619.8508918957884,-804.5678109337441
-493.0908654867005,559.8935707020846,801.3793803130458
-522.4880478463804,551.8872460513555,740.5799374357086
1367.6176672334732,613.5243690250427,-806.2329182038902
-494.02144714924725,635.5958931370569,918.7930496876113
-494.23581306550886,588.8832368720007,935.8799532548321
-497.8449065095333,450.6452684456387,779.4809686732684
-487.6538234395898,710.5586563515064,1267.5668461566615
-539.6740560424528,594.599753245869,688.649749316698
-492.9314487725651,465.9760205011518,518.8065647272621
-502.00777439292733,578.5143156866852,1027.420420961304
-495.50878426004374,515.663185227831,984.7507466427762
-494.45533012225883,580.8569046614836,809.00322
-494.15489937867505,587.6671732375175,478.0971338945632
-503.81403855277676,605.9826294361194,883.9246661989181
-498.499523247227,689.5217498896536,1245.7409133431033
-543.9912333906173,581.4647737158086,897.9403330869898
-567.89596296627,633.4874187521832,758.7800020926159
-489.53157123675123,493.99190374826435,620.2751911437523
-489.8334748108284,555.0088530787352,827.644804468621
-495.6973353810836,546.2703102901899,1010.4336303625347
-577.3352576213715,685.2420948313127,884.3119060929098
-494.09764038321373,588.8166867871437,685.6220330596148
-599.7035492710129,594.0078656863891,694.6704419149353
-495.41667239373146,475.65133741881056,1062.758820696105
-483.0605008719806,556.0346808032459,984.5132803555325
-494.4620952825758,580.848218246811,1141.211
-495.5920212288727,589.9109580369714,1132.9289595597781
-493.99920653370054,639.882848460386,1049.6338060983626
-494.4664084777735,580.8567477122892,750.298
-494.4437889344547,580.8606214132105,843.5632
-493.5309388677024,642.3454722519016,1148.0772549578858
-494.43966273266824,580.8531489162082,927.5070000000001
-503.24722748881186,581.40318383874,892.8836728729357
-262.9240926714565,507.5502301654733,1154.714262566273
-547.5472170414323,636.0130179091053,1202.7465643970268
-494.45580268739104,580.848874939916,970.019
-539.5586041913871,695.029669646634,1039.9395876827798
-599.2313297099317,613.3418299072507,652.7658157243843
-495.8458182116483,631.359323480546,1065.5525273041485
-510.2283131335171,580.7262719296436,823.9906950169309
-493.87344312037294,635.3454988357845,1105.3397743025123
-569.7924878332165,595.0598324056473,418.11218221250095
-496.62186990945975,507.5714530267774,874.7484706039596
-485.8188559143241,620.4910065915772,1089.6424427116915
-494.99313805204656,568.0243961327589,498.5881838965055
-507.9843590458777,649.8995754697368,1075.414983855473
-494.4634378358828,580.84646949255,966.9585199999999
-494.4612791208933,580.8542214727827,473.0164
-494.4483853987508,580.8669793568993,778.6636
-508.4635566002446,605.0601435372641,1253.8481560139141
-513.692604150634,605.7102153590401,919.7842348389798
-508.6344302701566,578.768945725823,680.7642783207227
-547.8059626245918,621.8596600381529,896.6526434353076
-474.62434850574004,553.7456429678523,1381.7382393927746
-523.0333290553522,582.0651063025147,942.9391802756272
-462.28330852062936,631.2388933375317,1459.4490750399348
-511.31848462671314,580.7088743857043,931.1455080334085
-494.67528676705206,571.3569082187541,1116.0412802963765
-485.64996331261364,596.7332780841147,952.1233335442173
-474.4218421373225,601.2859471333836,1004.2882711084407
-556.2640452407413,608.847658415221,839.3132508685611
-494.47437741326576,580.8415834700276,1051.65132
-494.4715681840139,580.8474115039314,904.3810000000001
-534.5966843319084,704.3348683135298,1301.8917644895696
-495.93604814624996,524.9509326005218,1013.4829822198323
-496.23668932187866,520.2037104794877,594.2136803358926
-488.02803892989914,703.104593451581,1151.327985463588
-494.19057999886854,493.65964655761877,731.3252391058589
-491.0042160206772,644.5739990302847,1225.544245786158
-494.55987847747474,573.1510196865222,782.2022181796777
-452.1388550860597,431.4868523936675,970.1038119244289
-521.4822417236196,617.6908221950293,662.9244649473897
-495.46995663693315,471.731997242378,1130.1274463140896
-486.44657883491345,580.3883889139429,903.4797948335727
-516.6127822338872,647.7670768261569,823.9815843664943
-523.6697318939282,765.026637002974,1276.1269713282718
-456.6471738719347,562.4888140430623,972.8923269372864
-479.4184393486815,536.3902314731345,569.8958108456238
-505.7037470880541,570.1758648346089,598.72248990637
-534.2383357706917,703.1335476835905,1282.0866103813264
-496.0416959287463,520.3965703213073,1157.5473557636928
-492.7156100912075,555.6397510353156,923.5717625417143
-557.6663053764564,584.0990702539532,907.9323872038105
-514.9683231667634,540.2897193067977,690.1435376507034
-491.4544653323783,612.7803177568828,1011.6331144972564
-533.0687148526472,699.560772576943,1222.6709706185504
-502.6978784501125,610.656802317661,731.8893785177589
-484.2548894891215,477.16727631733386,854.8825006426275
-494.4540595845774,580.8464743380371,556.4392
-507.5526831893844,531.5886513879436,858.805829566976
-523.6439204512869,620.6486299534788,776.683414418174
-535.4223924706373,636.694819744482,1026.9842078446563
-494.4733525646884,580.8481890177318,927.6788
-495.0350991370251,567.3254430452204,566.6617586738472
-506.0370113509225,569.8563325941901,640.2434687976518
-302.3062127404619,374.80149003283145,2068.3270384741104
-497.26470637020475,527.1118295395387,838.1582939348034
-496.40381825344184,514.3746226720082,723.6913584456427
-424.95887474413803,600.1220937169205,1234.569997833485
-520.3211286482883,704.1356883454712,1022.4493389963393
-494.4655378349112,580.8455661991308,1091.20676
-524.047975406131,583.8226105735407,489.888838651558
-509.31116080659376,613.6140852628425,1286.444082030963
-494.46201346756925,580.8537307761624,1141.7908
-505.27856118608906,424.3732276416249,864.6052504684434
-528.8667528039205,574.7004374233817,640.9105633943864
-566.522894133639,679.6104202352728,1102.0473355105823
-504.98993443878044,725.66981217335,1688.1439848156585
-495.4766592283704,469.1374282989727,1175.0413185577795
-571.3695148210991,644.046671671407,953.1931039399377
-494.7947462351158,571.4943664885513,1153.1740153416627
-494.4432711470754,580.8561248505173,894.2926
-616.78273805049,618.7767068879809,888.0090172333673
-562.4380928434935,582.4146650361679,662.785883422582
-492.73654785515555,618.3955680030213,1290.8171282871915
-560.629932093445,587.5610175043466,724.4947923719967
-495.69345327238216,589.5022083653248,1089.8151692036395
-573.3931829937987,599.3339397589018,619.9262357944551
-494.4512987216399,580.849556153255,1244.9678
-512.9638455280856,604.7641151683677,856.6241816050183
-484.0157294961364,740.6767016635855,1344.6055777659053
-494.4623607518224,580.8516817557049,818.0150000000001
-499.1950166349661,623.3546940110682,1354.2875201334602
-494.46384730315185,580.8434967567863,986.8454399999999
-494.4419422527376,580.8522096911715,793.1554
-490.7005035436905,668.3455028535691,1222.067975772894
1225.089410067998,620.3170947599181,-805.2318905567718
-492.53041212186054,620.8191004544021,1315.9799540764338
-491.34118126138264,694.4916121412239,1146.9218697797623
-425.71103050056763,599.9254737412632,1213.352644615138
-267.2441281807601,508.92006462812014,1119.192931842722
-485.39225717358477,588.0324044928343,869.465161572108
-496.36073574648026,516.3195853596992,680.5322199560745
-501.24440550804184,719.6201570751334,1088.967497025391
-542.368385889685,579.7030822545073,1283.4482549926213
-491.39053924242535,547.2586048803282,769.0581575737099
-494.0830503012412,580.8074604239041,938.9793788928781
-488.33967414868766,618.9181240601199,851.1872377557971
-486.68951849953646,571.4476475742722,973.9046879386058
789.5431610040941,603.5006683308447,-778.72854989181
-520.9424004718762,587.329699119844,671.7050750435614
-519.6675131610104,526.1844211156106,1051.0628336569332
-492.3011292176102,653.3087033386907,1625.1939447987234
-489.77226824170816,554.6627270290346,849.2063362089382
-426.9031903552991,692.2686444959295,1391.0839193914487
-546.8255348395194,615.2120524009638,651.4092090954581
-508.6216841191135,730.3298777563712,1125.7924378936718
-549.3141368118895,688.4772045904795,1100.7463975168462
-486.7339135988193,470.1155759529347,398.4139168943067
-474.04682479226085,510.71180042897265,723.5326675265618
-545.9249529549775,620.4262270982783,838.8387031168575
-493.5727574666739,637.9754991045734,1012.7468553692257
-511.0827555153992,578.4129250372553,927.9402561570203
-491.61193021384975,549.6409581794073,661.3823246365718
-493.4776000380293,644.5487842903683,1215.7417417269814
-546.1949320209026,529.8067370674809,697.6465396112253
-488.32727200816794,472.74077942415056,956.0733500437875
-541.119534386085,698.9194627032863,1101.1986400571902
-495.01804698209526,567.0956757273444,589.3530188444818
-514.8119682129948,629.4290238400872,970.4768958166071
-496.45077308256214,925.3538846945314,1452.9781162398303
-551.1504448720752,696.8224400093405,925.0357830068924
-548.8412687679288,697.2855786035592,1095.420283104937
-450.3795898502858,497.6469019967154,1312.6013080626553
-494.4293538449483,572.3525419053636,924.7234267739487
-491.6070478239128,553.2128716284956,763.9383994718471
-494.46902565865685,580.8470093003848,1137.54
-491.9121651450564,648.3663133568724,1156.4800855125457
-543.2175389853908,631.5132642890393,1043.0955250809404
-494.4493553265306,580.8518344532024,964.518
-488.4569175762199,559.0261870517568,628.2233144261419
-507.75653111011343,568.2094642781664,847.8474552988428
-527.6210279039597,582.8095917025165,824.5766774472153
-533.449998236882,700.7492235500513,1242.4765016386264
-501.1324880973193,453.7271537318086,855.4135231761481
-538.2012138584273,621.2611859085985,628.0404918302733
-543.141665808429,718.6252766820319,824.8506194257938
-509.6676540440744,741.4294485441076,1265.180403813389
-490.4475371319022,569.4244722063618,831.710179526408
-494.45769152084495,580.8551632623701,1044.451
-545.6011134591174,598.0971792649297,453.51107193603076
-485.31790386820785,720.7695262284259,1083.435677965161
-480.4249570213796,539.3889289727949,481.42892000390447
-502.1741470121117,598.6552441231629,1345.0980250088287
-470.95119936450965,483.04126381937886,710.7797316380575
-466.88221842292523,624.0009592094783,1141.3553069341942
-531.3898029581842,583.2605033886988,357.11109235353706
-494.4537059507952,580.8408311108983,752.257
-501.68631510804244,597.5248141883553,1211.24033351667
-602.4300573257667,614.3217438661386,695.5369272946314
-511.0093576562249,853.550571833711,1792.4618106962723
-530.2503200643278,627.9254157187304,603.3845917083431
-494.45906831290495,580.8547592373493,772.6212
-538.8015408517736,581.3688423898681,632.4762703598794
-474.824205476109,581.4793824721161,1056.7253687564464
-494.4769375472515,580.8209393805162,871.7458
-533.5436916926474,687.1247963723836,1149.6094467990674
-499.0462240847605,634.9813700576215,687.2303484102257
-528.1419032930353,610.0497484799425,645.6163939998557
-484.90464661377473,589.665582640891,1134.347744545185
-496.08148190890256,581.7046740291844,994.8222618919322
-494.4601409265233,580.8541284655103,494.8888
-494.47281386798113,580.8523966453412,689.18046
-494.69394003492016,555.7835431771757,895.9864254900878
-611.976367312476,593.5007576302369,202.20572556844996
-513.4433420662101,626.1208589772314,853.4306258749458
-537.5702751510362,632.5518223104259,788.5090684384161
-495.7944619500745,543.3413234376985,1159.9438899135891
-546.3146978713364,670.544334890636,788.2118161023914
-495.5190023412274,551.2568822841051,737.8391100221287
-571.1979842953333,678.2077381352949,1243.133663496359
-608.8092901428197,616.3178457013087,781.0796105819604
983.2516279344018,606.8202360597993,-789.3918576888282
-528.8614106993132,671.7594968560916,926.2130249775425
-453.63886941571764,600.4245892904364,1221.4788866318884
-488.2982289420447,698.1195412866139,1073.8366875043569
-471.205023686372,501.1352235504264,1510.2706224426654
1337.0528246639315,613.0409644133176,-798.2911256493062
-494.4791366382483,580.8495436754092,1070.652
-484.98241462471833,588.3247278862343,933.625862306556
-480.9812683747398,506.90390077356915,1317.170537101568
-490.53363085369347,543.3734230444802,894.9976932803544
-502.4884361298118,609.8159883262383,690.2701758540679
-471.41742833128137,564.312186685382,907.193659464261
-494.68947858642923,571.4400151838595,1095.0685628730482
-491.9616735551399,583.688930120255,1240.5245492399793
-528.0396048185789,583.3284462791095,1147.7893740515415
-495.0682174694655,590.4472748463677,1177.7148163332322
-494.4664225183701,580.8490974778176,1182.132
-504.6109099421219,433.8628716146161,766.6115758351274
-548.560004867089,691.5170691467403,848.2547001016854
-494.171344681959,489.59988251769187,800.5675658868014
-484.88827106436474,483.79404734300203,752.3270633248015
-494.4691306550849,580.8600513865762,989.5828
-494.43881295183246,580.8518339019387,748.182
-496.50973050752964,511.45371685716776,788.4298088123278
-521.7184236379999,552.6874620921678,699.3318399645785
-492.8124422883134,615.0336550695029,1016.8504574216529
-510.1115260150741,698.9230190877468,1151.7165862299528
-472.7652770065238,581.0035280546392,1188.8316300880558
-542.1670850136024,679.1247990343145,934.6123948243902
-612.4103352667739,832.2713468892766,603.6729740300833
-535.9341120514673,635.4003584778704,818.6264790237335
-491.44945855415335,690.412850335691,1078.7474541743773
-514.5941648606613,628.8678866594905,950.9693215528113
-509.78750737955124,696.5252455617267,1113.0056421743393
-560.0669139338358,522.5425539317087,749.4107737733513
-518.218428805759,563.3754782726534,520.6339476880875
-534.7921513481633,607.1560449564007,1301.8661258420857
-523.6642501303795,550.6756921864692,802.4514443766923
-552.4550053468902,699.4721693651405,963.4262648886755
-494.4609384938926,580.8371925600286,999.8142
-496.0737497901523,602.8334585727911,749.0429234411533
-496.128780313928,517.1322693795896,1260.4501531143244
-494.4468143226477,580.8545702512425,1190.661
-555.2634306827076,584.8245611431552,924.41206156317
-494.5535650149668,585.9675302720989,695.6718941997974
-536.716373089524,638.4772628377375,1083.390170513351
-545.3620608065385,543.821965499958,836.1414021832026
-494.4627257449429,580.8531783583892,634.7704
-542.5301370529414,581.4170123287721,749.2808341021364
-494.4614388557736,580.8459339259892,769.0623
-479.7956152201193,466.0048870118003,612.813249543077
-493.99089434865573,591.0085967018132,1217.4575429092529
-494.45583389816943,580.8484916962955,755.2280000000001
-541.5871453156979,579.7154923275448,1249.873905878312
-495.3786016571653,480.8462512639201,972.9315558240818
-491.59871747819034,616.4343817551678,818.532728484532
-498.98749172342764,634.1680077346873,666.0346066752237
-548.9191121645154,664.4619115122534,1139.6224942723052
-493.92222577578696,584.0228602159068,888.0739976544677
-265.0798590569957,508.2420775808182,1136.9535506246891
-494.7721821992491,603.7521106813679,879.8113403159894
-504.88430707516864,382.4528502736788,1098.9163329280827
-473.4094659848813,508.5895645288741,768.3356417627516
-516.6821571875093,626.2158711892012,1319.8919939265354
-475.44144535231953,581.4506672787203,1001.8256949017307
-457.62710455396564,562.9396082981134,929.2912091949037
-523.9945710513562,583.026189188129,919.3173395572787
-551.2017925480063,667.9644734204323,1218.8321586877814
-494.4539295581153,580.8497519764574,924.2692
-495.5202905905171,543.8853702222533,834.8204006773514
-444.24411220484694,557.2310260482345,938.9161130436294
-518.5305879410696,533.2362904630404,941.1525028193237
-548.8456131517833,583.4512208060003,708.0695582794058
-485.54996684182015,490.3913300217963,649.7701411978837
-555.1624516474922,609.993209147281,902.8351474578144
-501.2258514792611,452.029393936077,876.8575138974093
-503.03141945197876,598.7035736466194,1059.5015462139895
-496.22413125516096,521.1803397472665,572.6343274246675
-491.34206194853505,507.4465372085296,779.462119002629
-546.6746724543123,587.7121112220356,825.1540974519005
-541.474991204356,644.9693329474514,1290.2130944841138
-500.6978554868151,515.4701934483965,922.3024967100832
-494.1021387910291,589.5500151320443,1078.0338615907308
-470.9786413626239,480.0331570401739,1065.8410043760211
-493.7000997710402,611.4277336910959,968.4401569652662
-494.45285990724415,580.8575950446718,828.6568000000001
-485.63524545582413,500.1805223457852,936.6171474445989
-494.45334070723766,580.5148190554537,898.1592452613655
-494.0212784809287,625.6202735481531,984.2909678097341
-492.05038228432613,625.7136013531139,957.0417551734796
-508.2644059845288,580.8155383658705,1005.555488749203
-517.9809489974534,628.8967388819874,1441.7901882686242
-493.5660007435117,616.5706798655381,828.9501113568305
-534.2714079999914,628.5745543326552,670.2724785487696
-506.5108762718387,581.0810266030174,1055.137078242761
-495.5437840882116,589.535141049671,1056.665568373093
-494.46004307010935,580.8501544237637,1008.1114200000009
-494.79174493178516,571.417118955485,1172.788172584182
-473.3372528309901,602.3944751483155,1099.359848475173
-486.91618023972796,511.95457379210825,690.1877902522358
-496.06597347625075,581.131183764282,967.5953104844721
-479.16773595648425,535.6577667131282,592.0132834191279
-522.996570686307,656.2675279740724,640.0918430876011
-492.27835072987136,673.9123818126006,1016.9168916658366
-525.9697812962368,582.726073803837,747.0721239010372
-495.07297183822175,590.5512225974032,1197.56643103763
-494.50718604297845,574.411450314679,728.7324592024662
-495.25081755978135,544.7386650749918,831.2066026942564
-504.7906847253562,618.1789577081104,1106.462106487326
-448.1421798504666,476.4152246309768,1115.22111253902
-512.8669963357536,537.7350690122557,410.48951254258435
-507.368957639821,646.7473320310804,992.0238479492475
-502.0043963997566,598.2996198584287,1300.4786090853675
-509.00740694497426,580.8274104155889,1101.3859625676703
-548.4257851997377,591.3308676364143,969.2629616125748
-467.6511036779466,542.4007231996196,1111.762466733645
-484.12902123840854,486.44493183560144,1224.1180342326606
-495.91791045123205,681.3229110912523,1005.6534684571992
-446.6623597811731,558.3557627494747,857.4526619654445
-472.26364184250315,504.722406995234,1408.2805468635545
-553.1576089668872,516.5635537982616,1029.6872898575896
-489.7176795559594,567.3685797607395,1115.5316853492873
-495.5665385342302,589.7244847509737,1094.7972574867072
-518.279465533637,655.8973653111419,1118.3357741684329
-481.8154016072176,567.7576343967359,672.6379478327516
-509.65043620980896,662.4123548366781,945.6640519747557
-567.0437099102444,594.5413062134057,375.4628591349387
-540.2159071386545,737.8093173155953,1554.3222211077257
-542.7082592045733,631.0254347200054,1025.3568590304847
-517.5196758215307,578.961849766743,873.1361635175707
-564.908015853001,638.7407922701175,809.9620683559684
-476.7449546608607,556.6648573647803,1152.3530263605091
-491.07221749288374,643.1484994964757,1181.5905817721684
-474.22116937403734,601.4941991192338,1023.3029214568319
-494.46225612472244,580.8449446359696,966.188
-506.60274142232083,642.811323492707,887.7847168367309
-507.44329221054977,491.83945281894603,682.8295335687362
-550.8749909947956,553.5009909668154,92.22838883593937
-493.9883608388459,605.4403420817241,1121.5394752337982
-421.41053051118433,507.1747020952466,1228.7446272374837
-528.5386215993803,625.6829500794172,538.8122154796904
-536.5729936090077,529.1006885702211,870.3149659357385
-494.46201965795944,580.8419787976372,776.0966
-490.65754420398844,646.4814161800502,1161.3924324794036
-494.19403824687083,558.0282432781258,921.07303731305
-546.8037798606351,728.9058095698447,942.8309582719878
-433.206144233357,500.01369915378746,905.2085411891417
-490.63080962050935,535.1476454634986,802.3940831432305
-490.6575394415331,535.8279641398348,779.5574901497007
-490.8083992164966,643.8421418569176,1084.4330644154281
-492.98826489627686,560.4968489309135,1182.5081913045983
-501.56406949131224,579.9969067784918,1157.923078229042
-551.1095704038248,702.139029959511,1172.475738466407
-429.41246879227765,688.1411974925752,1311.853055056557
-494.2129022238521,570.6739077629577,822.4211199758573
-494.01082028930045,604.2527519411353,1029.9784356445602
-494.4465398783932,580.8605137359398,686.1484
-495.6141338964662,548.3668482645273,903.6406874984488
-539.1220117215341,734.0964224831037,1499.5094301503195
-495.2692909783475,598.2325466808404,1239.0244517842857
1768.7426030625538,523.1951285094588,-820.0455424694683
-484.57656979991384,439.1357045303894,720.3800251955761
-494.4834333661229,580.8463445792146,867.6616
-495.9384721463066,548.046608425894,866.3950230746049
-495.82045431608935,630.1727493192332,1022.6411382887569
-494.4565192528976,580.841355216913,777.8965999999999
-477.1502780579317,557.1855472381203,1110.6466476931262
-514.6664824868155,533.5100129884593,524.713198984494
-509.9682019775696,697.7066063969587,1132.362035883721
-469.5434499666876,562.9349516387257,1043.9278629859232
-422.91692050771644,508.6701344295913,1188.3803440463078
-562.9189704259547,593.7588117184059,311.4890396852916
-541.2773199766234,581.3968731009728,710.346261258795
-531.2098756609757,612.7190307532453,772.8617120030157
-548.0998121645048,554.8481909116358,50.756517884191396
-492.5563930324429,674.7703862079452,877.1680689913577
-493.54932567330525,617.0503235939127,850.0002039452371
-494.2523618317482,574.1029322777895,625.8288083861189
-556.0397267089477,610.3974054941746,926.5240581807242
-495.05903708430196,590.2569384005942,1138.0114989611686
-494.46361044903415,580.8420724854301,757.6863999999999
-518.8163247126854,588.9418812708293,1007.9631140109138
-495.0331443281448,589.8433232129457,1058.6050313633525
-531.9271862344701,588.1685745129696,381.27385221383753
-494.46103015170297,580.870290555948,1307.415
-518.2368524829058,529.2818172422592,948.2752835935758
-494.70213575271964,555.0545394675707,943.8411917235148
-529.0692785704359,578.1998927123618,939.2162749028404
-502.6021487568596,610.2279106339454,711.0799216386827
-495.9103983885029,680.2392511008129,986.671424337663
-494.46152825116496,580.8496241366843,1338.204
-475.51051175148586,600.1708600471511,909.216815354488
-492.6522192357602,663.0505498940602,1111.6164932087272
-494.5274489917615,574.4877365358813,706.2881354310414
-495.53208961680025,589.4576719935153,1037.5996359188339
-495.4829745290665,516.4174286863827,964.6135125916792
-568.4987211264911,589.426016430132,422.82099254878904
-495.2210790969409,597.260495106681,1126.9353810964835
-507.7139311191611,554.1636432839532,848.8116059256811
-553.8874412637574,602.2833449707412,678.2633137355581
-494.4535121296517,580.842880189407,779.23
-490.9682634638498,662.0627133501366,1080.2604835337113
-564.7602919419587,585.4466666644335,1151.9242836527792
-483.5984168599289,819.2189933238446,1491.1199198073423
-309.83528096072405,382.8642075473447,1957.8770403213607
-496.57176580831583,616.6845565259664,926.1335688629447
-507.93280185546655,568.048420118101,868.6078525021646
-494.3128529270764,542.8104614689896,773.4854353739615
-494.2483120671509,600.8196921945914,915.5399917628548
-495.52561119684447,589.3556400916573,1018.5338259291967
-467.31867949378193,561.3516906592923,1203.450778675274
-494.4267185257236,572.0357643341689,986.24560165847
-465.3560705881441,626.4089216856274,1247.3867986006114
-506.61384496045275,581.0785892116616,1070.1604083301131
-579.5051713387702,687.9330800810351,926.8300709665571
-493.11064756087717,560.1913320457265,780.1759784341249
-509.548948871281,739.8125416751511,1245.270087621724
-551.5361755762201,591.9412075681325,1068.4905200306227
-482.29509623291506,580.2412059657585,874.500335983595
-502.11515596989784,586.1257761724632,846.5581515479765
-508.0684183085516,515.267597553908,312.0019303994805
-487.70164371021565,580.4568214301842,647.1238727237104
-507.0535284949988,645.1769496627725,950.3280929237716
-494.8012927910463,571.221440291012,1212.0162745031619
-506.8533986289299,521.1403794689943,216.77114710561693
-494.44610797123323,580.8524131140317,708.332
-427.1893246465411,599.500206977662,1170.9173679492558
-524.7169409068192,583.0882638298,960.8579322854999
-490.55975972642204,682.9950468201205,1178.3684845571693
-422.7434582454939,600.7523736894907,1298.2230644071587
-512.9497673143853,572.1718049051383,691.4918978590432
-494.8229355146209,557.0189439943038,569.7318729999498
-494.7328416976245,514.0752878174192,1006.8217629814565
-508.55652767699416,580.827315898302,1043.8877181692544
-494.41159739425484,582.0131392537202,958.2686021504445
-499.1069536446198,635.7887377416923,708.426336526808
-619.9741725806896,619.7613750292662,930.7805834931926
-494.4689955056474,580.8374095541101,874.5224000000006
-492.7571002522111,556.2694481943938,881.2940512423925
-495.64870448059537,492.42762082217746,546.2447328278067
-494.48140373068964,580.8266543112479,1114.537
-494.4496943595973,580.8441643893066,1018.3406
-494.45585558622224,580.8493881069003,1245.1593
-495.9391973676579,547.6485696545674,886.1408764044472
-494.1602695281563,486.8916587741744,846.7290119680843
-494.46158720190397,580.8540095758553,945.228000000001
-508.55127186934806,641.535535512626,1179.8446723282166
-548.3481680288578,663.5894980924729,1119.8199278041182
-502.84991241734724,581.3839016527068,816.6286633756986
-490.5684672965392,569.7358594427592,784.40629240631
-531.3639337407651,673.4673709496194,720.9039452160099
-495.64234981535947,547.5216055386238,946.3577332095579
-575.579842645441,599.8297407883806,657.7076817165348
-495.1985120661775,496.92376301466174,726.9851310879847
-494.15130718798764,587.8684566482054,515.828969867716
-495.15368994748087,587.1761413869629,680.4625514813835
-494.21631493187533,588.7907773711863,913.949087618585
-494.8360819475381,555.9032920418599,631.955595543894
-434.04175163185164,541.0128720812841,1107.7929582873842
-490.96738437321824,751.769730201014,1125.8392868048425
-476.0346477137209,581.4374698632113,946.9257898667724
-524.6834679847993,470.697409470617,1388.3431465530741
-482.0018352734892,580.2300275494296,913.0849086772018
-494.4681817797957,580.8360738066376,978.39742
-494.00870884630467,637.7266690864594,984.2138746782736
768.4329878730732,603.1322103208754,-778.3188143508887
-492.5776995071792,673.6140050327506,857.0639157271265
-494.7455933069466,513.3249958151368,1026.4782879860104
-495.1054106671522,586.8965382033159,616.4377420161608
-494.78547119746236,571.314987354509,1192.4022035907415
-491.45140865263284,618.3310950265388,902.2623325337943
-492.42973746303005,667.0746298453653,966.6140725890957
-519.6887855868788,589.2172471952852,1071.3046601051246
-420.69327294219465,506.4196770027557,1248.9279349071712
-498.8757876077343,480.1676948461379,1214.3057900679935
-495.7785831864394,482.4187521270542,693.2742170304282
-451.2793590160845,520.3827933524187,1076.4122247038936
-551.7127019868371,527.2773858405501,1453.8817285648363
-482.8415974793877,517.1315509755764,1031.4507824969598
-503.99551468666004,615.2485166199363,960.7949507614317
-443.63479707209353,556.9404925379308,959.2816754660737
-548.1457566419826,583.4149909818038,689.2600065075871
-498.44714244954366,688.4505506167084,1225.875686690273
-487.98633966026455,621.149841168329,944.678789272615
-477.4362137716753,580.8017520980547,1036.1213144907283
-494.9687095514637,568.2625216877192,475.8970772934602
-474.85252427497653,600.8418211983046,966.2596143835603
-495.33404997441676,541.625559512051,967.138630620855
-506.0498870306924,581.9951672324905,1428.9786642995896
-646.1079017708892,582.6668726998159,713.8404625079095
-493.50813933909467,618.9497556565104,934.2010918570768
-494.4599533811943,580.8478124335297,977.758
-494.5529135787033,574.4803090568898,514.8441580926698
-492.79138666516565,657.0255129763023,975.4144270089317
-528.2790595408255,581.025120749419,853.870340149493
-494.45718005933895,580.8503833302125,804.876
-526.5078305618092,578.3932030325818,813.4776519988161
-560.80983952218,665.0469103361668,973.0802504597598
-486.164883320743,461.84860325301383,484.27076277490124
-492.36615882993374,670.0322257752509,1025.5827530315007
-491.3545533552724,546.7873407827021,790.5934914564809
-494.46074286516114,580.843169042487,688.6654
-513.4504288308367,605.3914475475119,898.7309323383308
-522.2001761342005,618.6781894085834,700.844122107951
-491.1933744257922,503.59061159704623,859.7272370510957
-516.799989218297,721.6152566311393,798.151577304753
-512.1606979160829,493.3685992317505,559.5842767067605
-507.38859227539365,539.3867509842585,928.7933819957395
-520.1747976071854,561.9450436476408,625.1839102168135
-541.9703830773797,579.712948582137,1266.6612073229282
-493.71905815253194,611.0450138832077,947.1900765816146
-469.1920604389353,475.74705691193094,819.8062370898615
-499.2262392908615,623.6698134639582,1369.769967845554
-548.8656528641113,598.4525340380928,559.3434413606651
-491.08542770336,533.2699376970827,912.8142566253664
-492.8511060143046,635.3185744297177,1035.049879497256
-494.09130428946605,580.8160508210422,917.6385810288754
-493.5854416604129,616.0959713715483,807.8998914884567
-494.4562038365707,580.8354320772205,869.8553999999999
-494.52006332228893,578.4057102091194,1118.640908822517
-475.2213182937553,581.468956099853,1020.1254481058264
-538.6536576265407,586.660455467089,582.8065564809813
-494.0046599866464,624.5680490682375,943.4865723259003
-494.4778026935953,580.8438606851722,789.03276
-495.1732984434493,587.4636702191744,744.4873295840237
-494.44273157026123,580.8421655597263,761.5563999999999
-494.2044662450271,558.573563784672,880.9690132265835
-513.5210939054621,571.9268222421438,736.6682105247721
-504.88114270500773,430.0676888285418,805.8090792220567
-430.10279429167144,495.9054844608745,989.2754245811311
-501.6560769356511,595.8357161575971,768.0544868677213
-494.4612044086284,580.8742977423908,1219.8425
-510.35486027209913,580.833789405315,1273.880736483737
-494.4576919845508,580.8425301860177,893.7914
-538.1820114623929,581.3572555640034,613.0087911052641
-494.6221036913348,541.8901871843805,700.643877946799
-463.95950455351795,577.329258170723,955.3619061307612
-490.32788990405425,685.5837865824035,752.5593704123819
-493.81769158924453,584.5815430750931,1181.8148233547995
-492.4371799671585,680.5703927339507,977.6876876816341
-513.9174781519068,484.7032314216924,689.5586357680947
-477.79118405238705,829.727675153548,1604.9371618480109
-565.8701219396326,589.1220552286868,380.97053933371956
-471.61539016405095,502.57540340098876,1469.4746023806701
-508.74723993719635,612.37766961283,1209.5519647978517
1185.6376664692834,619.4018116951586,-804.0100868488335
-601.6147499797048,592.3942631393443,117.99300849494168
-495.573707289057,541.8731112523818,921.390897008481
-530.8974061967906,574.3325587939872,722.5381597425437
-531.14193352799,680.6401292449441,1033.3460716848256
-502.026736279975,586.0474233709888,825.7097299240271
-527.4257238669516,561.308259793653,666.1280319948496
-494.73927608733834,566.2450095272051,787.2085441896567
-476.6117205960704,513.5830433414444,1218.3659923581647
-510.875566813937,668.9864090997498,1082.5903098116048
-490.0504119535549,503.0922077995526,476.361057068781
-494.47934692447416,580.8413571857707,773.4514
-505.4559653719816,590.9540770143954,763.5264983754103
-550.6042084198598,599.7769795251712,571.0084473099398
-518.531845513181,653.5281744856366,959.7194194033605
-494.4551129118595,580.8542886407756,988.9602200000008
-488.08990173340817,557.6347398380767,716.3089981867824
-496.4635482043486,931.6461684821368,1493.1469726462344
-507.4004099453143,576.5829242914788,1135.2453762637674
-494.42644461648797,571.9296632251466,1006.7529907852875
-523.0323304633553,583.7226343043322,447.8196024787999
-472.0437958632351,504.007257334476,1428.6785343841175
-536.4882937133202,687.2209651167176,917.4219452818731
-518.0511394895966,655.1036027647357,1098.7959137195885
-528.5840836519419,587.5248924774473,279.66321461368915
-450.5956937149481,481.9580948329966,1016.051313718526
-473.7561806907661,674.4503182397644,1569.4929461113718
-525.1753268397888,582.1494125617127,1069.6967851092866
-494.2377299676118,571.5159346552591,692.6075475654832
-494.4522581207625,580.8393964310474,985.4262
-493.9980538805089,638.4549874800364,1006.0201787080081
-476.77689534269575,845.0626998453438,1750.438264765627
-481.61967289843096,480.31308427208523,442.5056168640344
-491.37838119748994,613.4949668250573,1051.4364632124364
-549.7614197482305,598.7508518532927,580.9559314543569
-486.12110969680634,580.3733020423974,967.5687156838874
-492.1038311725324,681.2811552153637,1157.2646814114175
-493.74989493632347,610.2837714443006,904.6898219300263
-483.48796434920723,821.2871266488942,1510.5088467395276
-490.36780410183155,687.7946545234952,1268.9021958681174
-509.9429654309647,836.0751678252229,1629.4127253902475
-494.21766493492396,589.1890600946399,1001.672388614124
-506.6992944166723,581.0847170028679,1085.1838034348004
-513.2016509533723,605.0839584549001,877.6775207924127
-494.4535630683117,580.8521811649426,890.5878
-495.2416049427775,597.8515438207178,1194.18873855568
-537.0427304347006,581.3808532198975,666.9254276064673
-523.8175709099075,658.4938949533321,680.9658964403036
-501.4636697036458,507.5788161437092,1124.500141347306
-494.4658878254563,580.846822439871,989.8996000000008
-516.5364975232346,650.4168673273069,981.5553708717732
1809.2815500552988,744.3309946435529,-848.9443794284216
-531.7960432818022,631.6144150141507,1035.2964912087402
-491.3165426223486,614.2114485048475,1091.2398006114565
-472.79684034326624,506.457144498317,813.1383255727123
-519.3674422485865,526.8046811988886,1030.505537664655
-489.7890990798096,498.5447650546487,548.318355507421
-494.5971959692556,544.7935231818974,592.7472439326159
-527.3315210411363,572.7733170467736,944.6858389992966
-547.4416270369634,583.3827157898593,670.4505889334171
-491.2409271766578,614.9337665489725,1131.042982196919
-597.2359802951933,593.7099449762509,660.6013235328992
-508.7964767245876,731.9037129641767,1145.7057507839422
-543.9408923842582,579.6696928378908,1350.5967795340425
-510.95291550121965,493.0725966651969,406.41541753947615
-499.10341607431974,622.7342735410425,1323.3225411979643
-495.87198325743566,549.260102815412,807.157901361633
-485.45863666180867,569.9232842551382,1251.7693211131955
-477.05991447918313,840.6970312287051,1708.8644937338563
-490.4557417476799,682.3446335651499,705.9008806157573
-523.3327758821897,582.0835208492155,961.0474930925607
-507.35453604418626,490.9180720741361,713.9136644609675
-495.1311734078904,586.989851922445,637.7793397979902
-494.679048763177,571.9805439326844,990.2055998137715
-539.6749994345,525.2870208078632,989.7771861413491
-467.9405789029456,542.813813180018,1091.9678950822629
-485.0098072238784,485.1128316782225,731.8155676949459
-492.9694088258043,467.734025535906,499.21412791754665
836.3045675093472,604.2264673087602,-788.1127510401311
-549.5990231471856,600.7485216871344,575.3377503544061
-491.92345684509655,647.6992897459592,1137.3298102808778
-501.6303260254713,579.9847032887897,1174.8358240711061
-508.5669679878429,488.7430522251519,906.4230925100076
-495.7609887050344,483.8499183547858,672.270099933645
-490.3339666793124,688.9843959422155,1291.536353772754
-501.85973588128763,596.2720535461433,812.8925875850978
-644.0776441915589,582.6531860155187,694.3142229043649
-537.5969878619078,639.6553763140498,1120.9940559276624
-494.4357833959207,580.8538919819904,1147.7934
-498.6026018599432,486.12247027545925,1098.1873851088899
-456.18433485708783,562.251864005312,994.6934680799444
-494.4564511028743,580.8461504702232,929.635
-541.9653051857988,539.7167649261439,844.3928806370616
-541.9735861021154,583.9568816519551,675.4564285815009
-494.45915907501376,580.8579737973605,886.8296
-474.1219045607545,672.7637748291799,1527.7590808766852
-520.9490651834521,561.3751636530013,667.0041055944758
-520.8801165219415,484.55773350009395,1118.8650564172235
-529.368334429214,574.6046117179009,661.3175996653408
-494.5600302304538,586.3500758452967,801.3758584782759
-531.5415498873795,681.7311889596974,1052.7227515601285
-550.6314461258876,581.5066258148751,1002.3567573247826
-552.8264833264125,578.0368279418087,684.5103809868044
1260.3646566802981,611.6513470705379,-803.1936357637132
-497.2398193642639,527.783589651349,818.4626838560478
-501.0555015838595,455.41884249514965,833.9689874556686
-494.41469066287027,570.9003437286857,1211.8270383139616
-492.88448463104487,519.3627778005808,873.5562684778716
-484.54477141294956,580.075649476276,1033.9285977703773
-537.8904538590552,686.7719757637517,1398.0552502747169
-569.1693206709456,582.5719109203242,802.7476176774474
-540.6251659241746,540.880159635791,799.1962983104555
-509.03825614179345,578.7113182776029,721.9603189506126
-514.6766110768024,571.3813248232314,827.0202062755759
-452.19233424455706,500.9980842717042,1229.1719999507425
-474.87655177092006,488.78887625003347,1150.6722719785298
-427.75833657806265,492.8380712674766,1052.325431084787
-515.8471408928779,538.5371909573832,752.8962582353379
-495.41768595939493,626.7251993961966,1124.9572899141053
-494.4573624110435,580.8331981977219,932.4436000000001
-470.4498953586444,477.7818002010135,1106.5328800863713
-476.42526358105965,512.8455114342955,1239.8613159207193
-501.399773324496,722.6188804302385,1128.8382609136925
-541.4311485153701,637.177344066653,926.451944858785
-494.47446729086823,580.8413713867399,862.715
-564.3454832478753,676.6244276196369,1045.9455080598302
-496.56869143835365,509.51605910796746,831.5893281970352
-471.735914892301,564.5322557739527,884.4046124348484
-505.96389032185516,581.98135144246,1410.6574840598491
-474.42818007724645,589.9551303928051,1180.1005776815896
-486.0153063918385,459.780864760864,505.73475179523484
-510.680694243194,580.7012838828696,866.8524555528784
-517.049506676115,588.3666426924822,881.2805056051086
-521.8474058909476,618.1820198532234,681.8842511129576
-493.6495170573296,547.9690397583713,1038.6354052935326
-494.46312240669135,580.8392638637692,1111.77836
-633.9854000780065,582.519611969039,596.678144850419
-524.5480666129392,582.1383825849683,1033.4805222327968
-550.0743186679638,666.2042398217768,1179.2273927897686
-537.9310892041915,543.206652533984,708.8036224981615
-492.47834017571904,678.2543990177157,937.4795816843401
-493.98338037577105,590.9108374324932,1198.1164305125155
-489.78366575500945,567.5340226947064,1091.8798507614947
-500.8848209400594,648.1498510126953,888.5575906709277
-503.67663487200116,405.5545769610038,883.2161075155998
-523.8649087502845,473.6647811996331,1330.597763002435
-492.4632655399794,552.1539218906739,1156.0987443591323
-506.4131549977551,581.0743605406773,1040.1137291405385
-502.0084954333465,437.08535220225986,589.0827873808948
-494.47218697069,580.8451893601314,1092.9479999999999
-501.59327269170194,597.3644360386152,1188.9304817890554
-481.37930167616594,509.09642906328236,1255.9449020513293
-494.75181074630154,565.2175844267737,896.3116506299141
-473.5800843936704,675.2899451782447,1590.360044466036
-494.56912161039895,586.6476344232756,885.9390685938596
-477.5770118818032,634.4987387530557,1541.6237902501957
-540.3160493582768,628.5058366397055,936.6620053919261
-483.8248030124578,589.2654110353328,1147.4961122462369
-490.1361911413003,504.6116757940167,452.37560919622376
-495.6752136477644,555.0796894834336,1024.1508007108391
-506.9807006169847,493.48347332405245,672.2449342210397
-635.996104998195,582.5455736712497,616.206009893313
-530.6858813815406,581.0412196629742,968.469374987729
-508.74468717273567,653.843593135328,1179.6538143779312
-494.72801029163224,514.8251165032193,987.1652219525486
-532.7965295827853,583.3440659774861,399.5573225116051
-433.34080080131616,540.5850339221668,1128.7489289992411
-509.4584588197604,613.9144519641261,1305.6671925325006
-571.2355213522208,598.8169465943779,582.1435049375273
-494.43709539117435,580.8487511834651,960.0604000000001
-494.45521406615217,580.8448302999077,560.506
-519.7044092240421,582.3368532772389,933.6080155990156
-494.43998341447104,580.8397921928806,842.1798
-494.5328014182155,573.5197381597451,930.7301817111913
-494.88638843537046,588.5522053493016,871.4177695767769
-492.81442899735885,616.5661953662054,1191.2269173968266
-291.67365627670233,672.5241061423687,2087.1889187341917
-492.8970890370488,566.2252511701417,941.2892500246276
-494.7877780097283,604.6698716929211,945.6860309710976
-494.77991588486475,604.3643064938967,923.7277956303652
-520.2257498832137,524.9414716632641,1092.1779411897385
-496.71328350883573,619.1837725104219,1042.869387604591
-494.45360212419473,580.8491399391073,988.627
-496.0227250682915,602.2317436569443,708.9083534627493
-492.7658560770042,657.8918057792303,994.8716563402152
-492.7959277292066,556.9097129692971,839.0165245113355
-288.16350372450324,674.1079221490838,2136.1042691527073
-523.5271140571399,583.7745614299637,468.8545545203228
-526.9240777823727,561.6073041064062,645.3206872467372
-502.6530108130569,581.3579597543644,778.5011553647711
-494.886613928358,588.6480155480024,892.4865978080127
-495.2316095140113,493.51968700055886,787.0230132882571
-454.31886422921207,579.1413369092843,1205.4764947993729
-465.6590891223095,625.9361130417545,1226.1802264550406
-496.1191776373639,581.715989336572,1035.8618668444888
-475.4599724001432,509.1655970568695,1347.337930001112
-499.3143199299857,638.1707097173453,772.0159080447545
-540.2109578163115,581.4093147527237,771.9319118423934
-532.0924391773292,583.3050216173289,378.33422754332287
-494.12326698188417,580.7960246957309,810.9345871500661
-495.45495952907845,519.4411087164162,884.0647562064046
-496.5327643207138,616.1866539226603,902.7863648106434
-494.4650673412216,580.8513424859204,906.0242000000001
-513.8025335493048,571.7841880344286,759.2562802541081
-493.82349979981564,584.518022605974,1142.649376400651
-534.815378732096,629.2479219254124,689.978368079887
-514.2675509577589,475.3850136903079,639.901143609502
-482.0803501242817,639.011913512068,1148.4287362107978
-495.7397927958614,485.27991425795653,651.2659018406667
-640.0500965151343,582.5985992298906,655.2590096472009
-487.16953448963477,580.4271871408148,753.9387927079073
-506.8640825655971,541.0552872195603,861.1596371444218
-518.5943298525863,732.9465051696732,922.840106878612
-494.8572252765007,555.1501301181836,673.437864529092
-508.9891738065703,510.87110211694176,383.42551439737025
-557.2210789174519,691.2610783354128,1169.4747267053413
-495.3934671256984,478.2480558647964,1017.845136782448
-495.7577519503916,628.3879248266251,958.2742360099719
-631.9637042232191,582.4925913593372,577.1512015375858
-558.4297470087313,523.9910763094892,712.0855141989105
-494.4405492240098,580.5578361762978,739.7786485258573
-516.3073968182962,646.8042136378435,801.3585333925937
-518.823943087561,532.6449955090213,962.069865126902
-481.4267095419059,580.1958598656723,990.2541177292302
-490.6090852822772,647.140684717745,1180.6322728023245
-503.28241437068436,612.7423543964455,835.937430756487
946.8959827401177,606.0877047290185,-775.8575454134243
-538.6039329051748,542.6246715881014,731.4018050055718
-539.2972020305033,574.0910627546459,810.2516776514901
-435.0313016592636,678.8798875031734,1133.580912565387
-495.02475976071264,566.8646828844211,612.0442453880455
-425.8789850721055,511.67780698672067,1107.6504230305463
-488.09253349329265,701.8624926308069,1131.954831551155
-494.5378437238901,573.9167164125735,840.9534189914339
-491.7950023525077,651.0829660095086,1233.0794124194526
-491.27852389449026,614.5734928149604,1111.141371574264
-518.9918280331428,562.8101416386456,562.4542411663277
-494.4436749301044,580.8366383877906,973.3626
-494.47217801450506,580.8475104197528,1048.356
-542.5594875401339,557.5302433852892,-32.188318817810426
-514.3604730394395,628.3190081569837,931.4616098512132
-492.06496356806474,625.2684258789565,940.068338012868
-491.42986951794455,551.5391147190953,856.5482553670258
-494.46513785570187,580.8493570797932,882.384000000001
-494.0290112349189,634.8817413297261,896.9862460083071
-495.08303742901444,668.7607079315985,1155.3636615851133
-483.2302036559623,519.3347585010251,970.2254543806162
-506.0181932503601,581.0695907189855,980.0203464627484
-519.7853995612477,562.2324926839873,604.273903309562
-571.0749566759514,582.6269181589605,842.737416086221
-495.6835338489418,489.5792662956403,588.2539765058798
-523.6393355579517,582.0918837857961,979.1557170778308
-492.70707354633214,617.0973471993759,1123.682468233493
-494.45677956673444,580.8550531262258,776.2982000000001
-489.27388393425827,489.43150725813007,692.2313557739467
-565.8266435956207,639.4909068248064,830.4241051639553
-494.6977699437407,555.4247427462396,919.9139328829829
-511.49120226005425,578.3348883458693,969.136221335215
-533.1348812293352,686.0497664507038,1130.2320607485715
-487.9097515291278,621.6899254590755,968.0524220894549
-494.5101792429964,578.5651022989593,989.1572907693586
-448.80759842348834,419.7461519574106,1105.4597119394593
-531.9515790570933,682.7965145002836,1072.1006453635705
-485.7129769509038,620.992834014638,1112.5469490417472
-494.54411906347786,574.2787963348078,555.9761828630494
-494.13684143555747,588.084219200942,767.3687894538211
-496.4831979606133,581.9232338593265,1425.7380596879561
-476.2520814233235,580.8086237432972,1160.3369032431465
-494.80926837347965,557.76978168251,528.2495499059404
-566.7564839612176,640.255124077941,850.8851705687763
-501.0205786198303,511.982191931372,1012.1689774274726
-449.1525461414094,478.62902733141414,1075.5537475569477
-545.4873623412138,530.5010850292105,678.0500289689894
-494.4484150511512,580.8606504880095,690.5638
-487.8928887006414,556.9503201657478,760.3520661802552
-500.8514325641795,578.8863787746377,755.4380637960523
-557.1695901414155,577.8400339580617,791.3503091285979
-494.20775766749875,589.3082993444091,1023.6031089164959
-513.5912334988054,536.0387441993216,456.1785409001627
-537.5152570888129,685.9039317227196,1380.3029517003897
-494.00879356432074,604.8452238529856,1075.7589810587397
-495.8909695872035,548.8484558164103,826.9034704548609
-494.68437032830707,556.1620254062293,872.059348048108
-532.603890350239,588.2998736115374,401.59566654087126
-505.6023250668509,591.0651124192975,782.6283222947773
-494.414293376919,581.9412014304281,860.1042054735464
-510.26607038267275,496.6103871499779,359.7186661031657
-494.44836902372253,580.8483612437994,813.2826
-490.5784434242189,543.8377945133466,874.6947512920375
-494.17485110870575,587.8787196574378,725.946839952794
-492.2949295439248,672.9879029340445,1084.5515554086032
-490.1198618124804,529.1124693731382,1007.9254063401102
-495.94396078773366,682.4034299748189,1024.6356648820856
-532.6892244322821,698.3797603247369,1202.8649377450477
-491.6452550979425,615.9526971183084,797.6005542658673
-494.4582433850883,589.0106130214748,900.1741508826011
-525.7520639026425,579.0003605679506,487.36908761280483
-486.49379028631256,571.206994460116,1016.653030219616
-504.62655980165846,687.304187956111,1843.3155573068016
-527.8652162880205,581.0312272570862,834.770741829309
-529.4447598327288,645.4832437365312,916.9960764898963
-539.3736002271594,586.7591771821393,604.8384710186579
-494.4605866665588,580.8344510358858,997.7568
-550.4697426442954,601.0462037327909,595.9225036645201
-495.28173032854284,543.7045021648134,876.5173737451036
-475.73653695572966,599.9547357083693,890.202532847626
-432.54342047283035,682.9859574378495,1212.813997029657
-540.8822259712138,594.9773967656835,727.4135513512163
-481.7247443586075,580.2114371861479,951.6695744559825
-525.8257389804912,583.1763627723259,1023.1683802041211
-544.4915972527021,526.0572031991178,766.8512950834045
-514.4082778384154,641.0375416381673,665.620685784795
-543.4037599054736,626.0804526076411,792.2868570029207
-532.9661478440719,533.53344032927,730.9414495252408
-483.38676890813576,823.3494048115347,1529.8984879808643
-496.16488422830184,581.7466390411541,1076.9014548589305
-494.9243717721906,589.1394906539097,997.8306452297136
-548.3053647715467,605.2477148540817,634.3603360994716
-473.8242672952247,590.2400276390204,1238.492188168268
-494.4468173875571,580.8442128911859,934.0457999999999
-470.6052730681447,481.57899555440554,732.5848879065937
-492.7979616328139,637.1653810705445,1096.099688668912
-485.49810724980125,587.9270001425816,848.0781377141717
-552.1571746864456,625.2235324679712,1031.5524331755314
-475.83996609050087,510.62553575071615,1304.3467249993091
-425.14051573430106,510.9218589543478,1127.8328077844264
-482.2945424474242,605.068706980707,1586.1320510385058
-494.44539215204395,580.8525148917881,1029.0662
-544.7872836473193,531.1847486020048,658.452877811826
-517.3457430516974,627.5649331053651,1380.8407148798915
-543.0574982263038,612.7436907557435,550.5043328812162
-492.83332883064054,565.6443682568761,1008.02299536136
-494.4667035873131,580.8475293475524,924.2800000000011
-539.8410237339708,583.8217079494883,611.7879313594578
-501.45211855278285,580.0079442030797,1124.097503975529
-543.3850268416058,532.5770509737239,619.2595132296342
-474.65441656968324,512.8396951281451,678.7295766788063
-558.9072877885851,587.3794808622347,686.1388584355219
-494.52478726989784,574.1125827751902,796.0650234690786
-426.4478064277946,599.7156372165771,1192.1348937238663
-448.64229387481237,477.52100253580704,1095.3872174323178
-494.7448987548803,515.5543182503841,967.5080118242145
-494.4088912655179,581.9611373641279,879.7370811482174
-537.1052564246995,687.9155199946001,950.635902378044
-480.67287374855266,540.1376486200948,459.3121030660392
-492.0879166991099,583.5400242950559,1136.28654341283
-508.6122010097424,612.0681994347208,1190.32889723352
-509.3269974069408,692.9201579238438,1054.9395268904277
-507.48454829641423,636.8698367319014,1031.3424134793722
-512.2371809532738,603.8296294127256,793.4639041293398
-494.44629894455306,580.8499913334178,826.3996000000008
-507.9051142292658,487.0849655851321,776.4180547959921
-501.2887707758164,652.3059758694926,990.1280291879634
808.2239625850598,603.6616507055817,-773.5843060185853
-610.4065850881716,616.7935663720025,802.4657271745298
-494.44976882097535,580.8537975711484,992.31816
-555.0183532134329,551.4931858288046,154.43791525888236
-482.2125709429347,638.3817363565025,1127.8487440469419
-494.4689044620777,580.838950423569,1081.667
-494.4756163113143,580.8450263256186,879.3434
-494.4539814967736,580.8521884288893,864.028
-499.3850918882565,638.9577771439631,793.212718780003
-510.434303306336,701.320467271519,1190.4275610735901
-501.8342132739531,585.899117483975,784.0129342558266
-528.1372173369205,572.5691973891453,986.0641115706777
-494.10759855129254,580.8236522927082,832.2753796525715
-494.45526425825847,580.8547659165584,987.1474
-476.2925457605679,580.4660365629768,1065.9278797259185
-494.45182551101107,580.857934051613,626.1232
-447.27925134273414,558.6474009324279,837.0873458524977
-494.45555367208,580.8548509582085,903.3098
-493.6274405408428,547.1792524082668,1081.4985432933527
-537.0642776283908,608.641579077609,1417.8774282639813
-493.6803050782223,548.7436762678346,995.7719699821469
-534.3929940167268,606.9192604653534,1282.5311758362159
-456.9687906872432,528.3058756466969,836.470533520205
-472.16134658756755,581.0205842326179,1242.5037508744808
-495.043650170584,589.9657959937595,1078.4565516087787
-478.81245102368075,580.8125055331247,891.2030729628525
-490.2213578822211,688.8136834508816,799.2185343001893
-533.7638503781006,679.4823328142788,816.6257182701193
-527.9662480036859,624.9410224092676,517.2879246787613
-494.7141645556201,566.6650759364167,743.567442351506
-493.52829787637666,618.4700316350936,913.151003662691
-490.73765577172526,667.4403009257903,1201.8101520257521
-558.0533654976452,587.2948362972282,666.9605316875123
-492.84047161998797,616.1898274160496,1171.3091135054012
-508.27434720148267,567.7223578592397,910.1287007469473
-490.7358961437335,645.1578984489665,1122.9128925190423
-504.36462587459937,437.63942031645433,727.4125479159999
-494.0940579782614,589.0216283132909,723.3538525577208
-531.245897138099,588.0437964612452,360.95215716730115
-513.5143492817356,608.8847478441647,862.1400098733877
-513.3251924938727,578.0728695452349,1154.5182342894632
-494.4568207446241,580.859439482897,1162.4261999999999
-528.5491026956679,565.0689331995204,857.8336043533131
-503.3624053983867,581.4129171070947,911.9473499238761
-482.9426685708295,555.7332268141517,1004.3768361483216
-498.34971364096236,492.06627322396207,982.0684010468915
-454.1012533586952,600.2023475186929,1199.2235550612752
-491.4091977257799,618.8129159111086,923.1945123160942
-451.36927639702844,480.9062716419968,982.200228284164
-549.4758793914389,554.174195104513,71.4931783986845
-491.8286545554556,583.8243001815988,1323.914888755504
-506.3522100853497,499.2997155264263,562.5006803796164
-541.9190417410764,581.3902222891458,729.8131243299906
-472.86786697170965,587.9417777177588,976.7943019602556
-483.69350660581676,817.1519241852886,1471.7307933861384
-551.4247399112528,600.058208122976,590.591944174248
-616.0259329712085,839.9951648971428,645.29330981207
-573.2836290535713,706.7695694414945,555.3478997563329
-555.2575498759934,687.8343115113332,1109.682762290696
-531.0960352106022,630.6472412076151,1001.107602519256
-485.30204638536725,622.9508462207675,1204.1666970468928
-494.44909277036777,580.8540710161094,691.7404
-623.2752263327043,855.4137117587279,728.5372199380552
-498.7477646617267,483.1482188736994,1156.2467224219804
-494.2223092866859,560.4955841714585,740.6051776558356
-492.7520173638759,616.275627376149,1080.9495891420145
-494.4494697701207,580.8472040907878,1190.09536
-625.0868434810509,859.2840282217653,749.3458856780887
-508.36810996353233,489.9727648912768,884.5483975495333
-500.78729817853355,460.49070106438194,769.6352843123865
-494.4693684397182,580.8571742596546,1149.7845
-296.3236302289456,670.4337703119606,2021.9664464183977
-491.0373452566341,643.8556998497862,1203.5676225770633
-546.7734517649815,713.2198656882896,1325.8146288369835
-485.8855853940811,457.71644354795944,527.1994363372213
-517.9313896399785,588.6560892140162,944.6218250168914
-494.7614283411749,602.8147655991677,813.9369629333469
-539.2147740511236,673.0272732719695,830.1762369406648
-485.01580251850964,589.5420990562202,1112.731463185278
-488.922528061363,483.36728539330625,788.1743196806464
-476.7142245421637,580.4710362577619,1023.491052766841
-489.89186299483913,555.3646843765687,806.0834522999405
-492.8639257315763,615.8245736073075,1151.3910655297523
-501.0744808476802,583.5224594614706,591.0190068699744
-508.0545720537025,633.0609268198834,992.7668840489318
963.7586322514235,592.3644111868862,-761.5875484169537
-521.2756852740522,708.6227014074186,1087.1578402430405
-490.9309730873065,645.9866348424447,1269.4983872993837
-494.44047721504876,580.8538010849062,1110.98448
-500.93763595782457,713.6115598991933,1009.226705828743
-529.7353447299131,572.182386234686,1068.8210549393675
-496.66779646750115,618.1716978043723,996.1754211912821
-451.6001517209688,484.18041690874975,976.3843654805552
-494.20499969645266,570.8143559517091,800.7855228858338
-494.6687632277649,571.6691150312015,1053.1234429547549
-476.8150481796272,514.3083947241557,1196.8703295461053
-531.5454240166528,563.6843248350865,998.5682248121029
-494.03031324784797,626.1359104582064,1004.6934203428491
-476.4914201258748,637.968997176428,1690.214031373486
-494.45416271860313,580.8630866800618,1039.1158
-451.7697858432207,521.0387547282285,1056.4173086282208
-521.595299759699,579.2572256861902,322.80203225911396
-494.2606847056268,601.2795321637741,955.0942202211064
-476.9212529166857,842.8767567960292,1729.6517925628925
-490.41531523997514,686.5898887842761,1246.2691005452793
-564.0974164668442,585.4083988970115,1133.8919442351264
-514.3174884883774,534.3488146480506,501.86789794017164
-520.5275506590904,583.4656108615541,342.64563787466636
-492.9053575246271,632.8421493095116,953.650543699246
-501.93721638815987,608.0338788232339,1062.5209404631157
-494.4657633270549,580.8504073013421,1204.4279999999999
-563.4395848141467,585.355329743651,1115.8594855021297
-486.5884405343986,468.04969486220466,419.8782244511323
-468.22994617217,543.2120645004164,1072.1730048419724
-540.937050370123,740.303507978073,1590.863183429653
-524.8535281657942,582.1543238553405,1051.5887563512708
-494.4583281253165,580.8462023576224,754.8646
-543.3586907493959,681.5439504912897,976.3878237117895
-494.43373850265425,580.8544692391619,1212.0948
-484.7216029520596,729.9517223563233,1203.9760771647314
-457.9059347902062,529.6283982548127,796.4800653150434
-494.6142375803497,544.2101721184636,614.3264793941457
-509.4872323346103,694.1161117262106,1074.2951953743848
-552.660759634261,683.2363613863367,1029.9610924302194
-529.9086434090061,578.7590932869148,651.9361822198066
-494.400095636644,582.0466469620759,997.5343575441954
-535.2939178000379,588.8270445852261,482.8835209238205
-552.7823084942765,592.1805349783342,1108.1815193868758
-492.6213998003809,442.9644549949988,773.4941911734655
-495.71716980699375,486.7070167779266,630.2614962451346
-289.3332472522907,673.589702870064,2119.798945165972
-495.82439803054376,630.7613284617917,1044.0969919906736
-532.7460312772455,684.9707219579511,1110.8545256540126
-477.5605795524152,580.4914364420245,938.6174310488491
-507.78187319682456,638.1974293326164,1073.7719091890272
-517.5304947120608,653.552832289426,1059.7154464793339
-496.0701741661492,581.687557953097,974.3024579426014
-495.20238818636744,597.067697220549,1104.5175532922995
-494.4632283908559,580.835090275041,834.2228000000006
-506.92652647565683,581.0712777526763,1115.230384451003
-544.555756796829,530.3904534268067,752.304277289625
-475.6562085036478,509.89836395552356,1325.8425050415133
-490.0414850457116,538.7513286055528,1098.0275766291818
-543.4419118269957,618.5066888368799,761.7529406981706
-494.0103158666175,639.1520599843252,1027.8275891643093
-494.45291738101514,580.8514997917105,1224.3324
-495.644668757815,491.0119876796282,567.2499923272676
-530.5934746614364,587.9087248510939,340.6294860108813
-484.1186110962849,580.0448052047842,1109.327040005725
-484.68502387531953,589.8561297458393,1177.5805965890222
-492.41847116977715,668.0575244516406,986.2705227244883
-494.4357390222726,572.4491953529797,904.2159911108624
-474.84393818573653,589.7615546499169,1141.172979722092
-485.5480521091572,570.043249880325,1230.3951059242597
-499.45495225202467,639.7611437720429,814.4088434505668
-492.325720927784,672.0046133560529,1064.8951638455512
-488.2572584920131,619.4870701931466,874.5597382124787
-495.97249344825923,547.2416695571171,905.8865265500273
-515.3951549784313,531.7966684009123,570.401166137224
-494.4531105598485,580.8549421036439,719.1912
-456.8670144505302,598.8806348404041,1065.6912289780632
-494.18333026537493,495.03244706213627,708.2456625081185
-506.4470322129978,642.017160865147,866.9372130905767
-599.6453119358464,581.6736685911974,777.1336456241746
-493.9836840922003,606.0340364048054,1167.3199988476274
-479.67060368129137,537.1582707832854,547.7798818228639
-507.25552313454955,493.082129844066,662.7747376253562
-495.5467915083873,550.3572055628085,783.3396336975
-535.406113872943,706.6954179454935,1341.5029710147498
-482.56698620915745,515.6777197942042,1072.2680837534424
-541.7882722860882,533.1804007151009,668.9214871423248
-494.44185499605874,580.8568245762228,885.9074
-494.4629163211662,580.8548909195091,908.302
-494.4765816402064,580.8624746112342,847.3414
-495.788642243886,535.3161309779049,1202.744518464368
-555.5858027354896,601.4546481781675,688.5068641642667
-526.1977651295165,583.1966830261007,1043.938498404751
-501.93165649947287,598.1071053732976,1278.1690021565632
-525.5780075500443,582.6772826408964,727.695618138591
-512.2642568290862,486.0020258854988,499.8104134628643
-494.2128837577443,571.0993936252285,757.5143694003929
-491.5407042748575,617.3803223921982,860.39763041117
-524.4344850901061,549.8760318224561,843.6995416257188
-508.94653889010715,486.3241684378912,950.1752647616536
-490.44868244170107,685.3937851183073,1223.635377945316
-547.846299845849,583.6031639382236,650.0723577431686
-494.46302309516113,580.8415372453111,1227.8782
-537.9563140294472,574.3119090043579,763.6431055300252
-469.65553429755846,545.2565379615577,973.1994186313282
-553.6821353133923,578.0146423765814,705.8789332513794
-498.97370307762776,621.482606640313,1261.3926263458989
-507.11414544987156,533.2061328100024,805.4574148366721
-494.4615306681203,580.8514415196344,1046.675600000001
-495.66838727169034,547.1958697172149,942.5910484606231
-506.077783781187,740.7181427850196,1941.6332927516803
-565.7939262619911,678.6222190409442,1083.3464386159246
-548.1153762926017,673.6860424881456,841.9227077945088
-487.9430477054284,732.4461886494587,1234.172865516021
-548.4640933735027,530.3107967289484,1328.1544907613993
-485.4236188156283,498.2122234975486,977.6883460228828
-494.46975620912644,580.8496738684266,866.6628000000007
-550.5319768865415,700.9258952236358,1153.212139365044
-556.3102343023761,577.8776782679856,769.9819488618807
-569.061651483732,598.2981644939589,544.3616353580142
-495.5366839337835,558.1759094642609,810.3102680320328
-494.01020996168563,590.5142659927541,1120.7520203570982
-551.4890142461563,692.72478153662,1173.9171765128265
-515.0512120303597,645.7075103005703,864.3154141956784
-495.9773303656659,684.5594563451921,1062.6003379029705
-515.034046301656,642.9589854355279,710.8667829076774
-508.19351951970884,491.19036592713326,862.6726935993331
-546.1903947322076,727.1956847641181,923.1673754560344
-488.00051791876376,731.1815188912599,1217.643501481299
-522.2348357914852,479.6111070350257,1215.1074243425492
-533.2637629843425,588.4384497794106,421.9180406839364
-492.96436656160995,566.8012695614889,874.5554522440679
-541.6539531267349,742.7986220564885,1627.4041750005836
-434.713941246805,541.4647674906664,1086.8365508771851
-494.46233844988683,580.8537465155807,798.592000000001
-494.45236926888583,580.8529312487542,1007.5840000000007
-494.43927454903906,580.8672734481408,582.3784
-544.535598622816,683.9713095774619,1018.1631431977306
-514.5797029218002,610.4667739875837,953.3567600750794
-453.9520215620978,579.1440930889896,1222.6240528140336
-549.9137176842689,676.8000396148932,895.6347714451632
-494.72817524878064,566.4526299184344,765.3879570214608
-493.68979011066426,549.1419901333193,974.3404683030717
-487.6275228564127,740.0059447172832,1333.3506858218134
-477.34299104563183,557.4444617768281,1089.793330085384
-494.4519101654828,580.8666878220465,757.0304
904.8928677258391,591.8962444942931,-761.194139258374
-496.3466168158966,912.8179727173922,1372.632595574084
-424.39528756047457,510.17313787447,1148.0152354550228
-493.6924225359321,611.811968275714,989.6902104559764
-549.4076430253808,698.491826471815,1114.6845871129406
-490.2769976660229,541.0666540842985,996.5127214404775
-494.1402991323962,588.4754475540249,850.2128096603844
-553.9614077839356,685.5389249690941,1069.8216585918617
-494.4716670182629,580.8435908608672,856.139
-487.9715213130321,704.3423774719884,1170.7014993448076
-494.44899799555697,580.8537768241799,739.8966
-523.918646392689,635.249787282803,652.7751628911046
-535.028717315869,530.9938805721126,810.5831776916914
-534.7130100386644,681.8851657413254,854.9148553028157
963.7671778865824,606.476939192378,-788.919231446569
-554.7467379561481,601.1773816940475,668.9241659238403
-482.20711753631804,568.1671862674615,627.9698912910231
-510.13216536966365,746.1645924809116,1324.9197137994772
-484.654629645308,588.5953041998123,997.7870935133489
-486.4585593789445,465.9826248398206,441.34251227314655
-561.5838082645605,585.2240793751993,1098.5997565635948
-486.03267929745016,570.6090687137898,1123.524045649631
-513.3301633110552,487.5936588122663,646.2340428038325
-543.3590330264983,581.4487657571071,876.9389967022987
-494.6749131157144,571.8681811078673,1011.1781722280309
-494.4575461272136,580.8466375358407,955.1216000000006
-529.6378571573064,582.9346106784147,921.4582418425282
-545.8391320342946,524.5634904068002,807.2861230394781
-496.2714578514201,605.7749120711436,949.7168936623352
-548.7739164305531,687.4066347525302,1082.4539911713011
-525.9798558250159,562.1541993363815,603.7037073993247
-472.0274894514009,484.5396724486299,984.457397575266
-494.45599804950734,580.8516540548158,927.0576000000008
-494.44281646990794,580.8449817383039,1002.5068000000001
-532.7319463736349,614.0473365373975,836.4847929837433
-487.5859355792545,580.4444344440108,668.4868069105995
-509.7687159301595,639.6357712774509,1212.3486936641038
-523.9995847245361,621.1361514777093,795.6434760628252
-494.9207112125109,588.9394329748163,955.693044969379
-509.31338742982643,580.8280155813234,1139.7180831487585
-490.40289795783747,683.9508598463988,729.231045408036
-494.455472921617,580.858437893459,819.4058
-475.6483186006658,589.3931853445329,1063.3174400796215
-495.5891365990992,541.367963536392,943.0334636071684
-501.23199268544704,583.5997473685638,626.6695605273512
-471.4066979758195,501.8490194445287,1489.8723555057409
-548.2744611952398,696.0683658300253,1076.156640318278
-517.877075296808,582.2364877552199,812.0601162756998
-509.3482003692261,644.8625470815061,1285.9176694016808
-554.7316543694678,602.6098435555921,698.8486593829368
-494.4814934324763,580.8367886904651,899.1578
-492.81907056569344,614.6201859036566,995.4840557005589
-494.6825678411378,557.2304570762269,800.2766503362052
-474.8687890360261,669.3999351859528,1444.2910664995457
-494.46128777690865,580.8502763158144,1033.5610000000001
-473.017152195755,677.8068338101601,1652.961269488398
-492.1742822642227,678.1216633262475,1097.115692647349
-506.8218642572542,534.3111728433144,769.8925032315578
-524.1302056604638,472.6838845604593,1349.8466680720283
-478.9159733620244,534.9160034195656,614.1303428007745
-494.4559327197262,589.4104624566465,979.8082786027154
-506.9994149780373,592.3452282652563,973.6460127023873
-568.4307634745251,699.0069999300067,474.77452105910004
-447.8667585417825,558.9388906947647,816.7211441264956
-486.1776362770902,505.07720123354125,833.9377320708381
-494.4552953211464,580.834702617517,972.9088
-501.88952843570405,579.9548437240351,1242.4868375840456
-547.5616039948959,615.7256286323629,671.5902562660368
-545.3374142971898,583.2895868183527,614.0220618258365
-503.18432074161046,612.3261627049674,815.1276976596412
-490.3302858786726,569.0526804432639,879.0134954039873
-494.20344133273784,496.3689862727581,685.1638617571136
-501.2618611661069,580.0275450155316,1073.3592271542873
-538.2466393000368,687.6499709910318,1415.8074326174362
-495.1359582973205,678.1712814533735,1359.2146112984703
-496.010493913353,521.696583071305,1116.3860718609155
-539.3138598457563,690.278377760782,1469.0642393063818
-508.35958425652416,634.2628601322888,1032.6906961247983
-537.1566844597023,639.0659043521741,1102.1921263170286
-494.8319230949887,555.53453266214,652.6969086271243
-494.46209112606107,580.8397336303747,735.3972
-546.5473232205104,620.9071582793943,858.1100693453027
-497.81862427444526,452.20695989068923,761.1844830942066
-540.0375539213228,692.0136995678834,1504.5693021087836
-501.089442409389,716.6211143906489,1049.0967529927402
-518.2278528383258,588.741379617526,965.7356161244376
-514.1678812959462,609.830702655284,916.8699400763156
-505.75364447519314,591.1865513973039,801.7300467473261
-491.40923527488485,508.39748599601154,759.3952036762685
-552.1646492009136,654.0540733285848,748.0365020682239
-507.63025046004213,637.53491006781,1052.5571327831244
-529.869953167562,574.5213573564121,681.7246933243781
-459.52268278248494,563.8844427280178,842.0878236757692
-508.0907118377045,567.8914345921434,889.3684407860055
-526.9399925071596,578.9360835999842,534.3882553663805
-504.4404391103376,607.6069409155132,990.6008061505299
-603.6087487362979,581.7072652716233,834.8119224718857
-581.0037913744175,601.111716935724,752.1630703868234
-476.0426290040373,511.364291885292,1282.8516118664393
-495.5668037183109,542.3784900163954,899.7483300563033
-494.13394689872575,588.1801595305806,788.0798034664044
-598.3230614273348,581.6634299886366,757.9076145084834
-546.1776532831275,597.5916079948045,494.50544140402417
-451.1159032612227,483.0630664975039,996.2179058443519
-541.3044888549327,534.6309666291648,560.4674455137083
-512.7445031741954,490.49318898895126,602.9101994406172
-464.3037450290376,577.3539483493864,936.9423019624052
-494.4575010999713,580.8588755404044,969.2006
-494.46963349540397,580.8448563360857,761.4015999999999
-449.624450515405,479.7429117465714,1055.7196400679343
-494.4659615361545,580.8545830714688,886.774
-494.4426561883388,580.8384782361011,951.4988000000001
-565.0296293063775,631.4351747413502,699.851712342613
-491.2224736895728,615.2867790615205,1150.9447907287567
-535.8545423264045,637.2961368243002,1045.7859487621042
-422.18335964594144,507.9208166137443,1208.563229873315
-529.685096767184,611.3852216177413,709.2388135871784
-493.53162119919716,617.9915978815004,892.1008706312484
-494.669166433951,557.6190116064015,776.3497930990995
-493.5585829673446,639.4390511413969,1057.856727341199
-490.001518121182,527.7720369891694,1053.5990427520082
-493.91781672093384,584.0576632209952,907.6567185098716
-500.61837504199957,463.8829105688219,726.7469686016599
-517.2196433762597,578.9809586599802,851.9517510903528
-494.02319945924455,590.0120851880757,1024.0465343635094
-552.0363206995876,693.7804902210937,1192.2100504403256
-503.5569145986101,407.66661255721806,863.6084026148778
-552.4397513663589,584.6351865393668,846.9958365831585
-567.239341042693,680.6213817705136,1120.7473993979131
-507.8930098636288,632.4622363409246,972.8049762554457
-491.9633791387246,687.6105767162771,1277.5621627238372
-494.8356336171403,556.2715724948503,611.2142733731321
-482.7042627749711,516.4013992277651,1051.8593220706782
-498.40920930865195,687.3689193461523,1206.011029325478
-513.8997613887825,627.2124251027171,892.4463412907195
-495.7038971477705,545.4366795497688,1053.150928242448
-506.2391106656887,524.075141234275,169.15573820404853
-494.5375269434044,578.5892054218448,967.5766826659521
-494.456202061328,580.8515060994657,1203.697
-549.4902009425318,665.3375808343931,1159.4248977588188
-477.1335810946739,580.4792195393145,981.0542032730331
-547.830463891607,648.5728072214827,635.5143550006891
-486.06063991822657,595.9930508941512,872.097658019561
1244.8150104822435,620.7666851386964,-805.7836007787082
-521.7316656989024,578.6096604753384,1169.7176751371612
-494.4584486853705,580.8461880487496,667.4681999999999
-566.9303356480264,632.820131897392,739.1371731015779
-535.1543442384896,607.4062205946672,1321.201629867438
-500.9523283107046,457.1096464802838,812.5244918250665
-494.55731589109837,586.1314628877042,737.9534295772069
-548.2394226008682,686.3429491225725,1064.1611501037535
-494.4501840489206,580.8590243824494,970.988
-500.9487725666213,512.8327466709968,989.7014387155359
-501.20559826525596,510.20307966198675,1057.1006806598073
-474.37702713124054,580.4161609265834,1256.8934155617496
-494.455846941592,580.8436136427172,854.8355800000008
-510.5286048169269,845.7845812390262,1719.9955195526204
-482.1412214944919,484.4069485630257,393.846889209139
-547.4163147040367,730.6336761480673,962.4930609060023
-494.4487635515552,580.859502164356,821.9300000000001
-494.4419813308946,580.8487247376302,853.5369999999999
-558.410259770222,584.1374391755778,927.7682532915646
-491.42000296429205,613.1371115409733,1031.5348077364008
-534.2806364494645,615.3659868670361,900.1074389981495
-521.5255464538166,583.570851880821,384.7153191891506
-481.51027579210154,552.6107967194384,1222.877985776257
-492.7755381330935,617.656618654042,1250.9812080773956
-526.6729666113597,640.3735522378524,784.8855146015621
-508.26707638057405,640.1952851438411,1137.4155859056893
-513.6629109222333,626.6670159152868,872.9385750081532
-517.8273752400205,578.9208374804664,894.3204416583578
-493.9243268479852,630.4941801336023,939.9170181407527
-565.7747287233351,517.4727009612908,880.0500624048457
-494.7735709041758,565.9333703837335,916.7710642839608
-492.91600684115156,464.19893753488515,538.3972997043842
-553.3115324807977,684.3869493272362,1049.8914001626376
-534.5228761232295,581.3467240861526,582.9198025045732
-494.47432209320596,580.8441746642798,976.7902
-466.5910919797534,624.4804254753541,1162.5618871401152
-494.45255693927106,580.8406933489473,975.2714000000005
-501.13130482844986,578.7989401801296,823.4337128021446
-491.64131146742784,655.1424513233391,1347.9789676334308
-494.44837074541283,580.858244439201,1071.42904
-493.01436379910183,560.7020632954318,1161.2105540504704
-493.9986778715379,626.6676617641124,1025.09546944851
-509.6089664768642,614.2279377615318,1324.890087944687
-503.04655233814765,581.3894680128551,854.756178753867
-495.61686136733715,540.8667071058068,964.6761251643794
-482.741871263147,635.8634335548564,1045.5286831892893
-533.6718516352503,562.6966099578635,1099.0932300307863
-492.1259897766481,680.2404774935299,1137.2144228113732
-552.2362474598735,704.5641868083047,1211.0037568307005
-529.5043964181502,578.1749421325608,960.1725554371972
-494.4688553561414,580.8510975668471,916.5662
-487.809208939118,622.2458817801714,991.4253179921851
-486.87746059216033,571.6783461309376,931.1562564038613
-472.38618145591226,588.1062492365282,1014.4331996755085
-481.93606461241916,639.64360006706,1169.0085887101604
-499.7841609930524,643.7484472826131,920.3907875371498
-506.90140235175,495.5685981622662,622.6650160941563
-494.4638688480486,580.8388812164762,1073.66952
-506.54048560294996,498.0510406708265,582.5551209238163
-492.9118860250376,559.3691822968385,1288.9951050538132
-252.14138967668987,504.1427562459785,1243.5200693554095
-516.9931721045764,679.5792560474764,877.4869747811007
-506.1726308069499,500.5393740349857,542.4456333984763
-547.1180185775634,629.5157343746566,909.6060151673134
-551.9632710065384,578.0908064748141,663.1422213115632
-561.4316323990688,585.234188985688,1061.7630724427218
-493.04550703888117,567.575675491406,785.5771190440677
-495.9784229597235,546.858700446699,925.6326723909551
-501.57994142208645,606.7928476492577,979.3449117866382
-557.6298679395395,582.3028356866714,562.8132242694669
-529.6724710430572,627.1781459507793,581.8606693443035
-541.9925931739697,533.947741473373,580.0650465235531
-492.90182686477715,520.1122150423204,853.6575955278597
-493.71077483247814,550.7164420430724,888.6140788285712
-474.1738953646477,580.9946702459279,1063.596674709045
-545.5742279806132,725.4856024696592,903.5038684621795
-491.839207387819,692.8852495145518,1377.8100485093328
-507.11684125463626,397.81360218616146,1138.9885589414212
-494.4596362112188,580.8445612080297,903.332000000001
-491.2923078358981,695.8506551045202,1169.6466910083705
-530.2906862169648,581.0399905749317,949.369422833363
-494.48017398765387,580.8322326935212,858.7374
-514.1078373114944,571.6394757789581,781.8439535490982
-505.8708319554198,570.0130029486571,619.4829462960338
-480.8511135648589,474.16466382973204,515.4931120880709
-493.91103129209523,632.647571841458,1013.4383309529164
-470.4901357155177,563.6190068681211,975.5608578027834
-487.69996593975065,738.7334982310551,1316.8217884105106
-472.9611294462147,581.0115372758919,1170.9408734532487
-431.27514192142644,685.0701140950775,1252.4275454144615
-527.6298626316616,609.6077030350436,624.4087976821094
-494.4039201595374,582.0286848351392,977.9014805709965
-535.2809922118597,574.7124248533528,670.4255271453611
-499.03542119470603,622.1171944937264,1292.3574567632254
-534.991589886572,705.519164910691,1321.697299825037
-496.13477181757435,604.011729252822,829.3125072909512
-547.5824971020927,597.0082798208954,940.6132816721247
-474.62819741778503,581.4788250370688,1075.0253552123088
-494.47151000341546,580.8580093809064,1237.357
-491.1060413835776,501.6703887660354,899.8601819072493
-568.8301518451408,634.1960888602023,778.4229565994365
-548.6059787918043,583.6267566894967,669.9075962988181
-544.645961740403,583.2377532912012,595.2122583639507
-507.40025109098224,532.1293416893363,841.0231076109551
-502.409549954215,599.2416872632716,1412.0266901889413
662.8801964786726,601.2769194362345,-776.1537009249078
-492.6923094675476,446.50675796696345,734.3116883469179
-544.5677015086201,613.7302936217604,590.8661927812501
-494.46606119343187,580.8445330908137,1015.431000000001
-508.67980843938994,635.4563652893482,1072.6146559132496
-477.3733197138681,580.4761618739578,959.8360775372322
-494.0027250850949,590.6078677030993,1140.093149522617
-561.4841627659803,587.6416801636128,743.6731237188712
-569.6406258817574,700.9401820711564,494.9187731775253
-494.47680764044844,580.8573604638642,948.9424
-614.2242230117918,836.1247960042447,624.4840321324991
-494.48864474957645,580.8583973499545,969.2626
-494.4551758908324,580.8455033129571,1100.275
-543.1710054248724,531.7850647737723,710.6128981255491
-670.8548806697413,676.2423551352031,734.9573096033859
-505.14315652561936,426.2677691764518,845.0062718320911
-473.9365531704707,673.5998909144383,1548.6262728015795
-553.0160126830738,655.1509137178659,770.5414988145725
-543.5530443202083,534.9085648004002,1139.5657570670776
-528.9815099009124,581.4121817632844,851.1327764458917
-525.7266403780452,573.1657689978458,861.9290673089205
-484.02569042560754,580.0398250057499,1128.1767126663165
-502.5279117569389,586.4037729374486,929.9516739956123
-544.3327793802459,579.660280073902,1367.3839313327985
-485.14995010378016,486.4331182636282,711.3042831800292
-494.4578829001339,580.8369594596661,873.6641999999999
-524.5674984431998,579.0796479104959,440.34983172926053
-505.0342208427696,590.569971692448,706.2212107550137
-495.7387882152141,627.7863634708299,936.8188134042518
-562.1440237421764,636.452228759251,748.5775865157193
-505.28390850123014,609.906192978686,1139.9471703312615
-467.09610162586716,467.0048492683677,950.6390854233232
-474.64935762229607,601.0507307638018,985.2742299254489
-491.29914493704496,546.3295388967988,812.1291543292824
-490.32745208970846,531.7944426197972,916.5780868894442
-494.4468347911054,580.8762471253135,865.1964
-491.11372825830995,548.5982731957783,1018.6152633773812
-519.1079768595896,582.2988154718474,893.091863369955
683.9907375705261,601.6461217113238,-776.5897497920996
-551.7734807179163,584.5815335460733,827.6404337236055
-495.7731992921056,628.9807337103578,979.7299435140038
-494.7156792413707,517.0680467625539,928.1953868426714
-562.1052142572089,585.2746689099308,1079.7950796388789
-493.9880376728713,605.7441173714324,1144.4296189239603
-504.4783497428348,435.75660217866243,747.0125211798563
-501.9033396839545,733.136749614687,1268.384596273197
-529.2800467744751,672.8761975060393,946.6496602888249
-531.68589070806,583.0528628720009,1018.3392220148726
-494.44445116566,580.8538050973464,997.45184
-492.1196305258454,624.3712355126644,906.1216970288673
-463.64022729684666,577.2814135012836,973.781892391418
-509.444102205101,606.763929287139,1394.4949061151522
-494.47839349680316,589.2898128604924,959.8998484511841
-458.70630681018224,597.9933786538627,976.6696405169972
-543.9493458727839,583.2136202973795,576.4025812122453
-507.9849911514683,576.4027884841266,1219.8106685271823
-539.054396106475,693.7264206127987,1019.5198993470657
-593.5290456512594,593.2312477973448,609.4981909822905
805.6059843829626,612.4020674096712,-860.6590350256774
-568.6064391446291,641.7505409974303,891.8088308887827
-581.6670578350459,690.6393424739069,969.3475764540556
-495.9923835797631,686.741046403185,1100.5636693760812
-540.8077675795914,629.0094393604633,954.4006916845649
-556.901803048127,610.8236194792057,950.2131627532085
-494.4570408050831,580.8443544995511,847.807
-494.2888727533184,540.418373599653,869.3689855065561
-474.62124734040526,589.8628397515108,1160.636616601316
-512.4819844759477,604.1423215016387,814.5172770601357
-498.8283595216212,481.1726978501699,1194.9533389376877
-494.4716420347345,580.8496230235853,884.3696
-493.3140936263535,563.3341313205779,546.9363393490162
-494.4465981434146,580.8605236758531,1286.2386
-492.93017519278965,520.8684717379477,833.7592221290455
-567.9722675243738,681.6171604062822,1139.4477315497252
-521.152631762664,483.57299709842755,1138.1137133036627
-497.76983076048896,453.76505971487614,742.8877706021552
-507.07749527374995,494.3245527764259,642.7198382140663
-535.9570768553963,685.9192096200233,897.0028516618798
-488.556793500024,559.3814536721145,606.2021212853158
-558.5935813682195,582.3298319568696,582.8076643118816
-502.5764720258535,426.57770999237346,687.1274548011742
-494.00054877624916,590.7084112114227,1159.4342462960094
-494.2867636722815,540.8985446905324,850.1923244457176
-487.71646643762097,622.809419302697,1014.7979678065996
-495.1653908650037,501.46449191111606,646.9347208030798
-539.6721151442243,691.146155661477,1486.816823960803
-494.4359473488694,580.8585772704894,912.7201600000008
-668.5308237153517,674.9887800243619,715.384948573742
-528.6870094493595,581.0341865643571,872.9700493658813
-512.0970327809041,578.2630445210689,1030.9303026398222
-501.32886762017506,583.628555354938,644.4947680498886
-492.0512787366574,683.3969494038615,1197.363550548561
-517.5742941132949,582.2232816768934,791.8021033507491
-505.95655974415286,739.2063492654886,1916.2850118573358
-548.6912953016081,649.6576999382628,658.0195542483193
-494.9725337502755,568.4820696764544,453.2056695380516
-527.7381361495995,572.6676958359565,965.3748770769071
-532.8838853191569,605.9212908565147,1205.1902882878471
-619.6592264908004,847.7060022194396,686.914488924432
-491.20347516501056,549.440454544344,972.3104403230137
-616.1311036774925,593.957981451339,235.88977168521401
-507.63348749405384,576.5120139231449,1169.0715009251128
-555.2558971558783,700.1676324645798,1301.9665751933376
-527.1394954769582,547.08471416009,988.0678610400576
-532.5161431175561,605.6770816734614,1185.8548210539172
-452.42375015887956,483.3230811782573,940.2634201223668
-546.7338749778805,583.3574590911144,651.6412793905237
-494.4593495564445,580.8501106320177,925.9110000000001
-473.1673119782313,581.0120717927327,1153.050209748576
-453.52172829418987,503.5173139538821,1166.5995774019025
-494.4534727887708,580.8419112887098,934.9718000000006
-490.74035866009535,762.6125444974612,1244.9809155379517
-490.79042097848196,529.2201731401383,1054.9702782408317
-511.2926761375443,578.3582832697139,948.5381596177292
-494.2502862195804,573.8861303362337,666.6779233353795
-471.3046145873816,484.47822913330447,688.9728806440278
-490.6455464773967,680.5946868948295,1133.1016431811179
-521.7696150809197,587.5075439160528,715.4909377321769
-491.2415338261858,698.5619886879922,1215.096980036221
-507.71789754330575,538.2855650631823,973.88303411657
-496.16313714657645,604.3047664473914,849.3799110895147
-494.4596373805466,580.5451412579928,762.4044464864152
-642.0491352149786,582.634838033473,674.7878415362861
-492.8327509624032,517.095743105611,933.2514951297252
-502.13434557604023,434.98414718364734,608.6916860551096
-548.7154055899694,674.711990805889,859.8271961439372
-454.6055747234336,524.9920096935955,936.4459514027349
-541.5013972832292,595.1524072058907,746.7951405415579
-494.4580668722433,580.8518389177341,1054.6151
-486.24837809250084,618.5313685643227,998.0228530717557
-491.2583348805665,697.2065261511743,1192.3718003544204
-563.2118908770608,587.8145912341406,782.0288698198051
-521.5764264868499,710.1323645991836,1108.7267443828503
-514.7204031967467,641.9952466899567,688.2438993876486
-494.4384045845509,580.8499945570939,850.5354000000001
-477.40122636705155,635.0675286639289,1566.3892297728542
-466.2731562495842,624.9695393936203,1183.767779197517
-494.53889247563575,573.7785319761385,658.8062612775252
-510.658747914631,847.7214778410846,1738.1123879635168
-496.7348420611122,619.6892464655962,1066.2163903019189
-583.8112739413127,693.3634424373386,1011.8647308133407
-478.23864318915616,453.7188779635926,758.7890832336734
-477.54072026592644,557.7065033879985,1068.9401201892588
-495.4608788775513,553.061176033081,646.8382207690698
-532.3388370186385,683.8931875184483,1091.4772466206337
-508.86310850017867,580.8268709843028,1082.2198340341754
-302.1580981453735,667.7722707748987,1940.4404638859487
-507.6954781755062,531.049210719535,876.5886503937948
-494.4573043452601,589.2085235288447,939.9912246769481
-511.3422904031163,662.7779782229195,810.6074290205225
-449.3885068342629,578.9457107760657,1445.5447758262553
-546.657523644933,528.2871359804631,814.840326483213
-500.6574837832859,578.9318196083427,710.1076500811804
-495.3116665636585,622.2588736725913,942.0952281315604
-531.8486844878462,674.6695547824177,740.0482395270881
-494.46306873846606,580.843570079845,914.4646
-518.5108684719717,528.6778678540295,968.8333772054017
-507.33631090223616,554.9267870683427,802.26765240378
-494.739704756332,512.5924758935219,1046.1353894738681
-499.0037818891028,621.8047069519816,1276.8749696561758
-433.785203528068,680.9320326663435,1173.1974405862884
-526.2115861610537,639.5121382090701,762.8674787983639
-519.6974375658092,701.1387885184001,979.3104910608906
-492.41171517501243,681.725960349298,997.791886998313
-494.2259706525938,561.3191880237727,680.449245055235
-565.6695042818537,594.2795454119837,354.13821711360515
-494.44705573234,580.5315201607109,852.9076473339899
-562.8758794460259,674.6439258821777,1008.5443566963231
-491.1459675796591,641.7468076466511,1137.636026044907
-445.4595207114796,557.7856915358757,898.1844466260113
744.784912512343,610.9383711044377,-855.6079701718863
-503.14965930831977,581.395297793739,873.8199132210399
-506.78299947749133,494.7631728870945,651.4104190745757
-508.8904156068197,612.6880043254953,1228.7749600244115
-487.73825521620347,737.4828203908569,1300.291603271749
-476.55962278434436,556.3847951892262,1173.2060418760266
-535.7348923988061,586.2690867967812,494.6803029985157
-494.46080760136465,580.8286533153382,851.5132
-494.6148463925715,542.4855074129621,679.0650435926032
-494.4417991969094,580.8681403339726,578.0574
-487.0829997570322,580.4181740030865,775.3018782220088
-533.4766665477905,532.9051476172965,750.8522582898969
-521.0220916564899,583.5279052483351,363.6805691573381
-495.2793885592678,621.2755437993876,901.4589750547734
-494.46163002921367,580.8461714835183,838.5272
-492.6577456124701,662.1959517963764,1092.1588230888292
-494.44333784473883,580.8524510940064,975.7471400000009
-552.5562582916846,608.7423687050605,831.7681128526382
-495.44430747483193,473.041852521183,1107.6715118470972
-531.6384480328081,578.0178281506346,1064.9547573821346
-511.9972506133163,603.5133131810094,772.4105315991108
-614.0469977796486,593.7290236941408,219.0483528924685
-518.60019268974,563.0879126599995,541.5441091189439
-659.2497270978092,669.9599849159263,637.0947931550093
-492.83377796735545,558.2337158728892,1395.4819156022177
-496.08450595759496,519.084579327543,1198.7082905157365
-482.68722461297966,555.1604025999472,1044.1042728250268
-494.4624655904677,580.8449059143794,807.957
-549.8228522679142,617.207619067502,732.1331371723736
-569.8294525548731,589.5755603402224,443.7453031756798
-502.03089989699583,608.3478244791711,1083.3148652314658
-472.38074846822747,581.0098434193676,1224.6132061985845
-429.32304018029936,494.8831887914257,1010.2922076955144
-494.76676753733636,563.9730045961159,1027.235205024662
-492.744300681263,564.8857259346146,1097.0015029129845
-494.4562523418558,580.8407723727574,1107.721
-493.68378245568556,612.1848690193799,1010.9405073217529
-494.44395893967976,580.8618551517525,1265.6032
-494.46467806133205,580.8448683113827,819.540000000001
-555.173537526101,526.8949890105591,637.4345394844017
-509.30899929191787,606.5152471355577,1374.4025290086975
-551.6666176171689,703.3607833736022,1191.739370393657
-556.6727695052668,584.9014863002341,963.1202997369703
-494.4605572432638,580.8545755990403,1184.8135
-506.51855899927,542.1769392964952,816.0707369887486
-522.5126049661203,582.9295358065261,836.2367781593084
-494.752665759338,565.4157415154388,874.4909195449345
-492.8356587248227,635.933925095982,1055.399824083507
-506.4588993083123,582.0294608825923,1502.2629255277998
-494.4592918020194,580.8563713412069,947.0716
-507.7012900306222,488.37193971401024,755.5841779734951
-509.3794589318277,738.2386595084406,1225.3567381400337
-450.32695050526627,478.48579962902204,1024.1370854606594
-494.4753245250831,580.8294136357854,993.1414
-487.9133105441997,705.5840267452993,1190.0747116540917
-483.3689968616677,520.0398547695395,949.8160655098386
-552.4523202822418,599.6173114587341,645.7936976537384
-469.087262273601,544.4439961513739,1012.7889904807008
-582.7311571943155,692.004423157618,990.6063466353879
-256.4598636166493,505.50917729200546,1207.9984213666753
-527.4088875824041,624.1881410690228,495.7636268732459
-501.19766130166136,651.4783772203664,969.813804697138
-501.04556756342663,578.8302972394399,800.7684587923089
-494.4741511088587,580.8434964616863,893.6894
-523.3706328219978,579.1474160482364,393.33098907480513
-495.2549815338025,544.2198583567581,853.8619477432966
-548.3311712089692,616.1982999746533,691.7712514254698
-494.5670826195628,586.4241413121188,822.5166620982864
-498.3751853597846,430.4376125669432,1017.3420373539518
-494.46819291058955,580.8464078687869,815.8542
-541.2720852976488,629.5184013764591,972.1398559171972
-494.4571909352667,580.8419967920131,794.6514
-492.94217282663976,614.3539943623609,1071.7190662883784
-494.5578586317172,586.4903054767349,843.6575034516259
-524.360409006355,583.0572733485184,940.0875533191976
-538.4527991314362,594.2395792555909,649.8861725771254
-490.2716997678881,531.126911700244,939.4149985984527
-494.45814642545406,580.8513453246096,841.282
-494.457777409081,580.8434327090299,740.2964
-539.7684572226303,635.2039174512979,867.3334688237383
-535.9576941873529,574.5817101538478,693.7294923355425
-492.2001771264381,623.0303829384512,855.2016176267593
-535.7927026417785,581.3552107605335,624.9223211897605
-544.3887319527105,597.0012461688048,451.2802293202593
-495.57577591551853,557.0499585696721,888.0704690983221
-494.2511401896852,574.415320948907,564.5550699333118
-517.7717174188688,628.4485817152279,1421.4737790307697
-654.61699704373,667.438962719152,597.9492981400823
-494.4565868166974,580.8467057071429,882.3503999999999
-496.6854429773746,618.6812886535035,1019.522304286353
-494.4633498456508,580.8562769683933,669.1302000000001
-449.80850967594915,477.2869025097966,1045.1064424114063
-494.5352084861579,574.3908419781376,535.4102275541037
-561.2555743399923,612.8963827344483,1068.6580327507074
-509.307644915064,483.8986148213943,993.9271816044866
-570.8547295087299,702.8920465299527,515.0609779703499
-494.4510271324498,580.8499039701907,668.482
-495.6239209398004,540.3694908750825,986.3189110090896
-518.1734000619804,582.2526977483245,832.3182232120538
-520.0064319979688,702.6428249682056,1000.8796169090215
-494.20403351160576,589.5109965300226,1067.464740038567
-494.45415593353664,580.8529394717951,1006.73236
-501.6617696002486,656.4955388632693,1091.696910488838
-493.89634690029857,633.1953630014654,1031.8183651205973
-542.1014772460135,595.339558685551,766.1771682959561
-474.68884454921,670.232291777989,1465.1584227940311
-510.7069168531309,668.0518460099997,1063.0291568550522
-494.4556825609093,580.5356157626361,785.0302450765462
-494.62910110536905,540.74135590793,743.8029518491613
-539.949728662993,541.4708359466997,776.5984722677433
-435.39800654535384,541.9109819012076,1065.880411794547
-507.2841260826867,576.635532778897,1118.3323508406406
-492.9492070620811,559.8032621967864,1246.400124655339
-538.1117753835208,633.2211295895131,808.2151588776358
-538.9530886120967,689.3908728398367,1451.3125370167375
-490.0125582652595,556.0755709552841,762.96074720449
-451.5908894447016,429.5223328612444,992.6625546433248
-495.7431242604923,589.8649604861812,1167.040130982063
-492.1563952114989,623.490015491402,872.1746575014689
-494.4514775665275,580.8504787203958,1069.163
-496.53281004913197,941.0479376752585,1553.406157697855
-446.6163578959763,411.9111949437031,1195.6970501559103
-496.0467910961122,581.6939278403256,953.7826538466438
-546.8979118462207,671.6024300023014,806.1154643783424
-494.46683508291426,580.8385866380047,1260.5546
-457.14682895046735,562.7045937646226,951.091896538948
-459.05424855146566,563.6354473188071,863.8886357544233
-471.67993952358347,588.3388157478985,1070.8918048499436
-517.277919222176,652.7706745046227,1040.1754015246822
-507.74752490931814,576.4924155256931,1185.9846161465302
-491.6817358725266,583.9983195241598,1449.0005083902888
-523.2972440341712,620.1505400368285,757.7234869790062
-490.5052587672842,569.5806560881674,808.0582331592437
-490.1561043853076,690.4460426898179,822.5469231197203
-522.9246969726651,619.6588770268459,738.76384767758
-493.041156402292,567.3514624737822,807.8213645434478
-494.4567573508241,580.8543985320839,947.1892000000007
-482.00827629039577,567.9591357916514,650.3038501718886
-495.3270070885642,541.1204463549593,989.7943576941753
-494.4403552107351,580.8408148851292,864.0436000000001
-494.2580399987544,574.5076603638811,544.1304314149958
-429.42319261698003,598.8966607943469,1107.2646631624386
-508.98677289134343,479.41643669633385,901.4268148383569
-495.1787905165029,499.1840563011199,686.9593894015741
-487.8005482089602,736.2074984965191,1283.762841095817
-534.2356960101174,680.6799717296499,835.7705690736794
-524.2681987043206,582.6114978842483,1237.4778108655462
-492.5317367392472,675.9327492485936,897.2718439722616
-565.43389811622,585.4973354419587,1169.956266186002
-492.71424877592517,660.4738979726139,1053.2439757172026
-537.262804329566,543.7904694284077,686.2053310271849
-511.7076746078901,865.2038909793139,1901.161034061362
-494.5311862202425,578.1961643687089,1269.705090831732
-516.5379434480703,471.7183991465529,884.5215183176371
-494.5322142071104,578.3117175306784,1183.3826939182504
-476.31088313632426,638.541563162587,1714.9792815515893
-481.870292907829,580.2211984551858,932.3772829629871
-517.9748166421818,729.1754629808565,881.2769450299933
-494.47309791291445,580.8458916605892,972.54044
-498.70436970442415,694.9325152181941,1345.064017152538
-494.613750892564,543.0561348905576,657.4853791532936
-494.74495455910983,566.7105176167715,830.4751375291851
-558.0289555223612,577.8041332454825,812.7186739995802
-495.1825798023506,587.3557597919901,723.1457982464689
-530.3613012348492,578.1066184255851,1002.0853604931533
-523.9704417936734,579.1147454355084,416.8403640114571
-495.3295678905379,623.2537340591828,982.7311826917481
-509.93618674207164,498.3809226008584,336.37026244522934
-656.9354937516223,668.7064882138106,617.5214240964094
-491.43798927005673,548.9451246382221,1133.2718754488133
-490.60608929871796,768.8049351114817,1313.0620611898303
-519.9504894779047,525.5464806196042,1071.6198931835306
-546.0858599275296,634.5209565553856,1149.5297676089529
-511.2693471488801,491.3107254056479,429.764966851459
-494.52320790155136,574.0159561214153,818.5092292167773
-577.4118664138355,640.3471878516689,955.2087856404014
-547.0936250317773,583.5620803509596,630.2368635568386
-485.80512266264304,493.05371028305956,608.748641887667
-663.8967413713799,672.4755148539721,676.2391451567898
-492.03433339577487,583.5949331237132,1177.9817483112852
-490.60614583472875,681.8011008263416,1155.7346444409727
-475.853984373658,589.3130184605129,1043.8535461587603
-494.4594954853019,580.8552360515121,904.8998
1303.9924388872696,622.1313026490259,-807.6512759448269
-494.9066663751007,588.8386609323961,934.6242538944949
-564.071701320438,630.762382888814,680.2087073325856
-494.4624625903393,580.8507549809799,806.7782000000001
-573.7777896299144,590.03851257302,506.5206224890544
-513.7091812034973,609.1967812956985,880.3836454923367
-510.2677028112953,700.1231893602617,1171.0720292055196
-543.1569609223247,579.6876392319907,1317.0224782768673
-494.4471716737444,580.8601173545667,718.2368
-560.177868593011,593.254554525347,268.8390211106008
-494.18418724083676,490.9476061912251,777.4864512812053
-493.91596048350834,631.570337097506,976.6776904497859
-471.01386923365044,500.4070078423133,1530.6685396571
-495.97864392559677,522.9949741508881,1075.224742333269
-530.6969047191133,612.2695558816913,751.6542965213632
-502.31788557718846,586.2615773725211,888.2549445494292
-494.46494434975625,580.8532530765555,828.9736800000001
-545.9407626233224,529.0036597212393,793.995893268695
-555.4210792330232,577.9292891294654,748.6148176510721
-476.85741107964213,636.8111493934036,1640.6840382457497
-494.5577216688455,586.2687448944703,780.2350879015164
-495.7621587941942,589.9691121145534,1186.346296294431
-501.11795952748344,511.092664585075,1034.634812476766
-492.85721705133847,634.6977288989538,1014.7000946258363
-504.90147077777465,590.439740297657,687.1194045218282
-527.9008327158531,561.0218227973971,686.9362580915447
-518.7930878001239,582.2826719805422,872.8340343699476
-501.44689661703023,724.1280449967453,1148.7731104859363
-506.62571209372413,496.0282385689059,630.5743806482355
-493.74222798763185,609.9174567431132,883.4393751189965
-549.3241995545941,675.7689842521968,877.7302079747113
-525.30211751139,637.8004135210931,718.8306688896437
-496.59676556525096,617.1878013910064,949.4806339170326
-468.5151076799475,543.6179731152259,1052.3782243299347
-476.36633245636654,556.1234920591669,1194.0593107987345
-483.9286426047356,601.7951831332255,1270.6588789218479
-514.3812801190297,610.1386613999613,935.1134178222667
-492.7851679004634,515.595918652139,973.0487880417281
-520.6064073649115,485.5546540902833,1099.6169458425054
-543.5457556224239,579.6782756975144,1333.8096826567491
-490.1420045000077,568.5589227647943,949.9690504570078
-478.4888864459615,455.7706273214526,734.4600722381327
-490.0822829043923,692.0830943716521,845.8749761691599
-548.7565990223829,600.4385017623929,554.7521082970197
-495.05764250777975,590.3516591056598,1157.8631617207766
-495.98787852392957,685.6566716922446,1081.5816608439206
-491.7912604765065,614.0583196242696,713.8708833378015
-494.3045566783435,541.3740183635487,831.0155323007809
-494.4694882033275,580.8444601086863,709.15092
-545.7534846753247,532.8551870950537,1223.3822754942194
-491.6928863770561,554.0672827299522,717.6338051107414
-492.7818188873075,615.4491666716358,1038.216792616296
-527.2109412819023,582.7901231692582,805.2004857687042
-501.63752813908104,585.7707882945997,742.3160798610752
-539.4852485018785,735.337753682435,1517.7801812296498
-493.7033749138195,549.9310825456639,931.4773122575875
-494.8926280060248,588.4411144069627,850.3490389093772
-487.91335998941076,733.687772487548,1250.7035751390222
-494.4591740825638,580.8457712901281,613.6651999999999
-494.4644722188991,588.9104282868396,880.2656199769242
-552.1214076016681,492.50204283039034,880.5644535465315
-485.0283185172807,725.3578151224539,1143.7061261308538
-494.4197932945576,571.8290250359199,1027.260406781774
-495.32933939240047,599.6107346888148,1395.9489567002788
-575.7147111432978,710.6402312390273,595.6353709090089
-568.4262179381401,594.8050041565448,396.78692069038254
-536.0579664954898,529.7310828967209,850.404352170681
-493.7997244426906,584.6987070802027,1240.5629714937058
-472.8110911552999,487.9178081499321,923.41953877951
-501.54572535163834,595.621904807185,745.635437754003
-505.425898111122,731.6729536515636,1789.541210818537
-494.4538931869531,580.8506196670376,838.9440000000001
-522.1666450354978,587.625835977029,737.384027445483
-516.8910786122678,626.6821334279878,1340.2079391858965
-491.77798347428734,583.8960293511188,1386.4577502218867
-526.7448241457416,666.2398043090216,824.0266084530332
-498.56877676261547,487.1111283396633,1078.8341068526215
-494.46690784931343,580.8513363355163,788.032
-493.7460620486563,609.5330044005836,862.1893243720078
-490.63455072400893,767.2643911785178,1296.0412916032415
-551.3103280316327,652.9592446683275,725.5315236710318
-494.462869720066,588.8138902108707,860.357071181312
-474.3372871322854,511.7783923406108,701.1310776272157
-493.87781812496587,634.27410533524,1068.5789543169121
-495.5176364008671,558.4631748132065,790.8703139255789
-494.205918864405,559.9552475443949,780.7092944648903
-551.9243684306009,606.8802368389156,727.5207665120112
-494.46821992067,580.8725421713821,1254.8715
-541.2690657235094,583.9052477157228,654.2333795808481
-666.2129957118677,673.7256792319915,695.8124995933608
-488.1704876999106,620.0256879734368,897.9333708973747
-491.9795938644006,646.3316624972248,1099.0304655971122
-463.31505757859213,577.2378385651955,992.2017860199039
-471.931044955988,588.2545302746278,1052.0724920523933
-517.1010562600609,723.4998822659741,818.9333729108193
-494.4743681498385,580.8461255271477,1008.1986800000009
-495.44306677919303,474.34929227829804,1085.2153578620819
-533.2569213500983,606.1774891800356,1224.525513134093
-492.50038862527003,552.7909590034662,1113.8211580934924
-526.1298165564544,573.0661523522424,882.6182112739181
-514.3665891269095,541.466196630909,648.3088502847792
-494.5297541577647,578.4543579140891,1075.479694924773
-494.45686461601963,580.8626409181088,956.015
-494.45217409192037,580.8561938435464,994.521000000001
-548.4931434432817,521.6720783946153,888.160051402566
-494.45685882239263,580.8542258863895,1091.488
-494.47394795328273,580.8424573424977,1012.0310000000001
-565.0742742968271,677.6175765877992,1064.6461338647473
-490.34010750209313,541.5288815052386,976.2097728559833
-502.09231344847103,598.4890240159748,1322.7881888340178
-502.22471569193476,586.192115648689,867.4065118184069
-473.3797862833776,580.9926768275145,1135.159603604717
-494.21687510359607,571.3789841854639,714.2431683550831
-562.343707864005,587.7207127185737,762.8512245530945
-564.0684900765154,587.8978045114311,801.2070832787156
-457.4277339114942,528.9751306830449,816.4753659872392
-501.50872028939966,580.0078996399568,1141.010291208224
-494.0031455300077,604.5415292150087,1052.8688340795884
-494.4622994564934,580.8544621344495,955.0120000000001
-517.5514331051511,628.0059193829804,1401.157347527256
-496.31862351656946,581.188164857921,1242.0123121047611
-494.4154147813515,581.9771201458856,919.0028481702219
-525.0013050467226,562.7486498923506,562.0883114721452
-495.66547916552895,589.3187259959122,1051.2027016291795
-444.8500796025901,557.5013530895285,918.5501096212196
-492.45888592559277,666.0844794917066,946.9581578071999
-508.42375074080246,640.8605247235012,1158.6302130183567
-490.54369687589815,648.460267914119,1219.111978650886
-254.30584895405218,504.8238658624946,1225.7596255562476
-430.6474374727195,686.0861243662339,1272.2363393099301
-530.7042844837306,564.0807034687591,958.3580551351071
-494.438637763486,580.854790737337,1063.059
-514.3900712624522,571.5000445695114,804.4320350931541
-469.5587741263041,477.1913694649238,798.000146361722
-528.6477104215578,578.2254584234684,918.2597181470879
-494.25303446925227,574.3073416658622,584.9796300050397
-487.47980673485654,580.4423064679997,689.8497935739699
-546.0719450028532,614.7294715769278,631.2279053499547
-510.44837014561745,749.3290285892192,1364.7452609298534
-567.1802606196129,589.2752405478343,401.8959935762066
-494.2101292122179,559.6722582112278,800.7611137346437
-555.9175328235701,688.9554599308735,1129.6144196080566
-556.5548307454605,690.1154839610124,1149.5446197738972
-490.62243418366575,544.3034102347915,854.3918408124064
-532.3137473244342,675.8695842459745,759.1931036891256
-494.45512371526183,580.8495608552157,985.2354
-552.2664424478694,552.8312415603409,112.96421705414565
-621.4649298340564,851.567580454991,707.7248376153333
-436.7438411918215,542.8173961131645,1023.967698565458
-494.16062538909864,587.5523438465884,459.23128059445725
-490.40048820386437,532.4717229331194,893.7415282612665
-494.28891937799744,539.9352628520824,888.5455636263229
-521.8912021774477,711.6376209633502,1130.2957116525529
-494.77989551761493,604.052749849875,901.7696547512969
-550.3788335445442,690.6156768243459,1137.3317061127555
-521.0972043784682,523.0590770126587,1153.8496489835813
-516.7872370885502,651.1904602711649,1001.0958015109547
-490.3772264926099,541.991428014664,955.9067595092077
-493.5429876847393,641.6268664327299,1125.5218231333508
-545.7026926837711,669.5149859774683,770.3077825673225
-541.3023622306973,540.2934387810412,821.7941804800936
-543.9422599832076,595.8925296413382,824.3221777286802
