X,Y,Z
-484.555829696204,579.2419351706005,1071.6285175784892
-502.33417881944524,607.8528183353612,1104.1217103787508
-531.0221914208973,627.8597705599125,624.9347314997485
-540.3112745939234,586.049924139595,626.8670173192046
-548.1778478031185,597.3687896440174,537.7337837582577
-493.2120172505656,523.0642363890807,754.1307951772062
-496.75447012965105,946.5504845233088,1593.7038628144874
-500.93565495156463,645.6753696713226,847.9697167669433
-494.6588738392245,580.0431609964176,848.1956
-494.6682886765079,580.0428203078268,794.6298
-491.4233351569801,503.7483826641098,839.6187918256369
-525.7007549967007,561.6384340146849,582.8789002686681
-496.55215061951685,908.8971842414423,1352.6745400779107
-523.890076398895,558.5452867481046,813.3552885538302
-495.52529760509606,541.3379392101078,944.4610677265638
-510.7553007940171,666.3078033322126,1043.5014498254527
-524.8671656820361,659.9124825196609,721.8824928748318
-452.8300438610686,501.032472405583,1208.2823869519273
-494.66914126149186,580.0349242372154,655.8756
-485.72654192426535,498.39954255467546,957.1041097407269
-494.6059656646257,581.1945217248766,938.6362408454893
-258.8177233148449,505.3825402487739,1190.21528981596
-552.0160462495137,697.3425285705731,944.2844502672878
-491.19790932113665,531.1131625877865,960.1705041263501
-494.1812986356408,590.4033354248753,1256.1436797171039
-491.4917536226012,619.8958221778182,1006.9469354556502
-493.5472272782197,562.8098862314268,525.7195058310701
-528.2271600534577,582.026782255649,843.9500611529971
-495.441075912556,596.8420201759955,1171.780133427851
-501.00032410016365,582.6185141164651,537.5439538655817
-490.7887392708144,647.0011503210123,1199.901028941676
-481.31604248986696,475.4309041157944,491.08698240288453
-513.4995368102959,607.7621005267271,843.9068593359934
-509.38189691104526,579.9180419297286,716.8333736610253
-495.02622578054365,556.5828688460997,548.9726246949359
-563.31862902284,629.2769719515852,660.5819220880245
-494.6559760900923,580.0553950514357,642.912
-490.9819759869506,760.2683858450584,1228.0111125277717
-494.6647021942283,580.0441875682848,914.8220000000006
-475.24508180221756,588.8749417588397,1121.7145377830318
-490.78572391265016,769.5690550006182,1330.1320757225808
-494.4727462450196,600.2389656349446,935.325670995931
-513.4293633877664,536.0761946147445,433.2836874000052
-494.6769830349026,580.0374781940924,1066.39312
-494.6653788962449,580.0287403932234,995.2264
-528.7457211246071,571.6713584559438,1006.7443411587096
-477.4303488247692,634.8480633544534,1591.184937319176
-556.2105361863776,525.3609116137899,656.0576939355149
-542.6939527139648,531.6693751745372,689.7360632906344
-494.6563269013127,580.0419970509113,1087.3996000000002
1850.3525502120065,746.4795225692719,-850.7951634051315
-493.50942187058195,562.238907993385,568.1267193715911
-523.6602454330286,633.5929939968569,630.7855921827816
-458.77215872011584,562.5962075852738,885.6831522427824
-498.2314916739208,443.6291281348528,852.6082090381369
-491.0018897881514,758.7244582626224,1210.9905450425886
-494.89410317165857,570.7534722209555,1074.0920393255726
-491.0570944434917,529.0782032556244,1031.2481628087705
-509.0443993590079,635.2455217926024,1092.6004488872609
-473.3196566702559,506.71021185172947,790.683291879592
-542.8867343457091,532.4569021324181,599.6273089624556
-536.676664070892,585.5575345397157,516.708712659162
-550.7108622710289,694.7009517747932,905.8933812008815
-494.6559756511256,580.0444868712356,1307.983
-496.2546703133389,601.740142469767,728.9877794154587
-494.75723637400097,573.0547540695825,638.2361271723418
-469.5863080694726,544.0295437203293,992.9794174024578
-494.65787194407767,580.0538831928104,969.7217600000009
-494.43618403281585,570.8622206571204,670.9651858272637
-496.3461873462729,580.3514721520069,1052.0313295019894
-493.1055185080427,558.3360119773984,1310.2821647448745
-490.17157095057473,554.9046504792336,784.5069470985366
-494.65521869885924,580.0397842157594,933.4554
-498.15026979526215,446.7296706506232,816.0135684031488
-494.6623463865394,580.040654853255,878.9476
-495.4370917176125,493.8434793350266,766.9669515446753
-508.6080053585574,580.028540431688,1024.720050475584
-538.8447237822177,525.7524537664274,949.9214376682839
-476.7129800379121,579.6597123622576,1044.7113882525489
-517.5964415368749,724.6069722014324,839.7923253346054
-485.4590618357388,587.326751068402,890.8568756326376
-508.9684160181573,486.7387514857852,928.2459873675818
-515.1786311342848,570.4255723534352,849.5985436592609
-493.03170718279125,635.7430297273331,1075.7737220138158
-494.67573296889987,580.055861633612,1272.386
-495.6953481843261,551.3497826488629,692.3129940693011
-495.8400085343337,547.135715851171,924.9825815646135
-469.06529687682064,473.4552404989249,841.5553755577093
-494.4495158353561,572.990037183506,687.0984929940902
-492.5523110599015,670.2075775831577,1045.2959423126376
-494.66966259595984,580.0388106036165,1167.7996
-495.47493301059285,619.4764471027254,860.844275330089
-494.67073037402224,580.0549949978092,858.1650000000001
-553.3737735822783,583.8658332691508,866.3438967787193
-546.4597460409682,711.1356853362255,1305.43759649503
-505.4031046739192,589.8798134186461,725.3262903345626
885.24359725248,590.9505608740953,-761.1845379081315
-450.1465221630642,422.84426022404955,1060.264916139632
-515.2425742916912,531.8516437628282,547.5071418189505
-493.1512307334697,565.8111945726487,896.790986015299
-506.89865142967415,540.803852392703,838.5883147370969
-490.22985522714634,692.9144630297358,869.2573536248519
-542.9270439525374,580.6371550295651,855.9319476890519
-494.6561880056747,579.6917357833095,1011.2880356427085
-449.5915786792739,420.88181890240935,1082.823665743593
-493.23123510443907,523.815343912706,734.2321947835034
-494.96967184601226,565.5120160319684,873.6139910418033
-509.1502906693345,533.5789603086073,1131.6681906402687
-494.9028422505621,556.069994913054,824.1866487281575
-494.6719565395995,580.0445052142513,1016.50626
-484.0431864491152,579.2014697888824,1165.8766596074079
-286.0353973655674,674.3698712143289,2168.7412193514247
-495.94569771052466,588.9882701967713,1147.7378306095718
-476.03237847358014,580.6296482887218,965.2279077908902
-494.6560701984031,580.0471113624919,1067.9788000000008
-549.9763270131141,598.7000585475824,551.4295441039566
847.8211362539678,603.5493780457384,-774.3020667677065
-483.3988022733404,555.5102220847184,964.6387946355783
-505.7538742974498,732.3755369936598,1814.964553124534
-515.8653187415739,644.0846274859227,756.1503811779356
-561.7667522375757,592.7020549731742,290.15965527335135
-492.14946200905615,582.9017204741267,1261.3735920941815
-500.9687299502825,578.0930253994707,732.7703264867342
-495.2517795465037,589.2508620370884,1098.312201530262
-484.4488965235355,589.4676148584638,1264.0511425469203
-528.5880326365893,559.930375995353,707.7274376554261
-494.6759991673689,580.0445629476305,840.4880000000011
-476.87771491858484,636.5867810706338,1665.4798153281786
-507.4121285780957,645.160731940388,971.2091829907307
-494.6617212420688,580.0365842642304,713.37
-495.898808400073,545.0551962418447,1031.7758683665188
-561.0919655096204,521.0135110796958,768.0345925861952
-524.0016620413612,587.210511000945,824.9570053402765
-494.68082486054846,580.0363661943233,1008.1068
-496.3275985651817,602.909377441213,809.2574899657262
-530.0741230063836,580.6140790130922,892.2833399150593
-492.9296428595949,615.8918046581646,1102.3326461840345
-482.9372732236261,579.4547053423013,816.6244322746553
-495.9200415378764,588.8926899377293,1128.4316255041879
-495.2933800526512,564.8984126471108,725.4878539351038
-526.8945119949608,581.4284136988218,1160.2358740403424
-494.66078861534015,580.0385213640741,1151.0692000000001
-494.6454459453653,580.0494951315779,763.0210000000001
-496.50894879572206,580.9970444934074,1220.540258522603
-493.44460061763584,561.088314005885,652.9410144890045
-509.2341550735489,605.2120218951154,1334.2243643640168
-494.6738775573608,580.040820473741,1025.843
-508.0713658957584,575.6534182351506,1202.894445784474
-528.6518762267751,669.8545353102895,905.8182201138266
-515.0111811210577,479.568761072479,754.4744001427687
825.8583092846711,612.0819071762055,-862.3430332732314
-494.7465033897065,573.2735814962136,597.1041898867765
-480.3831623752382,537.8137925784849,503.51333001852146
-545.5403612240775,555.3768196912165,9.240910529330677
-490.6686536345319,648.9873957639027,1257.6202992908418
-506.52480102773416,580.267255749358,1025.0896520780127
-547.4869375539176,597.8543025995795,492.6803881705754
-494.8278794360158,540.5170455983543,722.1965641955205
-494.17250860026843,641.234119623241,1115.08212825765
-494.68394575623006,580.0281105633323,912.211
-494.9510762976963,565.0327951642295,830.837826322123
-492.98803531244084,555.7831209937588,860.1412131397369
-499.3403016405441,622.2479229049279,1338.8168043481674
-516.9831617236514,587.4560876159583,860.167299150165
-495.88629426844795,588.623529629413,1070.5128864236267
-494.65627344406175,580.0385450086219,854.3726000000006
-494.38489254583374,586.6344204421841,440.3690880940828
-516.674504992021,624.9756504876932,1299.5938489887858
-560.7404030713528,581.5714003747519,622.7880823378973
1205.34202467047,619.0495590063736,-804.6407808926579
-493.2995506854081,559.0871989128157,801.36620349214
-522.6976613509796,551.0806886415032,740.5595723026636
1367.5928984089878,612.7219587276652,-806.305450422682
-494.2301565111952,634.7933770638592,918.8213632747854
-494.4445338521118,588.0779358266993,935.8842168174026
-498.05365296406194,449.8391215180579,779.4196314627666
-487.8621193291892,709.7612948989597,1267.6285206496161
-539.8849191790744,593.7947563075908,688.650431174573
-493.1401880816361,465.17085514331046,518.7340180169347
-502.21678256375276,577.7085881493704,1027.4179365346404
-495.7175403762699,514.8560185142351,984.7242680517693
-494.6640651802352,580.0512566485737,809.00322
-494.36361593359925,586.8619254900143,478.10080244057167
-504.0232264657775,605.1781976597388,883.9365486214178
-498.70848701462,688.7222405288421,1245.7864860885877
-544.2018034455552,580.659153714181,897.9343133413249
-568.1087168312174,632.6846624127122,758.7955546066877
-489.7403165992921,493.18647031424825,620.2046092345101
-490.0420552236676,554.2023574066238,827.6297879063058
-495.9061033478497,545.4636793074928,1010.4170420375268
-577.5496654016188,684.4435898740367,884.3567246971496
-494.3063574271455,588.0114370911897,685.6257016144967
-599.9166972242306,593.2027711192932,694.6639032225607
-495.625408850487,474.8454227607967,1062.696245333223
-483.26886380904534,555.228229066483,984.5025650100305
-494.6708286033577,580.0425700814155,1141.211
-495.80079594424683,589.1056565592139,1132.93295051075
-494.20791634446005,639.0803319366269,1049.6621197015236
-494.6751424832014,580.0511009168517,750.298
-494.6525229309045,580.0549761211282,843.5632
-493.73962095366323,641.5429939953597,1148.1077671635387
-494.6483969883607,580.0475003193222,927.5070000000001
-503.4563158923861,580.5975593355688,892.8829418187868
-263.1273071202254,506.7428376772116,1154.6925060070146
-547.7581545160317,635.2096645956805,1202.760555304553
-494.6645365499962,580.0432275167966,970.019
-539.7701185208148,694.2310536692208,1039.982785816238
-599.4454540036622,612.5378536648916,652.7708749304288
-496.05461915660226,630.5562612492306,1065.5782057958888
-510.43769690492036,579.9206183773686,823.9885321044003
-494.08214647172144,634.542554176537,1105.3644952670506
-570.0052905398716,594.2549576309311,418.1081804381134
-496.8306308757942,506.7648208061159,874.7033214831742
-486.0271440674255,619.6874124365513,1089.6705415761344
-495.2018950863503,567.2181913852522,498.57575406983096
-508.19383352877367,649.0977268598618,1075.4481461772205
-494.6721714453147,580.0408241374713,966.9585199999999
-494.67001262734993,580.0485752168138,473.0164
-494.6571202496132,580.0613308411785,778.6636
-508.6728025342793,604.2553939731833,1253.8546313417141
-513.9022383799434,604.9057350575854,919.7953022036376
-508.84379752734935,577.9632045283734,680.7610330245973
-548.0173532453518,621.0560611306396,896.6676217443269
-474.83257215104595,552.9393018318292,1381.7259652056669
-523.2431550872138,581.2595112792975,942.9368622888959
-462.490698080172,630.435357069461,1459.4742045283817
-511.527866534273,579.903226421558,931.1433451399955
-494.88402745604753,570.5509433198697,1116.037293489646
-485.8582985502944,595.9283469162145,952.1330072628954
-474.62967283450826,600.481222902443,1004.3000158471593
-556.4756409155441,608.0433094634568,839.319745095317
-494.6831102793726,580.0359394341293,1051.65132
-494.6802999807255,580.0417687477957,904.3810000000001
-534.8076352314856,703.5360412702546,1301.938043063906
-496.1448166724572,524.1438920809353,1013.4598828705738
-496.44545191793713,519.3970734190373,594.168530943619
-488.2363359512856,702.3072254891092,1151.3896604579086
-494.39931118340155,492.8529621925891,731.2757166659604
-491.2127777876094,643.7715189318068,1225.5751145252848
-494.76861529137886,572.3450560168012,782.1981893154787
-452.3477967921349,430.68193656727044,970.0281479400779
-521.6926150212757,616.8874230218073,662.9432359560493
-495.6786914282811,470.9260882835127,1130.0648713939734
-486.65498356714033,579.5827233302823,903.4806231435834
-516.8229895284112,646.9658847598339,824.0192902703141
-523.8805644696768,764.2342186594469,1276.2054243716525
-456.85456335562276,561.6825173423247,972.8863804092807
-479.62676541238153,535.5833919636098,569.8642734863915
-505.91296082409235,569.3697636289036,598.7131230903199
-534.4492854555056,702.334726505426,1282.1328886095744
-496.25046514022506,519.5895260074358,1157.5242563060528
-492.9242882802912,554.8333102778872,923.5576845686744
-557.8773276958473,583.293541435213,907.9252954846595
-515.1776371583098,539.4829245315066,690.1172944132305
-491.6630533010234,611.9762208008476,1011.651160083169
-533.2796648744902,698.7619499758439,1222.7172489299644
-502.90708151251556,609.8528499864938,731.9065419481528
-484.46347731205606,476.3601714172661,854.8380339148728
-494.6627930970667,580.0408274741044,556.4392
-507.7617780577043,530.7816443279214,858.7832889318133
-523.8542966003172,619.8452251041256,776.7021855347178
-535.6331464358414,635.8919366503937,1027.004861458317
-494.68208431434095,580.0425465378567,927.6788
-495.2438552936478,566.5192413253075,566.64932889391
-506.2462264316341,569.0502259869801,640.2341019193125
-302.5137395844722,373.99454813703164,2068.277534438191
-497.47350717702284,526.3049103515883,838.1286988338433
-496.6125811417505,513.567984446677,723.6462089881825
-425.16470484297133,599.3172578084498,1234.5857266380121
-520.5315035790336,703.3378696906568,1022.4947864196179
-494.67427156753683,580.0399188933487,1091.20676
-524.2582273892938,583.0171193991655,489.8854749418992
-509.5204591302122,612.8096834022074,1286.4542899315434
-494.6707465555669,580.0480827995316,1141.7908
-505.4873323272627,423.5670359923413,864.5437318886216
-529.0769211172601,573.8945318473776,640.9014647224152
-566.7356884212386,678.8103458583619,1102.0846575073056
-505.19927477805186,724.8725456267823,1688.217936661853
-495.6853956990926,468.33151406748146,1174.9787432278476
-571.5820437474754,643.2441421955466,953.2100490133064
-495.00348812570337,570.6884176726239,1153.169872104656
-494.65200520692406,580.0504792243871,894.2926
-616.996861452619,617.9727326173272,888.0140764564717
-562.6496632148142,581.6090903899076,662.7777447712795
-492.94521072279395,617.5914794522316,1290.8348082380498
-560.841419925825,586.7556510404969,724.4890431529484
-495.90223206713154,588.6969023884621,1089.8192145685446
-573.6056333913884,598.5291656633376,619.9236376645435
-494.66003114429077,580.0439109469842,1244.9678
-513.1734796883261,603.9596351792563,856.6352489652239
-484.22383212943896,739.8807347168889,1344.6652963090482
-494.67109381909563,580.0460361831106,818.0150000000001
-499.4039249210009,622.5506495017794,1354.2993675819887
-494.67258043953643,580.037853608013,986.8454399999999
-494.6506765000745,580.046565626662,793.1554
-490.9090310077945,667.5446699700406,1222.1092939321068
1225.0681754790821,619.5157575139699,-805.3048608395438
-492.7390673197615,620.0150803489735,1315.996773122962
-491.54969851966825,693.6938628942021,1146.9866225021594
-425.91686039041315,599.120638648631,1213.368373403709
-267.4473425246679,508.1126722556601,1119.1711752795375
-485.60058429010223,587.227078159335,869.4700114657945
-496.5694974254111,515.5129508263944,680.4870707056655
-501.453579215628,718.8235701470039,1089.0204336770328
-542.5786074698565,578.8974051728858,1283.4443734746785
-491.5991799108233,546.4519646962076,769.036023970784
-494.29176905976374,580.0018203593722,938.9795255373958
-488.5480300914073,618.1148278638173,851.219008174563
-486.897965228914,570.6416506155906,973.9016536264533
789.5195005990572,602.6982929198484,-778.7995625777749
-521.1523994804188,586.5243645864352,671.7059291647522
-519.8768432277661,525.3774852615354,1051.0383317639485
-492.5097800737285,652.5058345139357,1625.2177971640908
-489.9808490373389,553.8562298740403,849.1913196190096
-427.10784667286134,691.4697241235742,1391.1460786296611
-547.0373618109322,614.4084402262154,651.4249878448769
-508.8313911417131,729.5344832139597,1125.8540588309736
-549.5257263755225,687.6771719163255,1100.7756822810359
-486.9429828047803,469.31475295978976,398.29657808177933
-474.25536431586306,509.9054971939953,723.4793207773968
-546.1363444477292,619.6226245430828,838.8536814964141
-493.7814413294941,637.1730151279478,1012.7773677925402
-511.2921226849644,577.6071838389994,927.9370108617607
-491.82057066483026,548.8343189295722,661.3601910593434
-493.6862831429862,643.7463024566259,1215.7722540687005
-546.4047984121992,528.9999797088434,697.6110915648717
-488.53601552040936,471.93535315735244,956.0027687626612
-541.3310470353395,698.1208516995347,1101.241837930828
-495.2268047997909,566.2894683034259,589.3405889764863
-515.0217188710712,628.625800595225,970.4956466999148
-496.65967988767306,924.5785018055719,1453.1046154493706
-551.3632382236319,696.0250997131405,925.0886725419181
-549.0532058402205,696.4868060236817,1095.462009962912
-450.587569903043,496.8398329856517,1312.5694055879694
-494.63808640292655,571.5465739713192,924.7194525379529
-491.81568224397006,552.4062806114821,763.9232177170023
-494.6777577297953,580.0413668171607,1137.54
-492.12077083766144,647.5640369007918,1156.508125188882
-543.4284762000207,630.7099120964336,1043.1095159681925
-494.65808759800325,580.0461894592099,964.518
-488.6654444399578,558.2197887072905,628.2036391998646
-507.9657458698707,567.4033589911161,847.8380884356633
-527.8311073145501,582.0040348998981,824.5736069922399
-533.6609482519561,699.9504008233985,1242.5227799580673
-501.3412349115506,452.92126458701273,855.3493980587443
-538.4127576192927,620.4581439296492,628.0619832243974
-543.3543677439784,717.8308538481219,824.9119111098055
-509.87736086006134,740.6340546129929,1265.2420247036778
-490.65611818873754,568.6183940490296,831.7029939683082
-494.6664250671183,580.0495170142565,1044.451
-545.8128613876984,597.2925527520787,453.51492555656273
-485.5260061439931,719.9735603690934,1083.4953964263693
-480.63328446399845,538.5820842727594,481.3973824423447
-502.38315228010947,597.8502386537152,1345.105310618707
-471.15972962915464,482.2347681292331,710.7251918051754
-467.0896093981314,623.1974165933128,1141.3804366176294
-531.6005785220091,582.4549952688307,357.10529151665855
-494.66243962868475,580.0351897093001,752.257
-501.8953205786852,596.7198080172966,1211.2476191328194
-602.6441797404423,613.5177725474039,695.5419865153432
-511.21890705417127,852.7583633391189,1792.519996959119
-530.4614966965842,627.1229823557089,603.4098999484703
-494.66780128908385,580.0491141704592,772.6212
-539.0122469303042,580.5632198099989,632.4706997668287
-475.03218407417535,580.6737626149301,1056.7276329151262
-494.68566891017963,580.0153015913281,871.7458
-533.7546224918165,686.3251356448818,1149.6492471116712
-499.2552788834955,634.1794991198349,687.2635133710759
-528.3525451725945,609.2457667376439,645.628468282978
-485.1130132847816,588.8602766241811,1134.3527885511503
-496.2902802794961,580.899060803913,994.8224593513899
-494.6688737209538,580.0484843116615,494.8888
-494.68154799089234,580.0467517569781,689.18046
-494.9026790591215,554.9771442690385,895.968814777238
-612.1919618028253,592.6958519838699,202.19424742075293
-513.6530915893052,625.3176399917174,853.4493766590873
-537.7815040597741,631.7491704822078,788.5310264764057
-496.00323046178664,542.5346894622726,1159.9273015272006
-546.5265806174364,669.7441470907002,788.2382257212352
-495.72776470452527,550.4504095385746,737.8135223522407
-571.4104498246093,677.4068291009228,1243.1634783514896
-609.0234145644913,615.5138685220209,781.0846698036778
983.2273589946599,606.0178393713677,-789.4636926279618
-529.0723907353326,670.9597993876587,926.2554884073247
-453.8459211090262,599.6197518772533,1221.4930018702444
-488.5065252584918,697.322177611418,1073.898362168644
-471.4133184393763,500.3280696112636,1510.2461487817836
1337.0285556777017,612.2385634688169,-798.3629608874508
-494.6878684972721,580.0439017713204,1070.652
-485.19074386740067,587.5193955127509,933.6307122395634
-481.1897328303878,506.096796334582,1317.1441886295388
-490.7422531924701,542.5667361297292,894.9763492462575
-502.6976384186287,609.0120384107724,690.2873392336735
-471.62531119594905,563.5059295225823,907.1877080005187
-494.89821802105143,570.6340566314827,1095.0645760976656
-492.1703185603387,582.8833869212588,1240.525968880864
-528.2494772265231,582.522893326163,1147.78671467524
-495.2769720333072,589.6419882226289,1177.718781873973
-494.67515561590744,580.0434515082179,1182.132
-504.819681844524,433.05667743378444,766.5500570615621
-548.7727980028644,690.7197299231681,848.3075895634539
-494.3800767530088,488.7931955976999,800.5180432900777
-485.09685998867917,482.98693844901106,752.2825963774727
-494.6778637858124,580.0544017041074,989.5828
-494.6475471795634,580.0461854892643,748.182
-496.718491473257,510.6470846391173,788.3846596916885
-521.9280370023655,551.8809052231211,699.3114748451826
-493.02109657482924,614.2296379429504,1016.8672764057267
-510.32120438508264,698.1244837989225,1151.764107342135
-472.97323899363255,580.1978844399248,1188.8335418144102
-542.3789944782216,678.3256888249393,934.6573949628898
-612.6338157815103,831.4971373743338,603.7753220000577
-536.1452886711149,634.597925331924,818.6517872557206
-491.65797643603173,689.6150987598953,1078.8122070858317
-514.8039146907552,628.064666510209,950.988072364084
-509.9971857608107,695.7267102294254,1113.0531632891104
-560.2768785105645,521.7358194232866,749.3717501110158
-518.4280702489118,562.5691676219227,520.6153986848466
-535.0023088923735,606.3513314775893,1301.871517850018
-523.8738631604629,549.8691365519783,802.4310792887218
-552.6677981187918,698.6748319285572,963.4791542285294
-494.6696708538325,580.0315514213535,999.8142
-496.2825669556478,602.0289829462071,749.0552494287131
-496.3375494054403,516.3252256784886,1260.4270536741947
-494.6555474348356,580.0489262405578,1190.661
-555.4744046717979,584.019066141777,924.4066282306169
-494.7623027325137,585.1621428540338,695.6755836888622
-536.927128909892,637.6743739367382,1083.4108242687805
-545.5720874752947,543.0153848230198,836.1145773868642
-494.6714589870594,580.0475341572269,634.7704
-542.7408440327818,580.6113872729287,749.275263484828
-494.6701731804894,580.0402884222752,769.0623
-480.0044781179056,465.20024352847486,612.7341082378547
-494.19961063882147,590.2033195793157,1217.4614840974261
-494.66456660555946,580.0428471296311,755.2280000000001
-541.7973666541038,578.9098161278373,1249.8700243648161
-495.58733753684146,480.0403389086203,972.8689806399684
-491.8072897479815,615.6307684848889,818.5552221596447
-499.19654526862723,633.3661414592752,666.0677714433765
-549.130743728495,663.6607171440248,1139.6559819199251
-494.13093393491044,583.2173488418555,888.0751073963942
-265.2830729493089,507.43468488081953,1136.9317940029782
-494.98092949355305,602.9475855032451,879.8242076006275
-505.0928980558424,381.64990644183183,1098.8239605289978
-473.61800638347927,507.7832569866358,768.2822947244624
-516.8918081092611,625.4121066518685,1319.9104729384826
-475.6494222749893,580.6450525162703,1001.8279590427196
-457.83449347935857,562.133313478543,929.2852626787148
-524.2044444118192,582.2206321402795,919.3146801694868
-551.4134239430496,667.163279512401,1218.8656463174348
-494.66266281978733,580.0441068222143,924.2692
-495.72905265118607,543.0786700809871,834.7985953061396
-444.45106726252993,556.4245469679149,938.9087473094062
-518.7399024864867,532.4294939392487,941.1262595235512
-549.0566374323512,582.6456868579153,708.0638852813801
-485.7585553611875,489.5842223195647,649.7256743155588
-555.3739517815877,609.1888952020154,902.8433348891431
-501.4345976038571,451.22350778920145,876.7933890181883
-503.24050301565285,597.8986594579812,1059.5085861993664
-496.432892066794,520.3737079705168,572.5891783287917
-491.5507449197494,506.63968946505855,779.4199467726739
-546.8855254849764,586.9067455789783,825.1509657124632
-541.6857460413057,644.1664472565844,1290.2337481602026
-500.90671235829313,514.6632567504078,922.2683909423786
-494.31085602847907,588.7447111517445,1078.0381307965051
-471.1871637392933,479.2266083075685,1065.7901451718008
-493.908796779117,610.6235866316883,968.4575646123062
-494.66159351572105,580.051950544643,828.6568000000001
-485.8438841314521,499.37401652244944,936.5679820401417
-494.66207279385617,579.7091657441583,898.1590346014973
-494.22998826552885,624.816865873096,984.3105534904291
-492.2589930320755,624.91022505647,957.0609246585769
-508.47365366760346,580.0098996464112,1005.5538438000841
-518.1906012122704,628.0929704033126,1441.8086673683183
-493.7746829535413,615.7670341524747,828.9712713765449
-534.482636031953,627.7719054320828,670.2944365093668
-506.7200534846279,580.2753895159254,1055.136351359661
-495.75255895355644,588.729838993896,1056.6695593269296
-494.6687758697494,580.0445115563253,1008.1114200000009
-495.00048865275903,570.6111646667875,1172.7840293189688
-473.5450841924453,601.5897482563025,1099.37159325248
-487.1248203729317,511.1480627628273,690.138624531173
-496.2747691557097,580.3255588892102,967.5953261477372
-479.37606204098034,534.8509270830605,591.9817460550353
-523.2075501080672,655.4678321629581,640.1343064333768
-492.4869546317,673.1122864437166,1016.955199396885
-526.1798627031922,581.9205100125906,747.069053416127
-495.28172638419505,589.7459360468779,1197.57039657801
-494.7159227418001,573.6055329317848,728.7278141349492
-495.459574483531,543.9319912219412,831.1843700431776
-504.99988812259653,617.3750039582483,1106.4792699481932
-448.35045979018514,475.60855225081264,1115.1721857188131
-513.0759970963938,536.9287945801418,410.4392614648008
-507.5784319650679,645.9454838013495,992.0570102557442
-502.2134030899226,597.4946089360728,1300.485894744572
-509.21665569177503,580.0217677667804,1101.3843176101896
-548.6366051122827,590.5256254246717,969.262335730574
-467.85908159509154,541.5939916121141,1111.747889742659
-484.3376604081759,485.6384242403344,1224.0688687204279
-496.1267354567476,680.5235229684072,1005.6956993662188
-446.8693144171298,557.5492853163264,857.4452962462941
-472.4719351541926,503.9152555696712,1408.256073268686
-553.3675070748027,515.7566318172085,1029.6554142586513
-489.9262599959152,566.5625039139331,1115.5244998117319
-495.7753132239709,588.9191833732293,1094.8012484371834
-518.489453399683,655.0956737719911,1118.3670472225397
-482.02360097577684,566.9514402757903,672.630975588558
-509.86006809570176,661.6115269949119,945.6971868708681
-567.2565123166387,593.736430803116,375.4588573887419
-540.4267726630158,737.0109973531116,1554.362612432276
-542.9191974830003,630.2220780096158,1025.3708499991078
-517.7293065911922,578.1561322181201,873.1322505922295
-565.120544814562,637.9382627806069,809.9790134282026
-476.9531788014608,555.858514331539,1152.340752144577
-491.2807791879477,642.3460196334287,1181.6214505022174
-474.42899958076714,600.6894764377282,1023.3146661719575
-494.6709882459422,580.039303223399,966.188
-506.8122158587339,642.0094748154985,887.8178791617804
-507.6521880409407,491.0326885678535,682.7804485594315
-551.0853449886654,552.6945597371143,92.18544063178189
-494.19707359736367,604.6357625091109,1121.5533337645065
-421.6178027494425,506.3675785744437,1228.7170771219894
-528.7497978513993,624.8805168458728,538.8375237257924
-536.7825594449239,528.2940166103776,870.2797727610083
-494.67075190065725,580.0363348131655,776.0966
-490.86608713290343,645.6790754972071,1161.4214355764332
-494.4027619088297,557.2218902159083,921.0578792864812
-547.0164805994436,728.1113923155365,942.8922495170342
-433.4137910361078,499.20662149540203,905.1707191324502
-490.8394373379642,534.3407525015031,802.369439719484
-490.86616924028795,535.0210651143453,779.5328465422027
-491.0169416669055,643.0398031283642,1084.4620674418723
-493.19695544045885,559.6906018633813,1182.4978861442485
-501.77304987220214,579.1912338161842,1157.9219405807048
-551.3215071293689,701.3402586623951,1172.517465257541
-429.6171243975523,687.3422798576,1311.915214081403
-494.4216234336452,569.867873038985,822.4142540401369
-494.2195345327425,603.4481667291539,1029.9922942724113
-494.65527321306035,580.0548673185535,686.1484
-495.82290197180737,547.5602163827843,903.624099155041
-539.3328775138693,733.2981016793206,1499.5498215165662
-495.4780545910437,597.4275652507233,1239.033545140114
1768.691273265902,522.385472585685,-820.1174594669974
-484.7856397144635,438.3348791220251,720.262686029953
-494.6921645579687,580.0407006109934,867.6616
-496.14724965040386,547.2399324758564,866.3789385256305
-496.0292553353595,629.3696864928586,1022.6668167995946
-494.66525248269636,580.0357126423911,777.8965999999999
-477.3585010649076,556.3792086619478,1110.634373545219
-514.8754833933478,532.7037383760419,524.6629478935872
-510.1778789536975,696.9080765839731,1132.4095566696556
-469.75133178049555,562.1286990322113,1043.921911557708
-423.12419225687427,507.8630127951946,1188.3527939950097
-563.1317726661055,592.9539359038054,311.4850379553701
-541.4880270314557,580.5912477679082,710.3406906394997
-531.420518067041,611.9150469383437,772.8737863176619
-548.3101665978243,554.0417583081448,50.71356960166463
-492.76498790896085,673.9715135132271,877.218309155722
-493.7580083966541,616.2466777310954,850.021363969207
-494.46108491778955,573.2969779386422,625.8247286949918
-556.2512256986579,609.5930958068625,926.5322455698081
-495.2677916776404,589.4516516850697,1138.0154645023597
-494.67234298261747,580.0364315979388,757.6863999999999
-519.026000589301,588.1365475985181,1007.9639261941808
-495.2418983707155,589.0380384562623,1058.6089968949107
-532.1380811898305,587.3633493751001,381.2720634911222
-494.6697634231077,580.0646395336717,1307.415
-518.4461820246138,528.4748848317356,948.2507818000494
-494.9108749643383,554.2481398878226,943.8235809959954
-529.2792721655526,577.3941583811961,939.2107231932501
-502.81135125387664,609.4239599591349,711.0970850344419
-496.1192235425242,679.4398636162346,986.713655212721
-494.67026108161235,580.0439794442318,1338.204
-475.7183416459184,599.3661387572749,909.2285600498141
-492.86085831728815,662.2491836118802,1111.6462891400097
-494.736184478867,573.6818263956101,706.2834904052297
-495.7408643820809,588.652370341496,1037.6036268706666
-495.6917313934516,515.6102590294747,964.5870339041255
-568.7113001467642,588.6208153744813,422.8148192565242
-495.42984277020264,596.4555134250013,1126.944474455156
-507.92304981128814,553.357218104798,848.7910258360403
-554.0990996053774,601.4787633680137,678.266579770407
-494.66224450855816,580.0372372261209,779.23
-491.17679059560714,661.2618817892126,1080.301801624708
-564.971338546804,584.6411720040776,1151.9197282489106
-483.806384560527,818.4301556715614,1491.210863492928
-310.0428073527705,382.0572669548749,1957.8275363559233
-496.78061518935147,615.8808719981453,926.1579244258792
-508.1420165164791,567.2423152157304,868.5984856434459
-494.5215796267639,542.0037085719237,773.4627216821261
-494.4570360807802,600.0149554146221,915.5484934461451
-495.73438550440915,588.5503401040314,1018.5378168727975
-467.52656135660027,560.5454380966759,1203.444827248305
-494.63545093775247,571.2297969938412,986.2416274254019
-465.56346068996754,625.6053829210763,1247.4119281655107
-506.82302210670287,580.2729528981237,1070.159681447208
-579.7195761136477,687.1345811374972,926.8748893034376
-493.3193333571742,559.3849583655106,780.1628015824356
-509.7586535899909,739.0171540434583,1245.3317080273018
-551.7469965727514,591.1359652671665,1068.489894118598
-482.5033201182937,579.4355401169656,874.501325595418
-502.32422193310003,585.320362150904,846.5603052592879
-508.27712886568725,514.4620649940823,311.9328889177351
-487.91004734353965,579.6511588601322,647.1247010289775
-507.26300322646193,644.3750998562704,950.3612552955253
-495.0100347665352,570.4154912187482,1212.0121312648344
-507.06210942965913,520.3348459433898,216.7021055412083
-494.6548413898922,580.0467669094415,708.332
-427.39515429701305,598.695372360613,1170.9330967244157
-524.926815031346,582.2827038405941,960.8552728880377
-490.7682439219798,682.19588865786,1178.423789413054
-422.9492880129478,599.9475390160144,1298.238793187007
-513.1592378083349,571.3658176127665,691.4823971823081
-495.0316814523226,556.2124169917267,569.7138969780908
-494.9415825444569,513.2680788223911,1006.7956644922759
-508.76577646864735,580.0216732965735,1043.8860732114217
-494.620328705008,581.2075424866249,958.2691214201482
-499.3160088302877,634.9868653649137,708.459501547132
-620.1882955207248,618.9574019453319,930.7856427205713
-494.67772811204463,580.0317690856343,874.5224000000006
-492.96577844357967,555.4630073988844,881.2799732686783
-495.85744532732224,491.6213767269462,546.1863235075903
-494.6901348925626,580.0210171274568,1114.537
-494.6584277105617,580.0385158462341,1018.3406
-494.6645886542858,580.043740722411,1245.1593
-496.1479764429123,546.8418898014354,886.1247917771569
-494.3690010613568,486.0849734717274,846.6794894706491
-494.6703202025092,580.0483659775432,945.228000000001
-508.7607210049032,640.7329673402674,1179.8754765494505
-548.5598000168716,662.7883020001775,1119.8534155246389
-503.05900037785887,580.5782783955613,816.6279323232379
-490.7770468872866,568.9297868155982,784.3991068974111
-531.5754003005704,672.6685797527975,720.9458281059509
-495.8511181320969,546.7149726756527,946.3411448459802
-575.7922928295086,599.0249675277205,657.7050835889609
-495.4072575348532,496.1167576851758,726.9419086727164
-494.3600233537204,587.0632099820748,515.8326384087762
-495.3624560586559,586.3708146985573,680.4670606495041
-494.42503793543665,587.9854699080522,913.9533512152215
-495.04482879700186,555.0967621081247,631.9376194566534
-434.2486249718763,540.2060100066026,1107.7829810593025
-491.17589907428146,750.9747918419823,1125.8897000166753
-476.2426258401115,580.6318527334357,946.9280540199633
-524.8926182292707,469.8902453408823,1388.3055101622572
-482.2100591544122,579.4243622076991,913.085898289148
-494.6769135888321,580.030431233351,978.39742
-494.2174170284361,636.9241556683137,984.2421881716411
768.4093274195802,602.3298331740098,-778.389827398727
-492.7862948572879,672.8151309847417,857.1141559767383
-494.95433282432987,512.5177906469969,1026.4521896206054
-495.3141772383324,586.0912100412179,616.4422511924947
-494.99421410918785,570.5090356666772,1192.3980603389227
-491.65998090765015,617.527481125057,902.2848262261908
-492.63832511552664,666.2751741491547,966.670264377964
-519.8984599766054,588.411918290612,1071.3054722875704
-420.90054383809274,505.6125591895739,1248.9003849916269
-499.08458275811245,479.36064711430095,1214.2659384549765
-495.98732446841996,481.6125065401686,693.2158076020994
-451.4870868440803,519.5757359107913,1076.387609251401
-551.9225395192575,526.4707044539268,1453.8570886310438
-483.05006287030176,516.3244434047119,1031.4244339234785
-504.2047164518981,614.4445683064821,960.8121141074132
-443.8417524769734,556.1340120625582,959.2743097187847
-548.3567811171879,582.6094563255608,689.2543335042747
-498.6561066067061,687.6510397911807,1225.9212595192325
-488.1946953860938,620.346543431285,944.7105597489242
-477.6442863792472,579.9961127684319,1036.1234786428383
-495.1774674626199,567.4563137510498,475.884647417584
-475.0603557941786,600.0370938551439,966.2713591678988
-495.54280530585083,540.818891550595,967.1163981321947
-506.258971376099,581.1895548225393,1428.9775862340414
-646.3218165389858,581.8612965000004,713.8233574816794
-493.71682172778856,618.1461096435912,934.2222518847528
-494.6686873866222,580.0421656380922,977.758
-494.7616498913344,573.6743471975356,514.8401292375223
-493.00002475636165,656.2241498804733,975.4442228216847
-528.4891251589443,580.2194859496375,853.8664063776638
-494.66591399549,580.0447362903315,804.876
-526.7178245159898,577.5874673509666,813.4721002797756
-561.0223054023672,664.2460000100859,973.1100653626587
-486.37395274338587,461.0477796932021,484.15342388003916
-492.5747460124294,669.2327721790871,1025.6389446728856
-491.56319383901564,545.980700980859,790.571357863827
-494.6694758472063,580.037527686409,688.6654
-513.6600632800687,604.5869664005634,898.7419997146251
-522.4105513120853,617.8747877310386,700.8628931529347
-491.4020570417224,502.7837676953695,859.6850650230307
-517.0108203295777,720.8228418427707,798.2300300034772
-512.3693723082367,492.56324946710834,559.5126575343205
-507.59763539785536,538.5801096260052,928.7666741470573
-520.3844396026614,561.1387299988168,625.1653611492618
-542.1806050705509,578.9072700141182,1266.6573257973969
-493.92775482540264,610.240868112194,947.2074842007639
-469.40059094830235,474.9405603260725,819.7516971966337
-499.4351479039815,622.8657680909428,1369.7818153065734
-549.0772974052152,597.647829808214,559.3464129834923
-491.2940820694098,532.4632063358827,912.7851620961394
-493.05975490467335,634.5157116281509,1035.0737316835496
-494.30002346855713,580.010409080136,917.6387276736896
-493.7941244191452,615.2923252976082,807.9210515179725
-494.6649362902988,580.0297906754995,869.8553999999999
-494.7287974762062,577.599976413506,1118.639567047168
-475.42929734062,580.6633353836247,1020.1277122690462
-538.8645107676139,585.8550897130357,582.8034247381402
-494.21337047210227,623.7646391284807,943.5061580618374
-494.68653575638064,580.0382187442839,789.03276
-495.38206535425707,586.6583407726205,744.4918387675463
-494.65146512427964,580.0365198713184,761.5563999999999
-494.4131899770839,557.7672105889259,880.953855197512
-513.7305664285566,571.1208274965052,736.6587097587121
-505.08991444393723,429.26149507539435,805.7475604814099
-430.31044117582337,495.0984064863269,989.237602509627
-501.86515988470364,595.03080424937,768.0615268332716
-494.6699376170477,580.0686467317728,1219.8425
-510.564109753376,580.0281442936623,1273.8790915204836
-494.66642526005944,580.0368900605802,893.7914
-538.3927172541175,580.5516340004457,613.0032205198313
-494.83084084392704,541.0834646710125,700.6167579887515
-464.167004502679,576.5234660979024,955.3638302098125
-490.5362936181996,684.7865531829741,752.6130966917988
-494.0263998793789,583.776031009397,1181.8159330977846
-492.6457757038552,679.7715173389545,977.7379280159971
-514.1261525264226,483.89788156504164,689.4870165880915
-477.9987357353216,828.9396968954109,1605.0373020325897
-566.0826997294325,588.3168544237058,380.964366109546
-471.82368500066923,501.76824806474065,1469.4501286738634
-508.95653898966384,611.5732657615943,1209.5621727221449
1185.6164319043255,618.6004753529044,-804.0830570604448
-601.8303448957497,591.5893574474112,117.98153030971577
-495.7824697207584,541.0664089178641,921.369091578136
-531.1075737202946,573.5266569558204,722.529061108057
-531.3528661204016,679.8404630427219,1033.3858722634704
-502.2358012592749,585.2420132129121,825.7118836249091
-527.6356239574602,560.5019220256302,666.1110245830416
-494.9480166474111,565.4388454094811,787.1965101155654
-476.8201313640618,512.776176335005,1218.3345645251704
-511.0851988774041,668.1855804048444,1082.6234447434344
-490.25915574730425,502.28677998498256,476.29047565141514
-494.6880787582854,580.0357127403574,773.4514
-505.66521280456027,590.1489001780612,763.5298750201134
-550.8159558549896,598.972354062655,571.012300935587
-518.7420519769053,652.7269848546625,959.7571251954207
-494.6638457247591,580.0486401994347,988.9602200000008
-488.29842765115654,556.82834423894,716.2893230263796
-496.67245598655745,930.8707816275321,1493.2734725029284
-507.60958103736505,575.7771373736814,1135.2421256937741
-494.6351769983685,571.1236959738854,1006.7490165526584
-523.2425841787108,582.9171367782847,447.8162387406859
-472.252090245247,503.20010293224914,1428.6540607028824
-536.6998070270879,686.4223521050559,917.4651432607527
-518.2611261221941,654.3019159444146,1098.827186589587
-528.7949780772356,586.7196693658605,279.66142589545194
-450.8039739307178,481.15142120826147,1016.0023868216115
-473.96403625168523,673.6486364200088,1569.5240370013025
-525.3851526718909,581.3438190109811,1069.6944671243427
-494.4464510117159,570.7099008529703,692.6006816376298
-494.66099144656073,580.0337546918659,985.4262
-494.20676366726957,637.6524711093925,1006.0484923057713
-476.98444478005604,844.2747281421496,1750.5384041125062
-481.8285351540203,479.50844310041475,442.42647578562736
-491.58696929096595,612.6908691891468,1051.4545088135023
-549.97306434711,597.9461473907238,580.958903078211
-486.3295148776833,579.5676348600755,967.5695439957226
-492.31243485716686,680.4810603234771,1157.3029891195245
-493.95859047005524,609.4796301309955,904.707229452687
-483.69593217560214,820.4982883445018,1510.5997905000588
-490.5762893140659,686.9954924469057,1268.9575009948783
-510.15251480957795,835.2829598042424,1629.4709116177953
-494.42638605806997,588.3837579029032,1001.6766521827703
-506.9084718380873,580.2790788768278,1085.1830765509922
-513.4112852149296,604.2794779176859,877.6885881606812
-494.6622964120402,580.0465364991211,890.5878
-495.45036837787484,597.0465630338565,1194.1978319042476
-537.253300572896,580.5752328806948,666.9194078584292
-524.0285524493709,657.6941922988149,681.0083601424111
-501.67252640051083,506.77188019652,1124.4660356112624
-494.6746199418167,580.0411814035344,989.8996000000008
-516.7464856824863,649.6151748901274,981.5866439601778
1809.2917263213476,743.5408856701347,-849.0207741338763
-532.0065048096653,630.811117961793,1035.3119679745598
-491.5251306189157,613.4073507047152,1091.2578462159254
-473.0053803825192,505.65083884182275,813.0849786614151
-519.5767726636486,525.9977436073364,1030.4810357203323
-489.9978432258347,497.7393362922883,548.2477740075374
-494.805933487984,543.9867978838197,592.7201238809884
-527.5413818284676,571.9673951733355,944.6767863131747
-547.6526521405522,582.5771789496077,670.4449159128759
-491.4495148923206,614.1296685572541,1131.0610278050178
-597.4491271658085,592.9048516408202,660.5947848939286
-509.0061820777378,731.1083233506922,1145.7673713422025
-544.1511143338148,578.8640143331602,1350.592898009277
-511.16131792259876,492.2687180132598,406.3249460229538
-499.31232620619176,621.9302236892806,1323.3343887241608
-496.0807620038322,548.4534237078537,807.1418167493279
-485.6670812358475,569.1172918823258,1251.766286813463
-477.2674660552475,839.9090535139378,1708.9646338497066
-490.6641451559908,681.5474013420796,705.9546068159028
-523.5426023552077,581.2779232557822,961.0451751014766
-507.5632720450219,490.1123964058674,713.8469648053912
-495.33993941600056,586.1845256166689,637.7838489639704
-494.88778839660245,571.1745841102963,990.2016130321218
-539.8845646525399,524.4803518112494,989.741993091936
-468.1485563573847,542.0070838527105,1091.9533181336562
-485.218397010658,484.3057196899332,731.7711005775636
-493.1781471715776,466.928863781826,499.1415815318956
836.2800753878364,603.4240621290121,-788.1849077343995
-549.8106823943808,599.9439370480379,575.3410163975775
-492.1320630662949,646.8970116432007,1137.357850014896
-501.8393062574828,579.1790310949891,1174.834686423666
-508.7758127935849,487.93667160385064,906.3691857353764
-495.96972944102845,483.04367457255466,672.2116906361332
-490.54245060325024,688.1852389308426,1291.5916585490597
-502.06881919265516,595.4671403121054,812.8996275621487
-644.291559936577,581.8476061145152,694.2971178000408
-537.8077420344573,638.8524927556568,1121.0147095513012
-494.6445181964127,580.04824266964,1147.7934
-498.8113982339819,485.31541895238104,1098.1475333179103
-456.39172435287855,561.4455669869758,994.6875215476734
-494.66518495215814,580.040508879157,929.635
-542.1750866632349,538.9102142753457,844.3609270093618
-542.1843632148493,583.1513682731783,675.4506277004102
-494.6678927038017,580.0523298776275,886.8296
-474.32976087305997,671.962090337544,1527.7901718704827
-521.1587075901059,560.5688485290169,666.9855564924217
-521.0892668432232,483.7505690586645,1118.8274200119167
-529.5785024431252,573.7987072741017,661.3085010062586
-494.7687682926635,585.5446874334827,801.3795479718856
-531.7524823080389,680.9315233896409,1052.7625521074021
-550.8421522703125,580.7010028785318,1002.351186730036
-553.0375114352969,577.2310778381614,684.4996563260927
1260.339887693346,610.8489314708816,-803.2661688754233
-497.44861990375284,526.9766708967419,818.4330887712738
-501.26424734410284,454.6129577575907,833.9048626885851
-494.62342390845924,570.0943731823392,1211.8230640650845
-493.09318485821814,518.5558717486289,873.5223212656119
-484.7531294361015,579.2699723631972,1033.9292304156058
-538.1011635350401,685.971159938442,1398.0859966197463
-569.3808912918184,581.7663351486376,802.7394790167164
-540.8349478159369,540.0736073868736,799.1643446194903
-509.2476234345297,577.9055766590018,721.957073653522
-514.8860831288873,570.5753318513066,827.0107055305837
-452.40031302078296,500.1910210632574,1229.140097710561
-475.08518030270193,487.9827332020262,1150.6153270426148
-427.96598347087934,492.0309932341079,1052.28760901014
-516.0564553794195,537.7303943331958,752.8700149375068
-495.62646299520065,625.9217190991492,1124.9785272245726
-494.66609454262607,580.0275583124899,932.4436000000001
-470.658417772504,476.97525111663566,1106.4820208593014
-476.6336733378571,512.0386478592527,1239.8298882201493
-501.60894654301364,721.8222949931487,1128.8911974666635
-541.6423764354711,636.3746956055575,926.4739028072632
-494.6831996213432,580.0357269184267,862.715
-564.5582774021454,675.8243538219604,1045.9828300288
-496.77745253440116,508.70942652222715,831.5441790557602
-471.9437979506506,563.7259981670139,884.398660969038
-506.1729740586429,581.1757412786092,1410.6564059974928
-474.63616039872477,589.1498304608626,1180.1061445769456
-486.2243758738398,458.98004056469426,505.61741280605247
-510.890076250686,579.895635551874,866.8502926584346
-517.2591832991852,587.5613082638331,881.2813177802168
-522.05777994556,617.3786201494127,681.9030221228152
-493.8582275588833,547.162454654534,1038.6194508525807
-494.671854795429,580.0336196228038,1111.77836
-634.1993152561613,581.7140341565694,596.661039791469
-524.757893603281,581.3327826825126,1033.4782042361896
-550.2859494594277,665.4030491729495,1179.2608802763082
-538.1408704968208,542.4001025857212,708.7716688983695
-492.68693655276456,677.4555219015263,937.5298221271703
-494.19209818714535,590.1055557574156,1198.120371723046
-489.99224590309177,566.7279479992185,1091.872665234219
-501.0939746796448,647.3485944315516,888.5973594501341
-503.88522509950053,404.7516355955645,883.123735400912
-524.074059082357,472.85761673052593,1330.5601265957976
-492.6719447485568,551.3474770968871,1156.0846663155987
-506.6223323800018,580.2687229519003,1040.113002256839
-502.2170876414316,436.28240385778986,588.9904144623463
-494.6809186273408,580.0395481012515,1092.9479999999999
-501.802279542788,596.5594244838021,1188.9377674539967
-481.58776611610097,508.28932461542945,1255.9185535788984
-494.96055222819746,564.411417003918,896.2996165064667
-473.7879395961977,674.4882638325684,1590.3911353365945
-494.7778592182742,585.8422475752009,885.94275808031
-477.7850230768295,633.6953849642653,1541.6546283742505
-540.5269869392455,627.7024829162561,936.6759963066215
-484.03313036721556,588.460084244309,1147.5009621433055
-490.3449345970705,503.8062492487268,452.3050278900421
-495.88398386119206,554.2732500528803,1024.1381660034099
-507.1894371697524,492.6777954021438,672.1782343791626
-636.2100206382645,581.7399941559308,616.1889047973905
-530.8959470602856,580.2355845661899,968.465441214769
-508.9541627801732,653.0417405394627,1179.6869768638562
-494.9367514739781,514.0179065109228,987.1391234311141
-533.0073056181941,582.5385560341878,399.55152166179874
-433.54767512220724,539.7781667162583,1128.7389516968317
-509.66775614400103,613.1100532834935,1305.6774003939886
-571.4479707972334,598.0121760802715,582.140906819548
-494.64582945267966,580.0431052141362,960.0604000000001
-494.663947166197,580.0391852291207,560.506
-519.9141132790619,581.5312639104367,933.6055918548136
-494.64871799875255,580.0341484386122,842.1798
-494.74153690404637,572.7138277181976,930.7255366836478
-495.0951392773818,587.7468990252585,871.4229566586649
-493.0230921575085,615.7621055809427,1191.2445973748006
-291.87570608268015,671.7214852702352,2087.2152850696166
-493.105767444953,565.4191050843674,941.2800893577376
-494.996524931345,603.8653473172169,945.6988982429377
-494.9886632345833,603.5597811694627,923.7406629173396
-520.4350806311509,524.1345325228758,1092.1534391993414
-496.9221331574438,618.3800867479554,1042.8937432050382
-494.6623357369308,580.04349336309,988.627
-496.23154209485165,601.4272685378768,708.9206794425418
-492.97449555485946,657.0904377852294,994.9014523351282
-493.0046061055391,556.1032714452392,839.0024465248988
-288.3655538407347,673.3052991178267,2136.130635546837
-523.7373671858243,582.969065871281,468.85119079232624
-527.1339787837117,560.8009629613637,645.3036797628605
-502.8620984385043,580.5523378292994,778.5004243134696
-495.0953643088783,587.8427112890602,892.4917848765737
-495.4403543037374,492.71268379713933,786.9797909869228
-454.52617213349686,578.3356359211575,1205.4786809333639
-465.8664800968604,625.132570191702,1226.2053561448208
-496.3279751223388,580.9103795019037,1035.8620643031218
-475.668381137727,508.35873751280496,1347.3065024577668
-499.52337444890327,637.3688398081695,772.0490729631035
-540.4215270705654,580.6036977742517,771.9258921196332
-532.3032152206688,582.4995117743898,378.32842669298486
-494.33198550850966,579.9903855669572,810.93473379442
-495.6637160407852,518.6339404131584,884.038277563258
-496.741614077539,615.3829677470244,902.8107204236098
-494.67379975229187,580.0456978299053,906.0242000000001
-514.0120057160711,570.9781945450754,759.2467795033324
-494.03220827699533,583.7125090466902,1142.650486146132
-535.0266073773121,628.4452708598205,690.0003260986082
-514.4759531316877,474.5811361501003,639.8106722174773
-482.2884309961246,638.2093369406012,1148.4617992913697
-495.94853376321225,484.473669664656,651.2074924843753
-640.2640120397473,581.7930201299284,655.2419045605301
-487.3779389377455,579.6215222454946,753.9396210166639
-507.0731255242704,540.2486464907265,861.1329293165842
-518.8051619876132,732.1540878715302,922.91855982079
-495.0659707929676,554.3436046071965,673.4198885404896
-509.1978836680287,510.065572182639,383.35647314091807
-557.4332422618622,690.4614693912795,1169.5125563241218
-495.6022031915559,477.44214288390884,1017.7825615497281
-495.9665540805747,627.5848594161687,958.2999146030561
-632.1776193196574,581.6870138675974,577.1340964851569
-558.6397120585548,523.1843405079475,712.0464904686216
-494.64928175492946,579.7521803230511,739.7784378653225
-516.5176042208177,646.0030211675212,801.3962393153967
-519.0332573816547,531.838199798274,962.0436218581501
-481.6349334521683,579.3901946896059,990.2551073413979
-490.81762827458715,646.3383436128186,1180.6612759145196
-503.49161768829936,611.9384012204264,835.9545942047262
946.872708065348,605.2853075486325,-775.9277754541436
-538.8137142930711,541.818121265874,731.3698513910363
-539.5075363096473,573.2851787234249,810.2402616103949
-435.2359568746633,678.0809713622318,1133.643071473741
-495.2335173842039,566.0584761943554,612.0318155313671
-426.08625685511197,510.8706853506813,1107.6228729805814
-488.30083026174316,701.0651259223112,1132.016506448767
-494.74657940773795,573.1108051708908,840.9487739592792
-492.0036087667013,650.2806874388024,1233.1074521699181
-491.487111418056,613.7693951795701,1111.1594171741642
-519.2014706027123,562.0038252113471,562.4356920378999
-494.65240971455614,580.0309940818613,973.3626
-494.68091063362453,580.0418660116836,1048.356
-542.7698412567893,556.7238132817622,-32.23126696305286
-514.5702233647912,627.5157861350194,931.4803607061299
-492.27357499289064,624.4650470999082,940.0875075572395
-491.6385048403065,550.7325205732341,856.5330735534762
-494.67387054937217,580.0437146708941,882.384000000001
-494.23772170544817,634.079223414743,897.0145596606334
-495.2918050816229,667.9601663505291,1155.4070745821932
-483.43867006475296,518.5276471152615,970.1991056827983
-506.227370299775,580.2639550029097,980.0196195801641
-519.9950416013369,561.4261790139784,604.255354240721
-571.2865279130069,581.8213406277882,842.7292774012133
-495.8922754120945,488.77301962758816,588.1955669992235
-523.8491622136635,581.2862858911666,979.1533990844906
-492.91572798331936,616.2933299022095,1123.6992872212434
-494.66551363970643,580.0494038769707,776.2982000000001
-489.48262772762155,488.62607980069856,692.1607743883437
-566.039172799218,638.6883763198368,830.441050258842
-494.9065093127638,554.6183425227953,919.8963221414076
-511.7005683284217,577.5291513089869,969.1329760569131
-533.3458135284613,685.2501012687396,1130.2718612768829
-488.11810520945755,620.886633850231,968.0841923208841
-494.71891392156704,577.7593665641641,989.1559489907795
-449.01654013722873,418.9412355234256,1105.3840478936013
-532.1625107069726,681.9968514558086,1072.1404457870724
-485.9212646051524,620.1892401627535,1112.575047893242
-494.7528555342042,573.4728341680632,555.9721540063605
-494.34556060735804,587.2789091421632,767.3730586918988
-496.691996265238,581.117621134249,1425.7382571472315
-476.4601547414195,580.0029809963878,1160.3390674026296
-495.01801484558564,556.9632530536373,528.2315738477961
-566.9690125722257,639.45259548842,850.9021156270646
-501.2294368725293,511.17525062035224,1012.134871464112
-449.3608250015059,477.8223607132833,1075.5048210972254
-545.6972290945473,529.6943283706004,678.0145809336391
-494.65714946193384,580.0550002381956,690.5638
-488.10141530199917,556.1439227781532,760.3323909772544
-501.0604412602686,578.0806492916945,755.4355793632769
-557.3806186586171,577.0342824292404,791.339584447518
-494.4164797679041,588.5029942933247,1023.6073725003181
-513.8002332614685,535.2324732801594,456.1282900429853
-537.7259684649832,685.1031113621937,1380.3336982113235
-494.2175061296243,604.0406451209024,1075.7728395749784
-496.0997478341242,548.0417781326742,826.8873858710605
-494.8931101225194,555.3556236258182,872.0417372725262
-532.8147848006299,587.494650371845,401.5938778226574
-505.8115717402575,590.2599387932096,782.6316989254706
-494.6230247448311,581.1356044975461,860.1047247433573
-510.4744736346647,495.80650411003376,359.6281940974725
-494.6571022905423,580.0427202455774,813.2826
-490.7870656502114,543.0311079543008,874.6734072672934
-494.38356824179664,587.0734159426831,725.9511091571528
-492.50351658652744,672.1884494028054,1084.6077470452296
-490.3284896991772,528.3055760164515,1007.9007629044971
-496.1527858915813,681.6040445297533,1024.6778956490266
-532.9001745450992,697.5809373807058,1202.911216076321
-491.85382667208523,615.1490834139029,797.6230479513938
-494.6669782746503,588.2053150883518,900.1781211204285
-525.9622611824714,578.1946312588364,487.35992486358526
-486.70223733308376,570.4009981057013,1016.6499959121055
-504.83571346763847,686.5029316950572,1843.355326070075
-528.0752825979048,580.2255898693685,834.7668080445208
-529.6555016847351,644.6813075446248,917.0246475095255
-539.584454078527,585.9538090717223,604.8353392632425
-494.6693189673715,580.0288089330253,997.7568
-550.6814012836157,600.2416210315357,595.9257697035016
-495.4904871090389,542.8978288220933,876.4951411080967
-475.9443675264356,599.1500118618726,890.2142775804388
-432.74807515789644,682.1870433308752,1212.8761557794346
-541.0930903631834,594.1723961982544,727.4142332035693
-481.9329682634948,579.405771500028,951.6705640679684
-526.03561210119,582.3708067422982,1023.1657208192386
-544.7014954480483,525.2502806485859,766.8194194637805
-514.6184835229756,640.236354323195,665.6583914704103
-543.6153045405772,625.2774072302288,792.3083484887745
-533.1757127023013,532.7267729660202,730.9062565454051
-483.59473774659637,822.5605616301984,1529.989432302256
-496.373681714226,580.941029165323,1076.9016523175828
-495.13312134601415,588.3341900030828,997.8358322749901
-548.5169603325451,604.4433664521455,634.3668303205925
-474.03224746347996,589.4347280705824,1238.4977550605415
-494.6555511164802,580.0385708544582,934.0457999999999
-470.8138035176428,480.77249906743964,732.5303480194591
-493.00661088614015,636.3625173433454,1096.1235408827454
-485.70643428161475,587.1216745783756,848.0829876038229
-552.3685670195482,624.4199263139706,1031.567411625261
-476.04837524458776,509.8186747409786,1304.315297399249
-425.3477873929505,510.1147379064964,1127.805257755648
-482.5028803563937,604.2638505733942,1586.1407483280877
-494.6541263768613,580.0468662263398,1029.0662
-544.9971502686046,530.3779893433533,658.4174296915821
-517.555395226108,626.7611650534279,1380.8591939690075
-543.2693254823182,611.9400777239828,550.5201116452525
-493.0420065429903,564.8382245032708,1008.0138347208565
-494.6754367596127,580.0418850688752,924.2800000000011
-540.0518014961635,583.0161927190815,611.7821304589816
-501.66109816547487,579.2022745112397,1124.0963663315113
-543.5948943158926,531.770291292354,619.2240650638405
-474.86295686958806,512.0333879076496,678.6762296615358
-559.1187757322018,586.5741141845449,686.1331092124798
-494.73352362469313,573.3066680252463,796.0603784167173
-426.65363627468287,598.9108021309728,1192.150622510861
-448.8505733233005,476.71433255632417,1095.338290761186
-494.95363805457873,514.7471135187934,967.4819134729378
-494.6176223235725,581.1555415203674,879.7376004173256
-537.3167241826768,687.1167268582321,950.6777853542384
-480.8812016953917,539.3308020178083,459.2805654303128
-492.29656309069014,582.7344763080721,1136.287963062345
-508.8214994344821,611.2637972997068,1190.3391051373637
-509.536674814035,692.1216264086561,1054.9870477777986
-507.69399678230184,636.0672707760868,1031.3732176160854
-512.4468151113706,603.0251493697033,793.4749714904909
-494.6550323081335,580.0443411551134,826.3996000000008
-508.11385022740956,486.27928973061745,776.3513551254307
-501.49792368901353,651.5047225179796,990.1677978067969
808.2006879670062,602.8592555500993,-773.6545357718405
-610.6207076747994,615.9895944138932,802.4707863991309
-494.65850335459345,580.0481493338247,992.31816
-555.2287080609276,550.6867527862453,154.39496693374082
-482.4206522180243,637.5791582284515,1127.881807191637
-494.67763723006146,580.0333064080503,1081.667
-494.68434842307306,580.0393810130647,879.3434
-494.662715502202,580.0465416334519,864.028
-499.594146168454,638.1559079786111,793.2458836677481
-510.6439815664744,700.5219321884751,1190.4750821740072
-502.04327787158127,585.0937090553423,784.015087951735
-528.3470777395225,571.7632762121209,986.0550588965473
-494.3163186824495,580.0180068293475,832.2755262980556
-494.663997335424,580.0491212616288,987.1474
-476.5005877832118,579.6603746685566,1065.929786884915
-494.6605589830665,580.0522878567426,626.1232
-447.4862060589219,557.8409231839087,837.0799801304462
-494.66428681072557,580.0492061924633,903.3098
-493.83615032294347,546.3726680174207,1081.4825888662388
-537.2744355911545,607.8368645979093,1417.8828202755974
-493.88901279074594,547.9370974608646,995.7560156651735
-534.6031529772185,606.114542317037,1282.5365678716512
-457.17651745262174,527.4988241832812,836.4459182611951
-472.3693089818057,580.214939039681,1242.505662604578
-495.25240507866897,589.1605080801696,1078.4605171558683
-479.020524197294,580.0068636097992,891.2052371208396
-490.4297598815033,688.0164566711899,799.2722601335375
-533.9753161867361,678.6835439559845,816.6676010404235
-528.1774247949293,624.138589217039,517.313232907576
-494.9229068713737,565.8589052941339,743.5554081800004
-493.7369804494633,617.666385302399,913.1721636988534
-490.9461826207498,666.6394703260016,1201.8514700670992
-558.2648534213131,586.4894696474877,666.9547824652345
-493.04913446970295,615.3857389318387,1171.326793454795
-508.48356183854776,566.916253191156,910.1193338906446
-490.9444386615219,644.3555596063313,1122.9418955496851
-504.5733965558934,436.8332301398084,727.3510294489729
-494.3027739316303,588.216382135123,723.357521096541
-531.4567926701448,587.2385693764127,360.9503684378292
-513.7239936056112,608.0804420923772,862.1500434509643
-513.534559766721,577.2671279691326,1154.5149889926313
-494.6655538730188,580.0537915772125,1162.4261999999999
-528.7590082402085,564.2627440852095,857.8217231464741
-503.57149303502456,580.6072950925,911.9466188725495
-483.1510309586856,554.9267771742207,1004.3661208306339
-498.5585091810235,491.2592242227579,982.028549371063
-454.30830533603626,599.3975089726514,1199.237670319324
-491.61777004270243,618.009301889389,923.2170060119223
-451.5777129671569,480.09993395190975,982.1449762718815
-549.6862341100295,553.367762167411,71.45023008566699
-492.0373014573747,583.0187506963623,1323.9163084078195
-506.5611059157402,498.4929512753338,562.4515953703116
-542.1297466221977,580.5846030037513,729.8075537691645
-473.07568664373366,587.1364382283242,976.8000514277812
-483.90147431042715,816.363086918034,1471.821737027872
-551.6364880749425,599.253580676157,590.5957977997523
-616.2494129193474,839.220955083922,645.3956578623101
-573.500352807072,705.9767030465412,555.4133059250704
-555.4697144894917,687.0346985081935,1109.7205920955755
-531.3064964507075,629.843945733846,1001.1230792525366
-485.5103322155446,622.1472581106061,1204.1947956957436
-494.6578268856251,580.0484232725387,691.7404
-623.4987063329713,854.6395018562612,728.6395679984439
-498.95656004426655,482.34117088123935,1156.2068707957424
-494.431033731094,559.6892275710173,740.5900195627269
-492.96067211418585,615.4716089644007,1080.966408153105
-494.6582035955403,580.0415569221158,1190.09536
-625.3103238976219,858.5098185987868,749.4482336704376
-508.5769560698204,489.1663791449861,884.4944904325477
-500.99604368864675,459.68481727313974,769.5711596206229
-494.67810067344726,580.0515268983995,1149.7845
-296.52568023881076,669.6311469757673,2021.9928128129482
-491.245907180175,643.0532193033538,1203.5984913335026
-546.9849639277818,712.4212560455256,1325.857826640202
-486.0946540258501,456.9156226257883,527.0820978277999
-518.1410655913121,587.8507551037828,944.6226372012379
-494.970174989493,602.0102411511762,813.9498302064065
-539.4266833612273,672.2281634143405,830.2212370610821
-485.22416848403145,588.736797198565,1112.736507167187
-489.1312724427437,482.5618557038558,788.1037380994949
-476.9222661606773,579.6653756097812,1023.4929599220646
-490.10044417500217,554.5581857447783,806.0684356825242
-493.07258793838446,615.0204884051075,1151.4087454071864
-501.2835457981373,582.7169541198023,591.0195887840375
-508.2640131918124,632.2579996309705,992.7905120998372
963.7291178898577,591.5601858535065,-761.6558915540099
-521.4860593095427,707.8248854182723,1087.203287517278
-491.13953503239236,645.1841544955543,1269.5292560482953
-494.6492118688493,580.0481512747414,1110.98448
-501.14681036597176,712.8149715344077,1009.2796425744814
-529.945205437017,571.3764652842572,1068.8120022603316
-496.8766449656325,617.3680162814048,996.1997766633401
-451.8084311565326,483.3737467005243,976.3354387936088
-494.4137213852016,570.0083198734176,800.7786569386052
-494.87750368861816,570.8631513335702,1053.1194561539564
-477.02345809801545,513.501530932399,1196.8389018381345
-531.7553274486936,562.8781419089614,998.5563437060405
-494.2390220232405,625.3325060900918,1004.713005942883
-476.69943049552603,637.1656459939022,1690.244869395724
-494.6628961288284,580.0574377800376,1039.1158
-451.9775127744633,520.2317017040291,1056.3926933160851
-521.8054977889481,578.4514935146949,322.7928694772478
-494.46940638828937,600.4748017473548,955.1027218370932
-477.1288025678932,842.0887843299886,1729.751932006834
-490.62379949516867,685.7907304072526,1246.324405416035
-564.3084638685414,584.6029007558,1133.8873888150897
-514.5264885193815,533.5425427659611,501.8176470226235
-520.7378034637502,582.6601166945354,342.64227415146127
-493.114007933013,632.0392819969936,953.6743960196685
-502.1462792033344,607.22943723754,1062.5337859969793
-494.67449606206355,580.0447626032183,1204.4279999999999
-563.6506312075862,584.5498359612336,1115.8549301026574
-486.7975101926704,467.2488701467171,419.7608853862695
-468.4379233639911,542.4053363177967,1072.1584279144663
-541.147915861807,739.5051882298103,1590.9035747429105
-525.0633551317856,581.348723912945,1051.586438355012
-494.6670618484991,580.0405544469795,754.8646
-543.5705992358189,680.744844173739,976.4328236296125
-494.6424734488278,580.0488199716971,1212.0948
-484.92970536382927,729.1557561348887,1204.0357956533064
-458.1136617147213,528.8213461536968,796.4554500364663
-494.8229748599024,543.4034470098266,614.2993593489053
-509.69690991545167,693.3175795755124,1074.342716299516
-552.8729226013334,682.4367539966563,1029.998921974374
-530.1188402303164,577.953365573904,651.9270194902358
-494.608828156076,581.2410465919105,997.5348768162283
-535.504812556069,588.0218202037781,482.88173220282977
-552.9931287919753,591.3752922206925,1108.1808934976095
-492.83013943585274,442.15928856246165,773.4216443663528
-495.92591115821915,485.9007705387271,630.2030867696449
-289.535297732908,672.7870777242217,2119.8253116207666
-496.0331994429241,629.9582646147221,1044.1226705340378
-532.9569631753998,684.1710580693875,1110.8943261190532
-477.76862146249596,579.6857748466352,938.6193382067846
-507.99132219408375,637.3948615866711,1073.8027133941052
-517.7404833627902,652.7511378644184,1059.7467196456505
-496.2789709258984,580.8819508800125,974.3026554005664
-495.41115279417477,596.2627119600295,1104.5266466913965
-494.67196042019145,580.0294516416468,834.2228000000006
-507.1357026077676,580.2656473462608,1115.2296575714813
-544.7657010800017,529.5835920686936,752.2734682205214
-475.8646173878544,509.0915038435528,1325.8110774760473
-490.25010765553293,537.9446406057641,1098.006232566349
-543.6533034291865,617.7030858516039,761.767919085851
-494.21902463988226,638.3495467522525,1027.8559026512867
-494.66165076302286,580.0458505351364,1224.3324
-495.8534114494564,490.2057369819031,567.1915825285942
-530.804369348622,587.1035007506341,340.62769729034187
-484.32696910559025,579.239127486986,1109.327672650665
-484.8933902979161,589.0508254948077,1177.5856405850495
-492.62705821586314,667.2580713774148,986.3267143291869
-494.6444710129326,571.6432295908236,904.212016885576
-475.05191736554207,588.9562576912149,1141.1785465933067
-485.75649795663867,569.2372545365156,1230.3920716158664
-499.6640062722199,638.9592754744531,814.4420083025425
-492.53430744223715,671.205162793347,1064.9513552739174
-488.4656142103354,618.683773135698,874.5915086628388
-496.18127121651287,546.4349932830669,905.8704419944345
-515.6041542400512,530.9903993615894,570.3509153974692
-494.66184425727783,580.0492962634094,719.1912
-457.0740660176448,598.0757978624665,1065.7053442084493
-494.39206224228974,494.2257606816979,708.1961399445229
-506.6565065490654,641.2153124143207,866.9703754065963
-599.8578746429478,580.8680525483053,777.1221222926422
-494.1923965746794,605.2294580414464,1167.3338573575188
-479.87893091771343,536.3514268593344,547.7483442915557
-507.4644189649405,492.2753655929737,662.7256526160515
-495.75555418883096,549.5507323788804,783.314046013485
-535.6170632583035,705.8965986081885,1341.5492491328282
-482.775452217938,514.8706098295129,1072.2417351018103
-541.9982159306351,532.373541119231,668.8906781453651
-494.6505900631437,580.0511793162243,885.9074
-494.67164930590843,580.0492416542128,908.302
-494.68531362977046,580.0568283297185,847.3414
-495.99740390357374,534.5094323965046,1202.722713135318
-555.79754969341,600.6500243068282,688.5107177850264
-526.4076386904158,582.3911254344056,1043.9358390141215
-502.14066268841384,597.302096398575,1278.1762877981241
-525.7880874704447,581.8717236984309,727.6925476763744
-512.472660151448,485.19814314517043,499.7199414886377
-494.4216058569709,570.2933560686427,757.507503440578
-491.7492752362882,616.5767126104977,860.4201239877688
-524.6440979587574,549.0694767839689,843.6791765529205
-509.1553840269353,485.517786522572,950.121357900555
-490.6571677745726,684.5946225815469,1223.6906831039237
-548.0573226072838,582.7976331678351,650.0652660097408
-494.67175576623913,580.0358991125844,1227.8782
-538.1666491602579,573.5060218146141,763.6316894432383
-469.8635114001909,544.449810171148,973.184841711062
-553.8931650288691,577.2088875801585,705.8682085131405
-499.1826127027575,620.6785585367945,1261.404473846456
-507.3232406158495,532.3991248585128,805.4348741761519
-494.6702625183657,580.045796271238,1046.675600000001
-495.87714867396244,546.3893966153364,942.5654607805536
-506.28712560982103,739.9208714322406,1941.7072450436153
-566.0067201273384,677.8221458609962,1083.3837605604863
-548.3272600152147,672.8858518287648,841.9491175018903
-488.1514161599075,731.649080947129,1234.2175404325983
-548.6739303857967,529.5041167237484,1328.1298508739715
-485.6322578863651,497.4057159542044,977.639180513233
-494.6784880904647,580.0440295742706,866.6628000000007
-550.7439141555824,700.127121729227,1153.2538662720071
-556.5212619470271,577.0719295554186,769.9712242236712
-569.2740999013768,597.4933974901144,544.3590372566019
-495.7454531427675,557.3694734798651,810.2976333786769
-494.2189266434466,589.7089878053167,1120.755961550509
-551.7006034548767,691.9247498045911,1173.9464612450904
-515.2611987682067,644.9058227455204,864.3466870954401
-496.18615452139306,683.7600711642929,1062.6425686566324
-515.2442521539801,642.1577977205482,710.9044886111836
-508.4023654763673,490.38398108790614,862.6187865421805
-546.4030960764871,726.4012647557888,923.2286669173267
-488.2088860739191,730.3844126632086,1217.688176315453
-522.4439858442092,478.803943641195,1215.0697879860577
-533.4746584583809,587.6332228034667,421.9162519557804
-493.17304503766627,565.9951231142131,874.546291573038
-541.8648195592064,742.0002982741826,1627.4445665203164
-434.9208151094972,540.6579025125266,1086.8265736059946
-494.67107113166,580.0481041576113,798.592000000001
-494.661102639152,580.047281142588,1007.5840000000007
-494.6480091188391,580.061623949533,582.3784
-544.7475072834754,683.1722029252285,1018.2081431319921
-514.7893483308185,609.6624651964477,953.3667936870788
-454.1593309713385,578.3383855535221,1222.6262389635206
-550.1256010531681,675.9998503320835,895.6611811068249
-494.9369166649135,565.6464627008685,765.3759229010815
-493.89849710699286,548.3354105084661,974.3245139694604
-487.8358908122141,739.2088392650164,1333.3953606124958
-477.5512137465553,556.6381244168178,1089.7810559560717
-494.6606443157393,580.0610417829489,757.0304
904.8633534407982,591.0920212513211,-761.2624822113539
-496.55552494168387,912.0425846485989,1372.759095628833
-424.60255924356306,509.3660164872253,1147.987685412053
-493.9011194337595,611.0078216412799,989.7076180938169
-549.6195798963045,697.6930547351686,1114.7263139262743
-490.48562031547385,540.2599659325579,996.4913773736253
-494.349017043668,587.6701414147715,850.2170788776294
-554.1735712385644,684.7393156347714,1069.8594882288955
-494.6803994477941,580.0379468526503,856.139
-488.17981775959834,703.5450125652003,1170.763174103627
-494.65773198054603,580.0481296140697,739.8966
-524.1293879588175,634.4478521876608,652.8037338716093
-535.2382819066163,530.1872145777577,810.5479847692792
-534.9244765223466,681.0863759326332,854.9567381134019
963.7429089182024,605.6745415349762,-788.9910665604166
-554.9584845884362,600.3727587460261,668.9280195440415
-482.4153171776684,567.3609908415923,627.9629190348555
-510.3418708993545,745.3692022413627,1324.9813344061527
-484.86295710955983,587.7899770770339,997.791943412539
-486.6676281592895,465.1818033982697,441.2251736877554
-561.7947814792201,584.4185870664857,1098.5943232515785
-486.2411239487906,569.8030782889484,1123.521011360136
-513.538837985963,486.7883080291142,646.1624235405358
-543.5696021194647,580.6431493960351,876.9329769841491
-494.88365235794345,571.0622232072697,1011.1741854558752
-494.6662800113245,580.0409926597849,955.1216000000006
-529.8479383138174,582.1290477979854,921.4551713613346
-546.0490285653966,523.7565738002986,807.2542476581807
-496.48027664520805,604.9704319223655,949.7292197186247
-548.9855057550103,686.6066024993675,1082.4832759231756
-526.1897550739566,561.3478644592185,603.6867000508478
-472.23601174549094,483.73312404674726,984.4065383919365
-494.6647305116594,580.0460072494711,927.0576000000008
-494.65155073975984,580.0393348277619,1002.5068000000001
-532.9425894668507,613.2433501039411,836.4968673376891
-487.7943398242537,579.638770167426,668.4876352184982
-509.97815685204114,638.8328447523154,1212.3723216958078
-524.2099607213381,620.332746453176,795.6622471870517
-495.1294608357355,588.1341321952139,955.6982320154793
-509.52263518804693,580.0223764030086,1139.7164381990483
-490.61130106183964,683.1536287743991,729.2847715306008
-494.6642061133266,580.052790411748,819.4058
-475.8562966385689,588.5878918214362,1063.323006924643
-495.79789935880126,540.561259925876,943.0116581423345
-501.441057866733,582.7942404612911,626.6701424434068
-471.61499241297815,501.04186485058403,1489.847881818766
-548.4863981857361,695.2695938486887,1076.1983671429484
-518.0867790145976,581.4308996971525,812.0576925353837
-509.5576489134269,644.0599805823729,1285.948473559898
-554.9433146704919,601.8052550788004,698.8519254400278
-494.6902245447741,580.0311517243084,899.1578
-493.02772580849387,613.8161659915722,995.5008747431391
-494.89130657138094,556.4240593221891,800.2590396485585
-475.0766452243952,668.598251247649,1444.3221574719657
-494.6700208599318,580.0446293390651,1033.5610000000001
-473.22500747800177,677.0051526555279,1652.992360352089
-492.3828863425824,677.3215678553456,1097.154000383449
-507.03096066668513,533.5041592831933,769.8699624158227
-524.3393564151372,471.8767184691196,1349.8090315897243
-479.1243002965797,534.1091607240505,614.098805317703
-494.66466721638153,588.6051672584259,979.8122488270553
-507.20866152903545,591.540055207458,973.6493893305133
-568.6474871927262,698.2141338061144,474.8399272033762
-448.07371377795744,558.1324108915833,816.7137783854598
-486.38627453339313,504.27069688897836,833.8885667562781
-494.66402881786644,580.0290583774956,972.9088
-502.09850838154625,579.1491724906707,1242.4856999380995
-547.7734327656451,614.9220101781536,671.6060351333263
-545.5484402128845,582.484046845464,614.0163887835145
-503.3935224456177,611.5222144243658,815.1448610052063
-490.53886498946827,568.2466096334556,879.0063099112622
-494.4121720191083,495.5623031843081,685.1143393955665
-501.4708404190019,579.221877913091,1073.358089512764
-538.4573490570219,686.8491545614756,1415.8381789869295
-495.34472736504813,677.3707342356588,1359.2580246012449
-496.2192634494486,520.8895371366102,1116.362972356954
-539.524571234462,689.4775574063701,1469.0949858168515
-508.56902525153055,633.4599333843221,1032.7143241629442
-537.3674395249402,638.263017687932,1102.212780018783
-495.0406701787249,554.7280021259496,652.6789325264299
-494.670823849264,580.0340929000267,735.3972
-546.7587148309894,620.1035553156576,858.1250477321754
-498.0273697412422,451.4008164000457,761.123146145404
-540.2482631796088,691.2128848059842,1504.600048415221
-501.2986164096492,715.8245254192941,1049.1496897812008
-518.4375268165891,587.9360517302825,965.7364283082368
-514.3775247994508,609.0263993468683,916.8799736255994
-505.9628902127906,590.3813820624973,801.7334233587161
-491.6179174352883,507.5906429926169,759.3530316947746
-552.3771144361008,653.2531650385718,748.0663168993614
-507.8396993436968,636.7323424569101,1052.5879369836296
-530.080121824762,573.7154500494022,681.7155946356065
-459.730073146663,563.0781428359521,842.0818771258752
-508.2999269598786,567.085327769721,889.3590739052852
-527.1501899535108,578.1303536225694,534.3790926098392
-504.6496264034572,606.8025119362705,990.612688531151
-603.8213117710784,580.9016479545726,834.800399122602
-581.2162412822283,600.3069445698436,752.1604722642197
-476.25103793673225,510.5574315150625,1282.8201842907345
-495.77556585125603,541.5717896366931,899.7265246786384
-494.34266565791813,587.3748505222763,788.0840726988823
-598.5356241891645,580.8578137402139,757.8960911739833
-546.3892979469504,596.786903300128,494.5084130285446
-451.32418254715094,482.25639748035917,996.1689792339043
-541.5143544516222,533.8242115159804,560.4319975736589
-512.9531779496931,489.6878378735878,602.8385801475606
-464.51124353804744,576.548161257597,936.944226026854
-494.6662353268032,580.053225845174,969.2006
-494.67836554684436,580.0392156538126,761.4015999999999
-449.83273021149716,478.93624046731827,1055.6707133155958
-494.6746955415824,580.0489362760318,886.774
-494.6513902855877,580.0328358604859,951.4988000000001
-565.2423827649168,630.6324196102514,699.8672648371765
-491.43106144089325,614.4826818937802,1150.962836318869
-536.0652974252021,636.4932504480232,1045.8066024539405
-422.39063076570847,507.1136978576379,1208.5356799248257
-529.895739407269,610.5812369344899,709.2508879147089
-493.74030369158936,617.1879519087477,892.122030657942
-494.8779064468731,556.8126089992829,776.3321823054627
-493.76726580416516,638.6365703615713,1057.887239642849
-490.2101469066315,526.9651411463054,1053.5743992411794
-494.12652482550084,583.2521519569061,907.6578282517038
-500.8271205495307,463.07702728312324,726.6828439495858
-517.4292743413444,578.1752403110261,851.9478381613064
-494.23191680785067,589.2068047727197,1024.050475567844
-552.2479098869244,692.9804584769659,1192.2393351736275
-503.76550653142385,406.86366536562684,863.5160298288174
-552.6507259911168,583.8296896398393,846.9904032330481
-567.4521353402004,679.8213073200802,1120.7847213984073
-508.1024513583161,631.65930723203,972.8286043639629
-492.1719825574801,686.8104810247453,1277.600470469702
-495.04437984953915,555.4650445157029,611.1962973294931
-482.91272807877317,515.5942919814888,1051.8329735077727
-498.61817311413097,686.5694100205801,1206.0566020688514
-514.1095109906744,626.4092058159163,892.465092081893
-495.9126660091533,544.6300431937423,1053.1343398072934
-506.4478209858862,523.269609573266,169.0866967994089
-494.7462601767588,577.7834750446702,967.5753408962969
-494.6649350935336,580.0458583077168,1203.697
-549.7018323578427,664.5363873925332,1159.4583853651486
-477.3416238325012,579.6735553919755,981.0561104386969
-548.0429301466138,647.7718958787837,635.544169937389
-486.26897512337746,595.1881197612864,872.1073317377075
1244.793775998758,619.9653518718421,-805.8565706871523
-521.9412956469878,577.8039461382991,1169.7137622272182
-494.6671819965568,580.0405466754664,667.4681999999999
-567.1430901827762,632.0173738115736,739.1527256401081
-535.3645035023301,606.601501848896,1321.207021904043
-501.1610745766375,456.3037596791089,812.4603668939004
-494.7660547114383,585.3260716195223,737.9571190839001
-548.4510119683928,685.542916946921,1064.1904348512517
-494.6589176384082,580.0533755484555,970.988
-501.1576290042499,512.0258118833315,989.6673330283514
-501.4144547401229,509.39614480470345,1057.0665749696104
-474.5850692199697,579.610498855759,1256.8953227213692
-494.6645792567547,580.037972636627,854.8355800000008
-510.73815453204224,844.992371943111,1720.0537058738132
-482.35008360326356,483.6023079148481,393.767748182078
-547.6290155367969,729.8392582756292,962.5543522007819
-494.6574980180899,580.0538552080416,821.9300000000001
-494.6507145878577,580.043084018029,853.5369999999999
-558.6212822738071,583.3319097641929,927.7611615659816
-491.6285909981293,612.3330146051186,1031.552853322003
-534.4912785169404,614.5620043566428,900.1195132931277
-521.7358002681044,582.7653541137556,384.7119554490936
-481.7186381180386,551.8043473199955,1222.867270461766
-492.98420015191095,616.8525343079164,1250.99888793604
-526.8837092575559,639.5716137443037,784.9140856991902
-508.47652407128953,639.3927211835314,1137.4463899679486
-513.8726611250147,625.8637943660151,872.9573258520248
-518.0370047046672,578.1151250809194,894.3165287575312
-494.13303056599466,629.6912334822779,939.9417391665669
-565.9846927402023,516.665968162743,880.0110388297644
-494.9823136907171,565.1272110946941,916.7619969578858
-493.12474469217614,463.3937776411969,538.3247534863453
-553.5236958465034,683.587340733123,1049.9292297613324
-534.7334468058452,580.5411017280135,582.9137827409477
-494.68305437463414,580.0385299090162,976.7902
-466.79848168880335,623.6768883077597,1162.58701665538
-494.6612903745215,580.035050083349,975.2714000000005
-501.34031400466733,577.99320890541,823.4312283637603
-491.8499179801747,654.3401724966583,1348.0070073928841
-494.6571054854526,580.0525943739927,1071.42904
-493.2230536138143,559.8958189823134,1161.200248925311
-494.20738790667474,625.8642533643763,1025.1150551468893
-509.8182634711252,613.4235398450958,1324.9002957974394
-503.25564104912473,580.583842361661,854.7554476986322
-495.8256237150367,540.0600054845739,964.6543197532374
-482.9499531863553,635.0608537557958,1045.56174640425
-533.881756266665,561.8904237230927,1099.0813488695062
-492.33459367492287,679.4403819380198,1137.252730551299
-552.4481854537407,703.765410096253,1211.0454839091594
-529.714390386252,577.3692063684298,960.1670037177433
-494.6775880946866,580.0454540424194,916.5662
-488.0175645500317,621.4425864454449,991.4570883762794
-487.08590718601863,570.872350676224,931.1532220986373
-472.5940024048559,587.3009057990645,1014.4389491744398
-482.14414605195725,638.8410216695814,1169.041651866583
-499.99321548136527,642.946577527609,920.4239524490881
-507.11029818214047,494.76183391117365,622.6159310848516
-494.67260122826633,580.03323728594,1073.66952
-506.7493814333402,497.244276419734,582.5060359145116
-493.12057628350885,558.5629363044286,1288.984799907198
-252.34460346013157,503.3353637051316,1243.498312731583
-517.2034734862814,678.7804759123511,877.5331080217879
-506.3815266373408,499.73260978389317,542.3965483891716
-547.3295627966363,628.712690617708,909.6275066093979
-552.1742991843362,577.285055829677,663.1314966465534
-561.6426794702629,584.4286923894672,1061.7585170291534
-493.2541853415671,566.7695295507715,785.5679583787421
-496.1872013655029,546.0520223330188,925.6165877985403
-501.78900511633856,605.9884031137874,979.3577573671079
-557.8414389344234,581.4972591581384,562.8050855936964
-529.8836470526608,626.3757130862923,581.8859775829874
-542.2024593187955,533.1409849835028,580.0295985161154
-493.11052671687594,519.3053103520518,853.6236483728646
-493.9194845754573,549.909857740972,888.5981244032047
-474.3818569152618,580.1890283771311,1063.5985864313834
-545.7869295426576,724.6911812883927,903.565160016716
-492.04781068049533,692.0851541439092,1377.8483562397867
-507.32561154931045,397.0074130345413,1138.9270405532616
-494.66836876940533,580.0389193527078,903.332000000001
-491.50082585168775,695.0529034281099,1169.7114439282261
-530.5007519007704,580.234355491068,949.3654890603061
-494.68890513945826,580.0265959213378,858.7374
-514.3173081171162,570.8334875554333,781.8344528602759
-506.0800460083342,569.2069005017144,619.4735794656043
-481.05997508617315,473.3600250922259,515.4139712477427
-494.1197338735319,631.8446307511971,1013.4630518076317
-470.6980171347477,562.8127562353228,975.554906390885
-487.90833265746915,737.936398145923,1316.8664629007774
-473.1690916877428,580.2058926052082,1170.9427851819464
-431.4797982353207,684.2711937417507,1252.4897046512356
-527.8405047114825,608.8037204958898,624.4208719774037
-494.6126530713973,581.2230829091774,977.901999844032
-535.4913277750512,573.9065358993435,670.414111034558
-499.24433119481546,621.3131449251739,1292.3693042853827
-535.2025406414296,704.7203387774794,1321.7435783448464
-496.3435904764142,603.2072495074154,829.3248333410975
-547.793360963653,596.2032806326516,940.613963528081
-474.836176516043,580.6732042815437,1075.0276193760253
-494.6802417621843,580.0523636609696,1237.357
-491.31472467515505,500.8635419265027,899.8180097254854
-569.0429074406443,633.3933272941813,778.4385091991226
-548.8170008338614,582.8212294259961,669.9005045879
-544.8569862736208,582.43221845078,595.2065853590203
-507.60934641355243,531.3223328142908,841.0005669252068
-502.6185564832483,598.4366771653135,1412.033975840481
662.856536031848,600.4745425453002,-776.2247138830935
-492.90104736869534,445.70159776584666,734.2391421011505
-544.7795285454065,612.9266810310423,590.8819715405032
-494.67479378775624,580.038886231936,1015.431000000001
-508.88924939533626,634.6534384816132,1072.6382839535756
-477.5813599421458,579.670505263799,959.8379846794224
-494.21144216828634,589.8025882933028,1140.0970907220292
-561.6956508493427,586.8363133588261,743.667374490157
-569.8573497798541,700.147315437152,494.98417936169153
-494.68553873387464,580.051716632374,948.9424
-614.4477034063225,835.3505862389584,624.5863801476096
-494.6973757860819,580.0527536715787,969.2626
-494.66390964175116,580.0398562175287,1100.275
-543.3809498834612,530.9782026793675,710.5820890287669
-671.0743868214572,675.442536608736,734.9809288665542
-505.35192805371116,425.4615761249552,844.9447531451419
-474.14440918685705,672.798207242421,1548.657363763241
-553.228478683166,654.3500032908248,770.5713137176479
-543.7628824981589,534.1018814824895,1139.541117070582
-529.1915977691515,580.606555955911,851.1284631928345
-525.9365010732745,572.3598477286873,861.9200146282487
-484.2340482097211,579.2341494555363,1128.1773453110584
-502.7369771686267,585.598361110435,929.9538277009614
-544.5430022080077,578.8545982713281,1367.3800497918437
-485.3585393017902,485.6260083253584,711.2598161751926
-494.66661641636847,580.0313172377746,873.6641999999999
-524.7776956721546,578.2739187761949,440.3406689822163
-505.24346781116265,589.7647967380356,706.2245873916435
-495.9475904434987,626.9832976623723,936.8444920100671
-562.3565511927336,635.6497020782142,748.5945315632315
-505.4930962538033,609.101761552482,1139.959052748951
-467.3046320006654,466.1983530051175,950.5845455510253
-474.8571872878697,600.2460102439106,985.285974609212
-491.5077867691091,545.5228944730225,812.1070206101934
-490.5360814397186,530.9875452472755,916.5534433323702
-494.6555696793225,580.0705986144958,865.1964
-491.3223639224907,547.7916776637626,1018.6000815377076
-519.3176800728352,581.4932294140634,893.0894396354153
683.9670771121346,600.8437444045444,-776.6607628400307
-551.9844534337681,583.7760424349573,827.6350004260214
-495.982000685764,628.1776700641019,979.7556220509179
-494.9244202764162,516.2608369093241,928.1692883257481
-562.3162602557691,584.4691766662206,1079.7905242478557
-494.1967513386717,604.9395344910022,1144.4434775116601
-504.6871217087951,434.9504076419471,746.9510023792878
-502.1125125738631,732.3401633394708,1268.4375328841998
-529.491026330569,672.0765015346342,946.692123641034
-531.8959714102643,582.2473014062099,1018.3361515406907
-494.6531848244131,580.0481576826676,997.45184
-492.32824113357765,623.5678597956299,906.1408665001477
-463.84772607866034,576.4756253636504,973.783816458424
-509.653349428675,605.9591741075592,1394.501381489404
-494.6871273774959,588.4845217262294,959.9038186554825
-458.91335814480567,597.1885425800901,976.6837557315287
-544.1603701384943,582.4080864302043,576.3969082145812
-508.19416278437154,575.5969997865304,1219.8074179494686
-539.2659095098447,692.9278072643743,1019.5630973441508
-593.7421919827812,592.4261584232602,609.4916523462533
805.5796159459624,611.6008514091816,-860.7414303311562
-568.8189665531643,640.9480157640685,891.825775890344
-581.8814620231942,689.8408441598751,969.3923947766832
-496.20120995991465,685.941655862631,1100.6059004122542
-541.0187049025842,628.206086651178,954.4146825814153
-557.1133026615194,610.0193075121238,950.2213501644239
-494.6657733719453,580.038710628586,847.807
-494.4976013958553,539.6116149691093,869.3462716533264
-474.8292278242925,589.0575395610963,1160.6421834993766
-512.691618816862,603.3378408402866,814.5283444295203
-499.03715525537746,480.36564856501843,1194.9134872475813
-494.6803744912222,580.0439781809152,884.3696
-493.52277938019824,562.5277574984079,546.9231624949223
-494.655331765553,580.0548736572052,1286.2386
-493.1388754605134,520.0615653766152,833.7252749037309
-568.1850622795473,680.817084452458,1139.485053618305
-521.3617819017163,482.7658333350223,1138.0760769300437
-497.978577206256,452.9589127304336,742.8264333873735
-507.2863911041402,493.5177885253336,642.6707532047616
-536.1685910936608,685.1205940574872,897.0460497724218
-488.76532086083216,558.5750541471814,606.1824460311371
-558.8051521848852,581.5242560141273,582.7995256430574
-502.7850630735229,425.77476601080866,687.0350823847012
-494.20926484503434,589.9031343106673,1159.438187483061
-494.49549223778513,540.0917864989149,850.169610604848
-487.924822414911,622.0061233864719,1014.8297382148784
-495.37413605062693,500.65748744745724,646.8914984342136
-539.8828262378199,690.3453358981315,1486.847570450843
-494.64468185642363,580.0529298321271,912.7201600000008
-668.7503299711298,674.188961110224,715.4085678485968
-528.8970742682932,580.2285547398884,872.9661156090244
-512.3064005637164,577.4573009657279,1030.9270573350614
-501.53793245857423,582.8230501821968,644.4953499641645
-492.25988328483436,682.5968543051499,1197.401858267472
-517.7839985939995,581.4176906554661,791.7996796016444
-506.1659010250846,738.4090801833484,1916.3589639386391
-548.903761128603,648.8567896248226,658.0493691526648
-495.1812902984616,567.6758666215954,453.19323973750386
-527.9479970743873,571.8617740654713,965.3658243885747
-533.0940431589515,605.1165765247107,1205.1956803000944
-619.8827064417683,846.9317918639686,687.0168370559715
-491.4121111662432,548.6338577165702,972.295258458955
-616.3466983704391,593.1530767863362,235.87829350999758
-507.842658959136,575.7062258267756,1169.0682503499047
-555.4674877730317,699.3675967290219,1301.9958600636844
-527.3491090064947,546.2781566643823,988.0474959047951
-532.7263012472135,604.8723661339933,1185.8602130747477
-452.6321861231331,482.5167469495192,940.2081683549999
-546.9449005509068,582.5519203874508,651.6356063574742
-494.6680821276882,580.0444652480619,925.9110000000001
-473.3752738341818,580.2064285831414,1153.0521214737312
-453.72970709977426,502.7102502727522,1166.5676751408669
-494.6622054999343,580.0362707624224,934.9718000000006
-490.94887288477594,761.8176095620863,1245.0313285332215
-490.9990758473141,528.4134398316328,1054.9411836413733
-511.5020420609842,577.5525464871871,948.5349143412317
-494.4590084731424,573.0801798653517,666.6738436638591
-471.5131438934551,483.67173672348326,688.9183410310666
-490.8540308246859,679.7955281589575,1133.1569480767034
-521.9796128666844,586.7022146251015,715.4917918447428
-491.45005062182736,697.7642410322233,1215.1617326293556
-507.9269414401783,537.4789206633864,973.8563261672766
-496.371955725469,603.5002869801148,849.3922371354091
-494.6683690466152,579.739490373096,762.4042358271832
-642.2630517963978,581.8292549125292,674.7707363651525
-493.0414500821289,516.2888405309433,933.2175480635517
-502.3429366176347,434.1812031893561,608.5993136372274
-548.9272878473878,673.9118047160509,859.8536057072945
-454.8133014509117,524.1849580890926,936.4213361376844
-541.7122607558388,594.347409447808,746.7958223967071
-494.6667996957772,580.0461934959665,1054.6151
-486.4566664539293,617.7277756362078,998.0509518962384
-491.4668523045639,696.4087762484205,1192.4365531300302
-563.423378158845,587.0092268484633,782.0231206158103
-521.7868021819299,709.3345432842796,1108.7721919567416
-514.9306096723703,641.194056952078,688.2816051849803
-494.6471385929731,580.0443490195823,850.5354000000001
-477.60923670828606,634.2641778262926,1566.4200677825693
-466.4805470907527,624.1659971893085,1183.7929088676312
-494.7476303990188,572.9725650050239,658.8022323968072
-510.8682963811034,846.9292728742018,1738.1705739672516
-496.9436923726437,618.8855581974317,1066.2407459782794
-584.0256789715577,692.5649413092717,1011.9095492895498
-478.44750575449893,452.91423556894415,758.7099420348792
-477.74894311782305,556.9001655058801,1068.9278460521657
-495.6696412991282,552.2547030850887,646.8126330927519
-532.5497696314737,683.0935211163153,1091.5170472098248
-509.072356303315,580.0212316233315,1082.218189084112
-302.3601476915819,666.9696512734874,1940.4668301808144
-507.9045737473534,530.2422008470692,876.5661096802503
-494.6660389178719,588.4032280666205,939.9951949025896
-511.55225724103184,661.9783308318192,810.6546305292943
-449.5958152558569,578.1400075430668,1445.546961965576
-546.8674667787427,527.4802784684193,814.8095175649732
-500.86649240878637,578.1260903688549,710.1051656491964
-495.5204442989866,621.4553907498655,942.1164655114192
-532.0601500596629,673.8707668430416,740.0901222490654
-494.6718010119512,580.0379255538683,914.4646
-518.7201991505376,527.8709289900346,968.8088752233649
-507.54542791196513,554.120367228611,802.2470724528374
-494.9484458639124,511.7852660853157,1046.1092909583892
-499.2126911755299,621.0006596075436,1276.8868171458732
-433.98985820295184,680.1331185667989,1173.2595993351983
-526.4223278307272,638.7102025353661,762.8960498005066
-519.9078122496512,700.3409704100238,979.3559384545424
-492.62031031828064,680.9270869422301,997.8421272075707
-494.43469556310674,560.5128289113305,680.434086914867
-565.8823068189836,593.4746699161087,354.1342153597455
-494.6557892185763,579.7258633230713,852.9074366732038
-563.0886749612287,673.8438485451127,1008.581678815561
-491.3545303585597,640.9443241716366,1137.6668949141892
-445.66647509940003,556.979215076899,898.177080915817
744.7585440492821,610.137154143066,-855.6903654880989
-503.35874844287355,580.5896708768298,873.8191821642138
-506.9917374612842,493.957489387458,651.3437187710538
-509.0997146211421,611.8836004295722,1228.785167949637
-487.9466229186369,736.6857158405057,1300.3362780118405
-476.76784570848554,555.5784569095845,1173.1937677325686
-535.9457454603753,585.4637210358698,494.6771712586182
-494.66954029205317,580.0230117329468,851.5132
-494.82358348868,541.678783255484,679.0379235793322
-494.6505332441993,580.0624915079707,578.0574
-487.2914028372543,579.6125135360978,775.3027065250669
-533.6862319219922,532.0984779180192,750.8170652105161
-521.232345497195,582.7224069327569,363.67720541802623
-495.488166930204,620.4720584601685,901.4802124984999
-494.67036256276606,580.040530332555,838.5272
-492.866385535724,661.3945825397091,1092.188619130731
-494.65207219193144,580.0468021959757,975.7471400000009
-552.7677577190691,607.9380573714129,831.7763002582693
-495.65304361620565,472.2359393194768,1107.6089365972075
-531.8484431412742,577.2120882764843,1064.9492056329461
-512.2068849088764,602.7088324142787,772.4215989708616
-614.2625917530106,592.9241187643722,219.03687478398112
-518.8098347216619,562.2815986314534,541.5255600439343
-659.4692324369562,669.1601693656116,637.1184123298583
-493.0424675407644,557.4274724198658,1395.471610488034
-496.2932745253993,518.27753811211,1198.685191146664
-482.8955869468564,554.3539531691813,1044.0935575101187
-494.67119768835437,580.0392635426073,807.957
-550.034680596593,616.4040019545475,732.1489160166605
-570.0420304631789,588.7703587207634,443.7391299507475
-502.23996163397214,607.5433863747521,1083.3277107105055
-472.58871009279574,580.2042012597813,1224.615117921603
-429.53068707879424,494.0761107635576,1010.2543856215487
-494.9755096229203,563.1668348763247,1027.2231708669246
-492.9529792651101,564.0795790007442,1096.9923422364027
-494.6649854626876,580.0351328025712,1107.721
-493.89247939555753,611.3807221929549,1010.9579149637455
-494.6526930373875,580.0562032424575,1265.6032
-494.67341092022116,580.0392252696106,819.540000000001
-555.3835028697399,526.0882523257841,637.3955157088591
-509.5182460425392,605.7104941257539,1374.4090043648125
-551.8785553593784,702.5620076077236,1191.7810974227052
-556.8837419962906,584.0959964007258,963.1148664443838
-494.6692891948119,580.0489293089381,1184.8135
-506.7276020502877,541.3702981977358,816.0440291486868
-522.7224789027864,582.1239765434583,836.2341187642199
-494.9614063284789,564.6095771551223,874.4788854672369
-493.0443073522665,635.1310631473107,1055.4236762444484
-506.6679820837837,581.223854271353,1502.261847470482
-494.668025626916,580.0507249967096,947.0716
-507.9100279074287,487.5662568777553,755.5174777243403
-509.58916410794063,737.4432704769154,1225.4183586533877
-450.53538674131914,477.6794636748615,1024.0818335703968
-494.6840563419887,580.0237745625338,993.1414
-488.12160697186937,704.7866622195572,1190.1363863837448
-483.5774620665625,519.2327477693825,949.7897169547471
-552.6639648854211,598.8126069927998,645.7966692774377
-469.2952392930906,543.6372686531687,1012.7744135656142
-582.9455638925751,691.2059200176423,990.6511651676049
-256.6630778588028,504.70178433401884,1207.9766647645276
-527.6200634205761,623.3857075959493,495.7889351407593
-501.40681489172493,650.6771212193858,969.8535734475405
-501.2545762915795,578.0245676045392,800.7659743591053
-494.68288317309316,580.0378525131332,893.6894
-523.5808312042946,578.3416825898028,393.32182627768833
-495.4637384402149,543.4131846600992,853.8397150965143
-548.5429987838022,615.3946857021767,691.787030214177
-494.7758202366733,585.6187544898025,822.5203515846174
-498.58393241791464,429.6314637569032,1017.2806999999899
-494.6769255580325,580.0407637769097,815.8542
-541.4830236288881,628.7150447464163,972.1538468827968
-494.66592495009945,580.0363554419009,794.6514
-493.15083450160046,613.5499113581413,1071.736746117522
-494.7665961792718,585.6849187716339,843.6611929374233
-524.5702823125853,582.2517167142763,940.0848939318216
-538.663663523228,593.4345789221233,649.8868544275564
-490.4803286704632,530.3200154161071,939.3903550741553
-494.666880430882,580.0456985291721,841.282
-494.6665108875145,580.0377876206896,740.2964
-539.9796870406728,634.401262119854,867.3554269578854
-536.168027799373,573.7758285856171,693.7180763301817
-492.4087868026286,622.2270105552137,855.2207870184079
-536.0032722311246,580.5495924756449,624.9163014574298
-544.600375658679,596.1965452462396,451.2832009291731
-495.78454623449534,556.2435192558307,888.0578343926229
-494.4598640311624,573.6093629786187,564.5509902237759
-517.9813685622628,627.6448166524999,1421.492258053881
-654.8365024800528,666.6391467945812,597.9729173265491
-494.66532023430955,580.0410598935218,882.3503999999999
-496.89429210572916,617.8776048626273,1019.5466598270656
-494.6720831854482,580.0506303938666,669.1302000000001
-450.0169462894496,476.48056451476225,1045.0511903772785
-494.7439457551286,573.5848772753784,535.4061986847289
-561.467073388684,612.0920726443733,1068.6662201459758
-509.5164906106347,483.0922308011185,993.873274602543
-571.0714541633001,702.0991774393037,515.126384352572
-494.65975997617306,580.0442596611059,668.482
-495.8326836496458,539.5627874877979,986.2971055502835
-518.3831045463335,581.4471066536458,832.3157994629595
-520.2168073569264,701.8450047198933,1000.9250644229558
-494.4127559287731,588.7056906382177,1067.469003626856
-494.6628900456035,580.0472921648442,1006.73236
-501.87092428260803,655.6942786243485,1091.7366794496463
-494.1050505883154,632.3924164524091,1031.8430861432616
-542.3123412969749,594.534559210077,766.1778501489351
-474.89669943181207,669.4306117445991,1465.1895136137814
-510.9165491145593,667.251017206333,1063.0622917898334
-494.6644132008598,579.7299653475447,785.030034417429
-494.8378382570463,539.9346333647022,743.7758318901109
-540.159510384836,540.6642843470083,776.5665186025371
-435.60487979466643,541.1041202518197,1065.8704345723197
-507.49329798553845,575.8297429651411,1118.32910025856
-493.15789682795867,558.9970180755072,1246.3898195326321
-538.3230051599417,632.4184742348225,808.2371170136305
-539.163799414888,688.5900539399331,1451.3432834746584
-490.22113906747086,555.2690737534758,762.9457306136694
-451.79983024011335,428.7174215471871,992.5868910907748
-495.95190367911846,589.0596525454071,1167.0441763567485
-492.3650066993673,622.6866366019775,872.1938270485178
-494.66021022746827,580.0448315244616,1069.163
-496.74171697631573,940.2725542151741,1553.5326570006343
-446.8252985793024,411.10628353483094,1195.6213865904456
-496.25558905275443,580.8883162357643,953.7828513056986
-547.1097964339326,670.802236699526,806.1418741685733
-494.67556694267114,580.032942447498,1260.5546
-457.35421775596797,561.8982991605737,951.0859500225675
-459.2616380693803,562.8291502601742,863.88268922218
-471.88776130919223,587.5334699327307,1070.8975543686329
-517.48790766615,651.9689811235356,1040.2066746494336
-507.95669731811074,575.686623818493,1185.9813655567123
-491.890382715274,583.1927700703404,1449.0019280424822
-523.5076188713381,619.3471395515319,757.7422579966506
-490.71383848129153,568.7745829982177,808.0510476462291
-490.36450661215395,689.6488147826715,822.6006490288701
-523.135070873336,618.8554755433797,738.7826187402522
-493.24983299360997,566.5453229815757,807.8122039513462
-494.66549004591866,580.0487507511389,947.1892000000007
-482.2164757715368,567.1529412026288,650.296877923558
-495.5357638011574,540.3137732495932,989.7721250637142
-494.6490895547495,580.0351715843935,864.0436000000001
-494.4667639351319,573.7017019106506,544.1263517030106
-429.6290228611224,598.0918244593793,1107.280391976568
-509.1955098839196,478.6107571408234,901.3601148610974
-495.38753522836487,498.37705354971877,686.9161671244301
-488.00891544032265,735.4103961417486,1283.807515713099
-534.4471616187957,679.8811840853027,835.8124517775948
-524.4779021957766,581.805910695627,1237.475387127846
-492.74033259706175,675.1338736586097,897.3220843189694
-565.644945048422,584.6918395709865,1169.9517107749764
-492.9228879579796,659.6725312189342,1053.273771666008
-537.4725856374444,542.983919418966,686.1733774249931
-511.91722407998805,864.4116821909004,1901.2192203458064
-494.7399203772384,577.3904305463541,1269.7037490563384
-516.7466184972166,470.9130466363208,884.4498989018459
-494.7409484112809,577.5059835451241,1183.381352142585
-476.5188934398652,637.7382123644466,1715.010119559465
-482.07851653921034,579.4155325235894,932.3782725732895
-518.1856498905627,728.383043684523,881.3553981617897
-494.6818295514431,580.0402490537621,972.54044
-498.9133334367889,694.1330057791142,1345.1095899026038
-494.8224875397523,542.2494125771339,657.4582592020123
-494.95369862503776,565.9043541095257,830.466070155625
-558.2399847316615,576.9983796980828,812.7079492851112
-495.39134475536366,586.550437069589,723.1503073924467
-530.5712957534647,577.3008806117018,1002.0798087592427
-524.1806394684256,578.3090146501554,416.8312012451011
-495.53834604575695,622.4502498366462,982.7524201059178
-510.14458945066144,497.5770420353524,336.2797907165258
-657.1549992046239,667.9066722331736,617.5450432844
-491.64663341577034,548.1385440857509,1133.2602088752028
-490.8146041914629,768.0099971374368,1313.1124743776354
-520.159819576571,524.7395453825682,1071.5953913066219
-546.2967980735039,633.7176005183175,1149.5437585648751
-511.4777502213992,490.50684361863773,429.67449498456347
-494.7319443419956,573.210040373125,818.504584158672
-577.6246217524986,639.5444271695187,955.2243382239867
-547.3046470519812,582.7565528593109,630.2297718473371
-486.0137114675472,492.24660173523773,608.7041749592076
-664.1162477406956,671.6756955202693,676.2627644441991
-492.2429791027289,582.7893874903066,1177.9831679565536
-490.8146301123222,681.0019423594597,1155.7899493179443
-476.0619636124061,588.5077216358782,1043.8591130299465
-494.66822978525397,580.0495861314214,904.8998
1303.971204294996,621.3299652766138,-807.7242462317954
-495.11541575532533,588.033361066661,934.6294409347112
-564.2844557959229,629.9596245357743,680.2242598821856
-494.67119501206616,580.0451143447624,806.7782000000001
-573.9903686265038,589.2333110333827,506.5144492016867
-513.9188271050348,608.3924710667014,880.3936791208695
-510.4773811778973,699.3246540806394,1171.1195503171627
-543.3671834239649,578.8819586519712,1317.0185967419234
-494.6559060030563,580.054469059753,718.2368
-560.3906713632798,592.4496793783819,268.8350193366926
-494.39291783624594,490.1409239211496,777.4369289699112
-494.12466351172657,630.7673936678551,976.7024113764663
-471.22216194043585,499.5998578030026,1530.644066101083
-496.18741236206824,522.1879341888741,1075.2016429999292
-530.9075472787026,611.4655714962121,751.6663708444814
-502.5269512786799,585.4561643436109,888.2570982581071
-494.67367871616625,580.0476074725506,828.9736800000001
-546.1507080067445,528.1967946088139,793.9650840529114
-555.6321089411485,577.1235342829411,748.6040929129833
-477.06542138050963,636.0077985492269,1640.7148762552208
-494.7664598629101,585.4633559018823,780.2387773977882
-495.97093925191007,589.1637999250734,1186.3503416905057
-501.3268168073273,510.2857264536947,1034.6007066483417
-493.06586638805265,633.8948647130187,1014.7239468532864
-505.11071766273835,589.634565892336,687.1227811557235
-528.1107338806337,560.215481184199,686.9192505966932
-519.0027916773229,581.477083297725,872.8316106278002
-501.6560712421392,723.3314544740715,1148.8260473765636
-506.8344480168096,495.2225629787849,630.5076809996183
-493.95092482811515,609.113310311838,883.4567827524368
-549.5360825096836,674.9687960924643,877.7566176024043
-525.5128583711144,636.9984805850563,718.8592397961636
-496.80561456220494,616.384118120629,949.5049894419645
-468.72308460423665,542.8112460786534,1052.3636474234947
-476.5745554384189,555.3171535997199,1194.0470366526579
-484.1369811205609,600.9903257352114,1270.6675762239577
-514.590923884793,609.3343573861204,935.1234513794159
-492.9938684156584,514.7890115209742,973.0148407840738
-520.8155577049222,484.74748958580767,1099.5793094342323
-543.7559783327156,578.8725944003882,1333.8058011179844
-490.35058509805344,567.7528463473818,949.9618649143947
-478.6977491966172,454.9659842708056,734.380930975013
-490.2906867478532,691.2858603340817,845.928702491482
-548.9682573778041,599.6339203233981,554.7553743290725
-495.266397044669,589.5463725814132,1157.867127261028
-496.19670298676124,684.8572857341203,1081.6238916385626
-491.99983322480966,613.2547046243285,713.8933770613921
-494.5132836656078,540.5672647417732,830.992818588548
-494.6782215203632,580.0388173947666,709.15092
-545.9633207173365,532.0485099918553,1223.3576357010181
-491.9015213106454,553.2606898866688,717.6186233216049
-492.9904751611566,614.6451431653602,1038.2336117341617
-527.4210214379864,581.9845635270648,805.1974153028114
-501.8465928877281,584.9653793182586,742.3182335584023
-539.6961146386968,734.5394315181093,1517.8205726650165
-493.91208334371595,549.1245010235373,931.4613578869152
-495.10137751978027,587.6358138570258,850.3542259540154
-488.1217268070541,732.8906721239116,1250.7482496449625
-494.6679067686023,580.040128713714,613.6651999999999
-494.67320685787854,588.1051329238943,880.2695902020749
-552.3312588528238,491.6946855551016,880.5289024208008
-485.23641985842323,724.5618520365716,1143.7658443829687
-494.6285254949453,571.0230585587927,1027.2564325529625
-495.5381039908002,598.8057497142611,1395.9580500961113
-575.9314346819624,709.8473655944797,595.7007770163691
-568.6390208549376,594.0001287082891,396.7829189104997
-536.2675314556502,528.9244147641491,850.3691591598349
-494.0084328684402,583.893194068361,1240.5640812382344
-473.01961347879114,487.11125964946376,923.3686795900126
-501.7548095022903,594.8169884421238,745.6424777583002
-505.6352384244133,730.8756874044875,1789.6151626369356
-494.66262593953934,580.0449753283376,838.9440000000001
-522.3766435130924,586.820503334156,737.3848815654757
-517.1007312259685,625.878363997999,1340.226418305831
-491.98662885902513,583.0904845656023,1386.459169865526
-526.955805694317,665.4401021267472,824.0690721270468
-498.77757235253694,486.3040793621468,1078.7942551778433
-494.67564014365826,580.0456933128779,788.032
-493.9547591139867,608.7288571362792,862.2067320234854
-490.8430663973363,766.4694512060385,1296.091704918122
-551.5227922668746,652.1583388935301,725.5613384213347
-494.6716043236329,588.008594638272,860.3610414074976
-474.54582719162227,510.9720860718588,701.0777306730116
-494.08652205622207,633.4711575559376,1068.6036753774247
-495.7264059862332,557.656737589032,790.8576792527589
-494.41464378024784,559.1488888039199,780.6941363315354
-552.13596372865,606.0758890804308,727.5272607315699
-494.6769529925125,580.0668918308406,1254.8715
-541.4798424600344,583.0997357334821,654.2275787102101
-666.4325016474677,672.9258614495577,695.8361188357751
-488.37884263190244,619.2223928654191,897.9651412690899
-492.18819998881463,645.5293852912176,1099.0585052999654
-463.5225564858224,576.4320501397724,992.2037100884797
-472.1388650740573,587.4491894086034,1052.0782415308795
-517.3118874688093,722.7074688408745,819.0118254680776
-494.68309947319585,580.0404819774826,1008.1986800000009
-495.6518018852739,473.54338217600883,1085.1527828531591
-533.4670811754036,605.372768675359,1224.5309051805193
-492.7090679066978,551.9845139179158,1113.8070800448622
-526.3396763162168,572.2602304504967,882.6091586086918
-514.5759027489487,540.6594030016347,648.2826070856097
-494.7384884624216,577.6486235294012,1075.478353148443
-494.6655984492554,580.0569904682689,956.015
-494.6609074194589,580.0505441680093,994.521000000001
-548.7030414966107,520.8651561223674,888.1281757960116
-494.665592827821,580.048579090952,1091.488
-494.68267978175027,580.0368147217114,1012.0310000000001
-565.2870672277186,676.8175053305245,1064.6834557345821
-490.54872977117134,540.7221947730281,976.1884288266526
-502.30131986322954,597.6840141615203,1322.7954744835504
-502.4337817621267,585.3867009476523,867.4086655318952
-473.587747565417,580.1870362166155,1135.161515324573
-494.4255971561365,570.5729471008838,714.2363023993053
-562.5551958269234,586.9153451868449,762.8454753331368
-564.2799773027741,587.0924407401207,801.2013340743672
-457.63546097254493,528.168076924574,816.4507506513226
-501.7177004129021,579.202227963624,1141.0091535614188
-494.21185875868764,603.7369479085294,1052.8826926401684
-494.6710334619215,580.048815339012,955.0120000000001
-517.7610844601716,627.2021538731876,1401.1758265596177
-496.52742000600733,580.3825368936177,1242.0123277680796
-494.6241458005802,581.1715243413472,919.0033674393042
-525.2112054129493,561.9423108385674,562.0713040347788
-495.8742583183325,588.5134189620817,1051.2067469993317
-445.05703368392255,556.6948778494861,918.5427439223446
-492.6674729967099,665.2850263638934,947.0143494156827
-508.63319868970257,640.0579598115767,1158.6610171170644
-490.75223990854147,647.6579264754077,1219.140981775055
-254.5090636215923,504.016472942576,1225.7378689956063
-430.85209376653984,685.2872040850755,1272.2984985410337
-530.9141875177615,563.2745217602078,958.3461740485362
-494.6473719189421,580.049142493807,1063.059
-514.5995427412079,570.6940539270167,804.422534375109
-469.76730330187104,476.3848776945724,797.945606792609
-528.8577039342113,577.4197244822876,918.2541664397925
-494.4617581316754,573.5013846001118,584.9755503000908
-487.68821207842984,579.6366386418874,689.8506218864472
-546.2837726940422,613.9258571697662,631.2436841382624
-510.65807494951196,748.533640695907,1364.806881355576
-567.392839556946,588.4700397131814,401.8898202870338
-494.41885349219,558.865902478996,800.7459556578681
-556.1296958126773,688.1558522952757,1129.6522491651804
-556.7669950724721,689.3158717897256,1149.582449541453
-490.8310568624979,543.4967220892472,854.3704967458054
-532.525213090719,675.0707948444292,759.2349864921127
-494.66385703729475,580.043911563514,985.2354
-552.4767955508332,552.0248129781646,112.92126900384363
-621.6884102422409,850.7933705057194,707.8271856572344
-436.9507156854538,542.010527831922,1023.9577212464058
-494.36934148932005,586.7470976571651,459.2349491333573
-490.6091161899317,531.6648290910349,893.7168848107558
-494.4976474613147,539.1285059649056,888.5228498221701
-522.1015770671038,710.8398024594846,1130.3411590672515
-494.98864165215537,603.2482250990292,901.7825220293288
-550.5904248585339,689.8156390245251,1137.3609910550101
-521.306534364544,522.252141972318,1153.8251471134981
-516.9972244984533,650.3887704340201,1001.1270744987988
-490.5858490950918,541.1847400432093,955.8854154471246
-493.7516697823812,640.8243880812722,1125.552335342605
-545.914576496489,668.7147950076628,770.3341922847391
-541.5121436201573,539.4868884666723,821.7622268657394
-544.1531228012145,595.0875337550734,824.3228595868786
